
===== rvx.dlib =====
****************************************
Report : library
Library: rvx.dlib
Version: W-2024.09-SP3
Date   : Thu Aug  6 12:26:28 2026
****************************************

Full name: /home/inf01185/matheus.almeida/ci-expert/6-riscv-rvx/fc/rvx.dlib:rvx.dlib
File name: /home/inf01185/matheus.almeida/ci-expert/6-riscv-rvx/fc/rvx.dlib
Design count: 0
No timing data.




===== saed32rvt_c =====
****************************************
Report : library
Library: saed32rvt_c
Version: W-2024.09-SP3
Date   : Thu Aug  6 12:26:28 2026
****************************************

Full name: /home/inf01185/matheus.almeida/ci-expert/6-riscv-rvx/01_Lab_pads/saed32rvt_c:saed32rvt_c
File name: /home/inf01185/matheus.almeida/ci-expert/6-riscv-rvx/01_Lab_pads/saed32rvt_c
Design count: 294

--------------------------------------------------------------------------------
** Timing Data:

Power rails:

Index  Name        Type
  0    <default>   power
  1    VDD         power
  2    VDDG        power
  3    VSS         ground

Pane count: 27

Pane 0:
  Process label: (none)
  Process number: 0.99
  Voltage rail count: 4
  Voltage for rail 0 (<default>): 0.95
  Voltage for rail 1 (VDD): 0.95
  Voltage for rail 2 (VDDG): 0.95
  Voltage for rail 3 (VSS): 0
  Temperature: -40

  Thresholds:
    r/f InputDelay: 0.5/0.5  r/f OutputDelay: 0.5/0.5
    l/h RiseTrans:  0.2/0.8  h/l FallTrans:   0.8/0.2
    TransDerate:    1

  Source .db file:
    /home/inf01185/matheus.almeida/ci-expert/6-riscv-rvx/01_Lab_pads/saed32rvt_c/saed32rvt_ss0p95vn40c.db



Pane 1:
  Process label: (none)
  Process number: 1.01
  Voltage rail count: 4
  Voltage for rail 0 (<default>): 0.85
  Voltage for rail 1 (VDD): 0.85
  Voltage for rail 2 (VDDG): 0.85
  Voltage for rail 3 (VSS): 0
  Temperature: 25

  Thresholds:
    r/f InputDelay: 0.5/0.5  r/f OutputDelay: 0.5/0.5
    l/h RiseTrans:  0.2/0.8  h/l FallTrans:   0.8/0.2
    TransDerate:    1

  Source .db file:
    /home/inf01185/matheus.almeida/ci-expert/6-riscv-rvx/01_Lab_pads/saed32rvt_c/saed32rvt_ff0p85v25c.db



Pane 2:
  Process label: (none)
  Process number: 1
  Voltage rail count: 4
  Voltage for rail 0 (<default>): 1.05
  Voltage for rail 1 (VDD): 1.05
  Voltage for rail 2 (VDDG): 1.05
  Voltage for rail 3 (VSS): 0
  Temperature: 25

  Thresholds:
    r/f InputDelay: 0.5/0.5  r/f OutputDelay: 0.5/0.5
    l/h RiseTrans:  0.2/0.8  h/l FallTrans:   0.8/0.2
    TransDerate:    1

  Source .db file:
    /home/inf01185/matheus.almeida/ci-expert/6-riscv-rvx/01_Lab_pads/saed32rvt_c/saed32rvt_tt1p05v25c.db



Pane 3:
  Process label: (none)
  Process number: 1.01
  Voltage rail count: 4
  Voltage for rail 0 (<default>): 1.16
  Voltage for rail 1 (VDD): 1.16
  Voltage for rail 2 (VDDG): 1.16
  Voltage for rail 3 (VSS): 0
  Temperature: 25

  Thresholds:
    r/f InputDelay: 0.5/0.5  r/f OutputDelay: 0.5/0.5
    l/h RiseTrans:  0.2/0.8  h/l FallTrans:   0.8/0.2
    TransDerate:    1

  Source .db file:
    /home/inf01185/matheus.almeida/ci-expert/6-riscv-rvx/01_Lab_pads/saed32rvt_c/saed32rvt_ff1p16v25c.db



Pane 4:
  Process label: (none)
  Process number: 0.99
  Voltage rail count: 4
  Voltage for rail 0 (<default>): 0.95
  Voltage for rail 1 (VDD): 0.95
  Voltage for rail 2 (VDDG): 0.95
  Voltage for rail 3 (VSS): 0
  Temperature: 125

  Thresholds:
    r/f InputDelay: 0.5/0.5  r/f OutputDelay: 0.5/0.5
    l/h RiseTrans:  0.2/0.8  h/l FallTrans:   0.8/0.2
    TransDerate:    1

  Source .db file:
    /home/inf01185/matheus.almeida/ci-expert/6-riscv-rvx/01_Lab_pads/saed32rvt_c/saed32rvt_ss0p95v125c.db



Pane 5:
  Process label: (none)
  Process number: 1.01
  Voltage rail count: 4
  Voltage for rail 0 (<default>): 0.95
  Voltage for rail 1 (VDD): 0.95
  Voltage for rail 2 (VDDG): 0.95
  Voltage for rail 3 (VSS): 0
  Temperature: -40

  Thresholds:
    r/f InputDelay: 0.5/0.5  r/f OutputDelay: 0.5/0.5
    l/h RiseTrans:  0.2/0.8  h/l FallTrans:   0.8/0.2
    TransDerate:    1

  Source .db file:
    /home/inf01185/matheus.almeida/ci-expert/6-riscv-rvx/01_Lab_pads/saed32rvt_c/saed32rvt_ff0p95vn40c.db



Pane 6:
  Process label: (none)
  Process number: 0.99
  Voltage rail count: 4
  Voltage for rail 0 (<default>): 0.7
  Voltage for rail 1 (VDD): 0.7
  Voltage for rail 2 (VDDG): 0.7
  Voltage for rail 3 (VSS): 0
  Temperature: -40

  Thresholds:
    r/f InputDelay: 0.5/0.5  r/f OutputDelay: 0.5/0.5
    l/h RiseTrans:  0.2/0.8  h/l FallTrans:   0.8/0.2
    TransDerate:    1

  Source .db file:
    /home/inf01185/matheus.almeida/ci-expert/6-riscv-rvx/01_Lab_pads/saed32rvt_c/saed32rvt_ss0p7vn40c.db



Pane 7:
  Process label: (none)
  Process number: 1
  Voltage rail count: 4
  Voltage for rail 0 (<default>): 1.05
  Voltage for rail 1 (VDD): 1.05
  Voltage for rail 2 (VDDG): 1.05
  Voltage for rail 3 (VSS): 0
  Temperature: 125

  Thresholds:
    r/f InputDelay: 0.5/0.5  r/f OutputDelay: 0.5/0.5
    l/h RiseTrans:  0.2/0.8  h/l FallTrans:   0.8/0.2
    TransDerate:    1

  Source .db file:
    /home/inf01185/matheus.almeida/ci-expert/6-riscv-rvx/01_Lab_pads/saed32rvt_c/saed32rvt_tt1p05v125c.db



Pane 8:
  Process label: (none)
  Process number: 1
  Voltage rail count: 4
  Voltage for rail 0 (<default>): 1.05
  Voltage for rail 1 (VDD): 1.05
  Voltage for rail 2 (VDDG): 1.05
  Voltage for rail 3 (VSS): 0
  Temperature: -40

  Thresholds:
    r/f InputDelay: 0.5/0.5  r/f OutputDelay: 0.5/0.5
    l/h RiseTrans:  0.2/0.8  h/l FallTrans:   0.8/0.2
    TransDerate:    1

  Source .db file:
    /home/inf01185/matheus.almeida/ci-expert/6-riscv-rvx/01_Lab_pads/saed32rvt_c/saed32rvt_tt1p05vn40c.db



Pane 9:
  Process label: (none)
  Process number: 1
  Voltage rail count: 4
  Voltage for rail 0 (<default>): 0.85
  Voltage for rail 1 (VDD): 0.85
  Voltage for rail 2 (VDDG): 0.85
  Voltage for rail 3 (VSS): 0
  Temperature: 125

  Thresholds:
    r/f InputDelay: 0.5/0.5  r/f OutputDelay: 0.5/0.5
    l/h RiseTrans:  0.2/0.8  h/l FallTrans:   0.8/0.2
    TransDerate:    1

  Source .db file:
    /home/inf01185/matheus.almeida/ci-expert/6-riscv-rvx/01_Lab_pads/saed32rvt_c/saed32rvt_tt0p85v125c.db



Pane 10:
  Process label: (none)
  Process number: 1
  Voltage rail count: 4
  Voltage for rail 0 (<default>): 0.85
  Voltage for rail 1 (VDD): 0.85
  Voltage for rail 2 (VDDG): 0.85
  Voltage for rail 3 (VSS): 0
  Temperature: -40

  Thresholds:
    r/f InputDelay: 0.5/0.5  r/f OutputDelay: 0.5/0.5
    l/h RiseTrans:  0.2/0.8  h/l FallTrans:   0.8/0.2
    TransDerate:    1

  Source .db file:
    /home/inf01185/matheus.almeida/ci-expert/6-riscv-rvx/01_Lab_pads/saed32rvt_c/saed32rvt_tt0p85vn40c.db



Pane 11:
  Process label: (none)
  Process number: 1
  Voltage rail count: 4
  Voltage for rail 0 (<default>): 0.85
  Voltage for rail 1 (VDD): 0.85
  Voltage for rail 2 (VDDG): 0.85
  Voltage for rail 3 (VSS): 0
  Temperature: 25

  Thresholds:
    r/f InputDelay: 0.5/0.5  r/f OutputDelay: 0.5/0.5
    l/h RiseTrans:  0.2/0.8  h/l FallTrans:   0.8/0.2
    TransDerate:    1

  Source .db file:
    /home/inf01185/matheus.almeida/ci-expert/6-riscv-rvx/01_Lab_pads/saed32rvt_c/saed32rvt_tt0p85v25c.db



Pane 12:
  Process label: (none)
  Process number: 0.99
  Voltage rail count: 4
  Voltage for rail 0 (<default>): 0.7
  Voltage for rail 1 (VDD): 0.7
  Voltage for rail 2 (VDDG): 0.7
  Voltage for rail 3 (VSS): 0
  Temperature: 25

  Thresholds:
    r/f InputDelay: 0.5/0.5  r/f OutputDelay: 0.5/0.5
    l/h RiseTrans:  0.2/0.8  h/l FallTrans:   0.8/0.2
    TransDerate:    1

  Source .db file:
    /home/inf01185/matheus.almeida/ci-expert/6-riscv-rvx/01_Lab_pads/saed32rvt_c/saed32rvt_ss0p7v25c.db



Pane 13:
  Process label: (none)
  Process number: 1
  Voltage rail count: 4
  Voltage for rail 0 (<default>): 0.78
  Voltage for rail 1 (VDD): 0.78
  Voltage for rail 2 (VDDG): 0.78
  Voltage for rail 3 (VSS): 0
  Temperature: -40

  Thresholds:
    r/f InputDelay: 0.5/0.5  r/f OutputDelay: 0.5/0.5
    l/h RiseTrans:  0.2/0.8  h/l FallTrans:   0.8/0.2
    TransDerate:    1

  Source .db file:
    /home/inf01185/matheus.almeida/ci-expert/6-riscv-rvx/01_Lab_pads/saed32rvt_c/saed32rvt_tt0p78vn40c.db



Pane 14:
  Process label: (none)
  Process number: 1.01
  Voltage rail count: 4
  Voltage for rail 0 (<default>): 0.85
  Voltage for rail 1 (VDD): 0.85
  Voltage for rail 2 (VDDG): 0.85
  Voltage for rail 3 (VSS): 0
  Temperature: -40

  Thresholds:
    r/f InputDelay: 0.5/0.5  r/f OutputDelay: 0.5/0.5
    l/h RiseTrans:  0.2/0.8  h/l FallTrans:   0.8/0.2
    TransDerate:    1

  Source .db file:
    /home/inf01185/matheus.almeida/ci-expert/6-riscv-rvx/01_Lab_pads/saed32rvt_c/saed32rvt_ff0p85vn40c.db



Pane 15:
  Process label: (none)
  Process number: 1.01
  Voltage rail count: 4
  Voltage for rail 0 (<default>): 0.95
  Voltage for rail 1 (VDD): 0.95
  Voltage for rail 2 (VDDG): 0.95
  Voltage for rail 3 (VSS): 0
  Temperature: 125

  Thresholds:
    r/f InputDelay: 0.5/0.5  r/f OutputDelay: 0.5/0.5
    l/h RiseTrans:  0.2/0.8  h/l FallTrans:   0.8/0.2
    TransDerate:    1

  Source .db file:
    /home/inf01185/matheus.almeida/ci-expert/6-riscv-rvx/01_Lab_pads/saed32rvt_c/saed32rvt_ff0p95v125c.db



Pane 16:
  Process label: (none)
  Process number: 0.99
  Voltage rail count: 4
  Voltage for rail 0 (<default>): 0.75
  Voltage for rail 1 (VDD): 0.75
  Voltage for rail 2 (VDDG): 0.75
  Voltage for rail 3 (VSS): 0
  Temperature: -40

  Thresholds:
    r/f InputDelay: 0.5/0.5  r/f OutputDelay: 0.5/0.5
    l/h RiseTrans:  0.2/0.8  h/l FallTrans:   0.8/0.2
    TransDerate:    1

  Source .db file:
    /home/inf01185/matheus.almeida/ci-expert/6-riscv-rvx/01_Lab_pads/saed32rvt_c/saed32rvt_ss0p75vn40c.db



Pane 17:
  Process label: (none)
  Process number: 0.99
  Voltage rail count: 4
  Voltage for rail 0 (<default>): 0.95
  Voltage for rail 1 (VDD): 0.95
  Voltage for rail 2 (VDDG): 0.95
  Voltage for rail 3 (VSS): 0
  Temperature: 25

  Thresholds:
    r/f InputDelay: 0.5/0.5  r/f OutputDelay: 0.5/0.5
    l/h RiseTrans:  0.2/0.8  h/l FallTrans:   0.8/0.2
    TransDerate:    1

  Source .db file:
    /home/inf01185/matheus.almeida/ci-expert/6-riscv-rvx/01_Lab_pads/saed32rvt_c/saed32rvt_ss0p95v25c.db



Pane 18:
  Process label: (none)
  Process number: 0.99
  Voltage rail count: 4
  Voltage for rail 0 (<default>): 0.75
  Voltage for rail 1 (VDD): 0.75
  Voltage for rail 2 (VDDG): 0.75
  Voltage for rail 3 (VSS): 0
  Temperature: 25

  Thresholds:
    r/f InputDelay: 0.5/0.5  r/f OutputDelay: 0.5/0.5
    l/h RiseTrans:  0.2/0.8  h/l FallTrans:   0.8/0.2
    TransDerate:    1

  Source .db file:
    /home/inf01185/matheus.almeida/ci-expert/6-riscv-rvx/01_Lab_pads/saed32rvt_c/saed32rvt_ss0p75v25c.db



Pane 19:
  Process label: (none)
  Process number: 1.01
  Voltage rail count: 4
  Voltage for rail 0 (<default>): 1.16
  Voltage for rail 1 (VDD): 1.16
  Voltage for rail 2 (VDDG): 1.16
  Voltage for rail 3 (VSS): 0
  Temperature: 125

  Thresholds:
    r/f InputDelay: 0.5/0.5  r/f OutputDelay: 0.5/0.5
    l/h RiseTrans:  0.2/0.8  h/l FallTrans:   0.8/0.2
    TransDerate:    1

  Source .db file:
    /home/inf01185/matheus.almeida/ci-expert/6-riscv-rvx/01_Lab_pads/saed32rvt_c/saed32rvt_ff1p16v125c.db



Pane 20:
  Process label: (none)
  Process number: 1.01
  Voltage rail count: 4
  Voltage for rail 0 (<default>): 0.95
  Voltage for rail 1 (VDD): 0.95
  Voltage for rail 2 (VDDG): 0.95
  Voltage for rail 3 (VSS): 0
  Temperature: 25

  Thresholds:
    r/f InputDelay: 0.5/0.5  r/f OutputDelay: 0.5/0.5
    l/h RiseTrans:  0.2/0.8  h/l FallTrans:   0.8/0.2
    TransDerate:    1

  Source .db file:
    /home/inf01185/matheus.almeida/ci-expert/6-riscv-rvx/01_Lab_pads/saed32rvt_c/saed32rvt_ff0p95v25c.db



Pane 21:
  Process label: (none)
  Process number: 0.99
  Voltage rail count: 4
  Voltage for rail 0 (<default>): 0.7
  Voltage for rail 1 (VDD): 0.7
  Voltage for rail 2 (VDDG): 0.7
  Voltage for rail 3 (VSS): 0
  Temperature: 125

  Thresholds:
    r/f InputDelay: 0.5/0.5  r/f OutputDelay: 0.5/0.5
    l/h RiseTrans:  0.2/0.8  h/l FallTrans:   0.8/0.2
    TransDerate:    1

  Source .db file:
    /home/inf01185/matheus.almeida/ci-expert/6-riscv-rvx/01_Lab_pads/saed32rvt_c/saed32rvt_ss0p7v125c.db



Pane 22:
  Process label: (none)
  Process number: 1.01
  Voltage rail count: 4
  Voltage for rail 0 (<default>): 1.16
  Voltage for rail 1 (VDD): 1.16
  Voltage for rail 2 (VDDG): 1.16
  Voltage for rail 3 (VSS): 0
  Temperature: -40

  Thresholds:
    r/f InputDelay: 0.5/0.5  r/f OutputDelay: 0.5/0.5
    l/h RiseTrans:  0.2/0.8  h/l FallTrans:   0.8/0.2
    TransDerate:    1

  Source .db file:
    /home/inf01185/matheus.almeida/ci-expert/6-riscv-rvx/01_Lab_pads/saed32rvt_c/saed32rvt_ff1p16vn40c.db



Pane 23:
  Process label: (none)
  Process number: 1
  Voltage rail count: 4
  Voltage for rail 0 (<default>): 0.78
  Voltage for rail 1 (VDD): 0.78
  Voltage for rail 2 (VDDG): 0.78
  Voltage for rail 3 (VSS): 0
  Temperature: 125

  Thresholds:
    r/f InputDelay: 0.5/0.5  r/f OutputDelay: 0.5/0.5
    l/h RiseTrans:  0.2/0.8  h/l FallTrans:   0.8/0.2
    TransDerate:    1

  Source .db file:
    /home/inf01185/matheus.almeida/ci-expert/6-riscv-rvx/01_Lab_pads/saed32rvt_c/saed32rvt_tt0p78v125c.db



Pane 24:
  Process label: (none)
  Process number: 1
  Voltage rail count: 4
  Voltage for rail 0 (<default>): 0.78
  Voltage for rail 1 (VDD): 0.78
  Voltage for rail 2 (VDDG): 0.78
  Voltage for rail 3 (VSS): 0
  Temperature: 25

  Thresholds:
    r/f InputDelay: 0.5/0.5  r/f OutputDelay: 0.5/0.5
    l/h RiseTrans:  0.2/0.8  h/l FallTrans:   0.8/0.2
    TransDerate:    1

  Source .db file:
    /home/inf01185/matheus.almeida/ci-expert/6-riscv-rvx/01_Lab_pads/saed32rvt_c/saed32rvt_tt0p78v25c.db



Pane 25:
  Process label: (none)
  Process number: 0.99
  Voltage rail count: 4
  Voltage for rail 0 (<default>): 0.75
  Voltage for rail 1 (VDD): 0.75
  Voltage for rail 2 (VDDG): 0.75
  Voltage for rail 3 (VSS): 0
  Temperature: 125

  Thresholds:
    r/f InputDelay: 0.5/0.5  r/f OutputDelay: 0.5/0.5
    l/h RiseTrans:  0.2/0.8  h/l FallTrans:   0.8/0.2
    TransDerate:    1

  Source .db file:
    /home/inf01185/matheus.almeida/ci-expert/6-riscv-rvx/01_Lab_pads/saed32rvt_c/saed32rvt_ss0p75v125c.db



Pane 26:
  Process label: (none)
  Process number: 1.01
  Voltage rail count: 4
  Voltage for rail 0 (<default>): 0.85
  Voltage for rail 1 (VDD): 0.85
  Voltage for rail 2 (VDDG): 0.85
  Voltage for rail 3 (VSS): 0
  Temperature: 125

  Thresholds:
    r/f InputDelay: 0.5/0.5  r/f OutputDelay: 0.5/0.5
    l/h RiseTrans:  0.2/0.8  h/l FallTrans:   0.8/0.2
    TransDerate:    1

  Source .db file:
    /home/inf01185/matheus.almeida/ci-expert/6-riscv-rvx/01_Lab_pads/saed32rvt_c/saed32rvt_ff0p85v125c.db




Data Model Existence : 
  nlpm,nldm 


Source .db libraries:
  saed32rvt_ss0p95vn40c.db:saed32rvt_ss0p95vn40c
  saed32rvt_ff0p85v25c.db:saed32rvt_ff0p85v25c
  saed32rvt_tt1p05v25c.db:saed32rvt_tt1p05v25c
  saed32rvt_ff1p16v25c.db:saed32rvt_ff1p16v25c
  saed32rvt_ss0p95v125c.db:saed32rvt_ss0p95v125c
  saed32rvt_ff0p95vn40c.db:saed32rvt_ff0p95vn40c
  saed32rvt_ss0p7vn40c.db:saed32rvt_ss0p7vn40c
  saed32rvt_tt1p05v125c.db:saed32rvt_tt1p05v125c
  saed32rvt_tt1p05vn40c.db:saed32rvt_tt1p05vn40c
  saed32rvt_tt0p85v125c.db:saed32rvt_tt0p85v125c
  saed32rvt_tt0p85vn40c.db:saed32rvt_tt0p85vn40c
  saed32rvt_tt0p85v25c.db:saed32rvt_tt0p85v25c
  saed32rvt_ss0p7v25c.db:saed32rvt_ss0p7v25c
  saed32rvt_tt0p78vn40c.db:saed32rvt_tt0p78vn40c
  saed32rvt_ff0p85vn40c.db:saed32rvt_ff0p85vn40c
  saed32rvt_ff0p95v125c.db:saed32rvt_ff0p95v125c
  saed32rvt_ss0p75vn40c.db:saed32rvt_ss0p75vn40c
  saed32rvt_ss0p95v25c.db:saed32rvt_ss0p95v25c
  saed32rvt_ss0p75v25c.db:saed32rvt_ss0p75v25c
  saed32rvt_ff1p16v125c.db:saed32rvt_ff1p16v125c
  saed32rvt_ff0p95v25c.db:saed32rvt_ff0p95v25c
  saed32rvt_ss0p7v125c.db:saed32rvt_ss0p7v125c
  saed32rvt_ff1p16vn40c.db:saed32rvt_ff1p16vn40c
  saed32rvt_tt0p78v125c.db:saed32rvt_tt0p78v125c
  saed32rvt_tt0p78v25c.db:saed32rvt_tt0p78v25c
  saed32rvt_ss0p75v125c.db:saed32rvt_ss0p75v125c
  saed32rvt_ff0p85v125c.db:saed32rvt_ff0p85v125c


Operating Conditions:

   Name                 Process   Label                Temp      Voltage   Original DB Name     Original DB Filename Pane#    Status
   -------------------------------------------------------------------------------------------------------------------------------------------------------------------
   ss0p95vn40c          0.99      (none)               -40.00    0.95      saed32rvt_ss0p95vn40c
                                                                                                saed32rvt_ss0p95vn40c.db
                                                                                                                     0        active
   ff0p85v25c           1.01      (none)               25.00     0.85      saed32rvt_ff0p85v25c saed32rvt_ff0p85v25c.db
                                                                                                                     1        active
   tt1p05v25c           1.00      (none)               25.00     1.05      saed32rvt_tt1p05v25c saed32rvt_tt1p05v25c.db
                                                                                                                     2        active
   ff1p16v25c           1.01      (none)               25.00     1.16      saed32rvt_ff1p16v25c saed32rvt_ff1p16v25c.db
                                                                                                                     3        active
   ss0p95v125c          0.99      (none)               125.00    0.95      saed32rvt_ss0p95v125c
                                                                                                saed32rvt_ss0p95v125c.db
                                                                                                                     4        active
   ff0p95vn40c          1.01      (none)               -40.00    0.95      saed32rvt_ff0p95vn40c
                                                                                                saed32rvt_ff0p95vn40c.db
                                                                                                                     5        active
   ss0p7vn40c           0.99      (none)               -40.00    0.70      saed32rvt_ss0p7vn40c saed32rvt_ss0p7vn40c.db
                                                                                                                     6        active
   tt1p05v125c          1.00      (none)               125.00    1.05      saed32rvt_tt1p05v125c
                                                                                                saed32rvt_tt1p05v125c.db
                                                                                                                     7        active
   tt1p05vn40c          1.00      (none)               -40.00    1.05      saed32rvt_tt1p05vn40c
                                                                                                saed32rvt_tt1p05vn40c.db
                                                                                                                     8        active
   tt0p85v125c          1.00      (none)               125.00    0.85      saed32rvt_tt0p85v125c
                                                                                                saed32rvt_tt0p85v125c.db
                                                                                                                     9        active
   tt0p85vn40c          1.00      (none)               -40.00    0.85      saed32rvt_tt0p85vn40c
                                                                                                saed32rvt_tt0p85vn40c.db
                                                                                                                     10       active
   tt0p85v25c           1.00      (none)               25.00     0.85      saed32rvt_tt0p85v25c saed32rvt_tt0p85v25c.db
                                                                                                                     11       active
   ss0p7v25c            0.99      (none)               25.00     0.70      saed32rvt_ss0p7v25c  saed32rvt_ss0p7v25c.db
                                                                                                                     12       active
   tt0p78vn40c          1.00      (none)               -40.00    0.78      saed32rvt_tt0p78vn40c
                                                                                                saed32rvt_tt0p78vn40c.db
                                                                                                                     13       active
   ff0p85vn40c          1.01      (none)               -40.00    0.85      saed32rvt_ff0p85vn40c
                                                                                                saed32rvt_ff0p85vn40c.db
                                                                                                                     14       active
   ff0p95v125c          1.01      (none)               125.00    0.95      saed32rvt_ff0p95v125c
                                                                                                saed32rvt_ff0p95v125c.db
                                                                                                                     15       active
   ss0p75vn40c          0.99      (none)               -40.00    0.75      saed32rvt_ss0p75vn40c
                                                                                                saed32rvt_ss0p75vn40c.db
                                                                                                                     16       active
   ss0p95v25c           0.99      (none)               25.00     0.95      saed32rvt_ss0p95v25c saed32rvt_ss0p95v25c.db
                                                                                                                     17       active
   ss0p75v25c           0.99      (none)               25.00     0.75      saed32rvt_ss0p75v25c saed32rvt_ss0p75v25c.db
                                                                                                                     18       active
   ff1p16v125c          1.01      (none)               125.00    1.16      saed32rvt_ff1p16v125c
                                                                                                saed32rvt_ff1p16v125c.db
                                                                                                                     19       active
   ff0p95v25c           1.01      (none)               25.00     0.95      saed32rvt_ff0p95v25c saed32rvt_ff0p95v25c.db
                                                                                                                     20       active
   ss0p7v125c           0.99      (none)               125.00    0.70      saed32rvt_ss0p7v125c saed32rvt_ss0p7v125c.db
                                                                                                                     21       active
   ff1p16vn40c          1.01      (none)               -40.00    1.16      saed32rvt_ff1p16vn40c
                                                                                                saed32rvt_ff1p16vn40c.db
                                                                                                                     22       active
   tt0p78v125c          1.00      (none)               125.00    0.78      saed32rvt_tt0p78v125c
                                                                                                saed32rvt_tt0p78v125c.db
                                                                                                                     23       active
   tt0p78v25c           1.00      (none)               25.00     0.78      saed32rvt_tt0p78v25c saed32rvt_tt0p78v25c.db
                                                                                                                     24       active
   ss0p75v125c          0.99      (none)               125.00    0.75      saed32rvt_ss0p75v125c
                                                                                                saed32rvt_ss0p75v125c.db
                                                                                                                     25       active
   ff0p85v125c          1.01      (none)               125.00    0.85      saed32rvt_ff0p85v125c
                                                                                                saed32rvt_ff0p85v125c.db
                                                                                                                     26       active

   Name                 Power Rail
   --------------------------------------------------------------------------------------------------------------------------------------
   ss0p95vn40c          ("VDD",0.95) ("VDDG",0.95) ("VSS",0.00) 
   ff0p85v25c           ("VDD",0.85) ("VDDG",0.85) ("VSS",0.00) 
   tt1p05v25c           ("VDD",1.05) ("VDDG",1.05) ("VSS",0.00) 
   ff1p16v25c           ("VDD",1.16) ("VDDG",1.16) ("VSS",0.00) 
   ss0p95v125c          ("VDD",0.95) ("VDDG",0.95) ("VSS",0.00) 
   ff0p95vn40c          ("VDD",0.95) ("VDDG",0.95) ("VSS",0.00) 
   ss0p7vn40c           ("VDD",0.70) ("VDDG",0.70) ("VSS",0.00) 
   tt1p05v125c          ("VDD",1.05) ("VDDG",1.05) ("VSS",0.00) 
   tt1p05vn40c          ("VDD",1.05) ("VDDG",1.05) ("VSS",0.00) 
   tt0p85v125c          ("VDD",0.85) ("VDDG",0.85) ("VSS",0.00) 
   tt0p85vn40c          ("VDD",0.85) ("VDDG",0.85) ("VSS",0.00) 
   tt0p85v25c           ("VDD",0.85) ("VDDG",0.85) ("VSS",0.00) 
   ss0p7v25c            ("VDD",0.70) ("VDDG",0.70) ("VSS",0.00) 
   tt0p78vn40c          ("VDD",0.78) ("VDDG",0.78) ("VSS",0.00) 
   ff0p85vn40c          ("VDD",0.85) ("VDDG",0.85) ("VSS",0.00) 
   ff0p95v125c          ("VDD",0.95) ("VDDG",0.95) ("VSS",0.00) 
   ss0p75vn40c          ("VDD",0.75) ("VDDG",0.75) ("VSS",0.00) 
   ss0p95v25c           ("VDD",0.95) ("VDDG",0.95) ("VSS",0.00) 
   ss0p75v25c           ("VDD",0.75) ("VDDG",0.75) ("VSS",0.00) 
   ff1p16v125c          ("VDD",1.16) ("VDDG",1.16) ("VSS",0.00) 
   ff0p95v25c           ("VDD",0.95) ("VDDG",0.95) ("VSS",0.00) 
   ss0p7v125c           ("VDD",0.70) ("VDDG",0.70) ("VSS",0.00) 
   ff1p16vn40c          ("VDD",1.16) ("VDDG",1.16) ("VSS",0.00) 
   tt0p78v125c          ("VDD",0.78) ("VDDG",0.78) ("VSS",0.00) 
   tt0p78v25c           ("VDD",0.78) ("VDDG",0.78) ("VSS",0.00) 
   ss0p75v125c          ("VDD",0.75) ("VDDG",0.75) ("VSS",0.00) 
   ff0p85v125c          ("VDD",0.85) ("VDDG",0.85) ("VSS",0.00) 




===== saed32rvt_pg_c =====
****************************************
Report : library
Library: saed32rvt_pg_c
Version: W-2024.09-SP3
Date   : Thu Aug  6 12:26:28 2026
****************************************

Full name: /home/inf01185/matheus.almeida/ci-expert/6-riscv-rvx/01_Lab_pads/saed32rvt_pg_c:saed32rvt_pg_c
File name: /home/inf01185/matheus.almeida/ci-expert/6-riscv-rvx/01_Lab_pads/saed32rvt_pg_c
Design count: 20

--------------------------------------------------------------------------------
** Timing Data:

Power rails:

Index  Name        Type
  0    <default>   power
  1    VDD         power
  2    VDDG        power
  3    VSS         ground
  4    VSSG        ground

Pane count: 27

Pane 0:
  Process label: (none)
  Process number: 1.01
  Voltage rail count: 5
  Voltage for rail 0 (<default>): 1.16
  Voltage for rail 1 (VDD): 1.16
  Voltage for rail 2 (VDDG): 1.16
  Voltage for rail 3 (VSS): 0
  Voltage for rail 4 (VSSG): 0
  Temperature: -40

  Thresholds:
    r/f InputDelay: 0.5/0.5  r/f OutputDelay: 0.5/0.5
    l/h RiseTrans:  0.2/0.8  h/l FallTrans:   0.8/0.2
    TransDerate:    1

  Source .db file:
    /home/inf01185/matheus.almeida/ci-expert/6-riscv-rvx/01_Lab_pads/saed32rvt_pg_c/saed32rvt_pg_ff1p16vn40c.db



Pane 1:
  Process label: (none)
  Process number: 1.01
  Voltage rail count: 5
  Voltage for rail 0 (<default>): 1.16
  Voltage for rail 1 (VDD): 1.16
  Voltage for rail 2 (VDDG): 1.16
  Voltage for rail 3 (VSS): 0
  Voltage for rail 4 (VSSG): 0
  Temperature: 25

  Thresholds:
    r/f InputDelay: 0.5/0.5  r/f OutputDelay: 0.5/0.5
    l/h RiseTrans:  0.2/0.8  h/l FallTrans:   0.8/0.2
    TransDerate:    1

  Source .db file:
    /home/inf01185/matheus.almeida/ci-expert/6-riscv-rvx/01_Lab_pads/saed32rvt_pg_c/saed32rvt_pg_ff1p16v25c.db



Pane 2:
  Process label: (none)
  Process number: 1.01
  Voltage rail count: 5
  Voltage for rail 0 (<default>): 0.85
  Voltage for rail 1 (VDD): 0.85
  Voltage for rail 2 (VDDG): 0.85
  Voltage for rail 3 (VSS): 0
  Voltage for rail 4 (VSSG): 0
  Temperature: 25

  Thresholds:
    r/f InputDelay: 0.5/0.5  r/f OutputDelay: 0.5/0.5
    l/h RiseTrans:  0.2/0.8  h/l FallTrans:   0.8/0.2
    TransDerate:    1

  Source .db file:
    /home/inf01185/matheus.almeida/ci-expert/6-riscv-rvx/01_Lab_pads/saed32rvt_pg_c/saed32rvt_pg_ff0p85v25c.db



Pane 3:
  Process label: (none)
  Process number: 0.99
  Voltage rail count: 5
  Voltage for rail 0 (<default>): 0.95
  Voltage for rail 1 (VDD): 0.95
  Voltage for rail 2 (VDDG): 0.95
  Voltage for rail 3 (VSS): 0
  Voltage for rail 4 (VSSG): 0
  Temperature: 125

  Thresholds:
    r/f InputDelay: 0.5/0.5  r/f OutputDelay: 0.5/0.5
    l/h RiseTrans:  0.2/0.8  h/l FallTrans:   0.8/0.2
    TransDerate:    1

  Source .db file:
    /home/inf01185/matheus.almeida/ci-expert/6-riscv-rvx/01_Lab_pads/saed32rvt_pg_c/saed32rvt_pg_ss0p95v125c.db



Pane 4:
  Process label: (none)
  Process number: 1.01
  Voltage rail count: 5
  Voltage for rail 0 (<default>): 0.85
  Voltage for rail 1 (VDD): 0.85
  Voltage for rail 2 (VDDG): 0.85
  Voltage for rail 3 (VSS): 0
  Voltage for rail 4 (VSSG): 0
  Temperature: 125

  Thresholds:
    r/f InputDelay: 0.5/0.5  r/f OutputDelay: 0.5/0.5
    l/h RiseTrans:  0.2/0.8  h/l FallTrans:   0.8/0.2
    TransDerate:    1

  Source .db file:
    /home/inf01185/matheus.almeida/ci-expert/6-riscv-rvx/01_Lab_pads/saed32rvt_pg_c/saed32rvt_pg_ff0p85v125c.db



Pane 5:
  Process label: (none)
  Process number: 1
  Voltage rail count: 5
  Voltage for rail 0 (<default>): 0.78
  Voltage for rail 1 (VDD): 0.78
  Voltage for rail 2 (VDDG): 0.78
  Voltage for rail 3 (VSS): 0
  Voltage for rail 4 (VSSG): 0
  Temperature: 25

  Thresholds:
    r/f InputDelay: 0.5/0.5  r/f OutputDelay: 0.5/0.5
    l/h RiseTrans:  0.2/0.8  h/l FallTrans:   0.8/0.2
    TransDerate:    1

  Source .db file:
    /home/inf01185/matheus.almeida/ci-expert/6-riscv-rvx/01_Lab_pads/saed32rvt_pg_c/saed32rvt_pg_tt0p78v25c.db



Pane 6:
  Process label: (none)
  Process number: 1
  Voltage rail count: 5
  Voltage for rail 0 (<default>): 1.05
  Voltage for rail 1 (VDD): 1.05
  Voltage for rail 2 (VDDG): 1.05
  Voltage for rail 3 (VSS): 0
  Voltage for rail 4 (VSSG): 0
  Temperature: -40

  Thresholds:
    r/f InputDelay: 0.5/0.5  r/f OutputDelay: 0.5/0.5
    l/h RiseTrans:  0.2/0.8  h/l FallTrans:   0.8/0.2
    TransDerate:    1

  Source .db file:
    /home/inf01185/matheus.almeida/ci-expert/6-riscv-rvx/01_Lab_pads/saed32rvt_pg_c/saed32rvt_pg_tt1p05vn40c.db



Pane 7:
  Process label: (none)
  Process number: 1
  Voltage rail count: 5
  Voltage for rail 0 (<default>): 1.05
  Voltage for rail 1 (VDD): 1.05
  Voltage for rail 2 (VDDG): 1.05
  Voltage for rail 3 (VSS): 0
  Voltage for rail 4 (VSSG): 0
  Temperature: 125

  Thresholds:
    r/f InputDelay: 0.5/0.5  r/f OutputDelay: 0.5/0.5
    l/h RiseTrans:  0.2/0.8  h/l FallTrans:   0.8/0.2
    TransDerate:    1

  Source .db file:
    /home/inf01185/matheus.almeida/ci-expert/6-riscv-rvx/01_Lab_pads/saed32rvt_pg_c/saed32rvt_pg_tt1p05v125c.db



Pane 8:
  Process label: (none)
  Process number: 0.99
  Voltage rail count: 5
  Voltage for rail 0 (<default>): 0.75
  Voltage for rail 1 (VDD): 0.75
  Voltage for rail 2 (VDDG): 0.75
  Voltage for rail 3 (VSS): 0
  Voltage for rail 4 (VSSG): 0
  Temperature: 125

  Thresholds:
    r/f InputDelay: 0.5/0.5  r/f OutputDelay: 0.5/0.5
    l/h RiseTrans:  0.2/0.8  h/l FallTrans:   0.8/0.2
    TransDerate:    1

  Source .db file:
    /home/inf01185/matheus.almeida/ci-expert/6-riscv-rvx/01_Lab_pads/saed32rvt_pg_c/saed32rvt_pg_ss0p75v125c.db



Pane 9:
  Process label: (none)
  Process number: 0.99
  Voltage rail count: 5
  Voltage for rail 0 (<default>): 0.95
  Voltage for rail 1 (VDD): 0.95
  Voltage for rail 2 (VDDG): 0.95
  Voltage for rail 3 (VSS): 0
  Voltage for rail 4 (VSSG): 0
  Temperature: -40

  Thresholds:
    r/f InputDelay: 0.5/0.5  r/f OutputDelay: 0.5/0.5
    l/h RiseTrans:  0.2/0.8  h/l FallTrans:   0.8/0.2
    TransDerate:    1

  Source .db file:
    /home/inf01185/matheus.almeida/ci-expert/6-riscv-rvx/01_Lab_pads/saed32rvt_pg_c/saed32rvt_pg_ss0p95vn40c.db



Pane 10:
  Process label: (none)
  Process number: 1.01
  Voltage rail count: 5
  Voltage for rail 0 (<default>): 0.95
  Voltage for rail 1 (VDD): 0.95
  Voltage for rail 2 (VDDG): 0.95
  Voltage for rail 3 (VSS): 0
  Voltage for rail 4 (VSSG): 0
  Temperature: 125

  Thresholds:
    r/f InputDelay: 0.5/0.5  r/f OutputDelay: 0.5/0.5
    l/h RiseTrans:  0.2/0.8  h/l FallTrans:   0.8/0.2
    TransDerate:    1

  Source .db file:
    /home/inf01185/matheus.almeida/ci-expert/6-riscv-rvx/01_Lab_pads/saed32rvt_pg_c/saed32rvt_pg_ff0p95v125c.db



Pane 11:
  Process label: (none)
  Process number: 0.99
  Voltage rail count: 5
  Voltage for rail 0 (<default>): 0.7
  Voltage for rail 1 (VDD): 0.7
  Voltage for rail 2 (VDDG): 0.7
  Voltage for rail 3 (VSS): 0
  Voltage for rail 4 (VSSG): 0
  Temperature: 125

  Thresholds:
    r/f InputDelay: 0.5/0.5  r/f OutputDelay: 0.5/0.5
    l/h RiseTrans:  0.2/0.8  h/l FallTrans:   0.8/0.2
    TransDerate:    1

  Source .db file:
    /home/inf01185/matheus.almeida/ci-expert/6-riscv-rvx/01_Lab_pads/saed32rvt_pg_c/saed32rvt_pg_ss0p7v125c.db



Pane 12:
  Process label: (none)
  Process number: 1
  Voltage rail count: 5
  Voltage for rail 0 (<default>): 0.85
  Voltage for rail 1 (VDD): 0.85
  Voltage for rail 2 (VDDG): 0.85
  Voltage for rail 3 (VSS): 0
  Voltage for rail 4 (VSSG): 0
  Temperature: 125

  Thresholds:
    r/f InputDelay: 0.5/0.5  r/f OutputDelay: 0.5/0.5
    l/h RiseTrans:  0.2/0.8  h/l FallTrans:   0.8/0.2
    TransDerate:    1

  Source .db file:
    /home/inf01185/matheus.almeida/ci-expert/6-riscv-rvx/01_Lab_pads/saed32rvt_pg_c/saed32rvt_pg_tt0p85v125c.db



Pane 13:
  Process label: (none)
  Process number: 1.01
  Voltage rail count: 5
  Voltage for rail 0 (<default>): 0.85
  Voltage for rail 1 (VDD): 0.85
  Voltage for rail 2 (VDDG): 0.85
  Voltage for rail 3 (VSS): 0
  Voltage for rail 4 (VSSG): 0
  Temperature: -40

  Thresholds:
    r/f InputDelay: 0.5/0.5  r/f OutputDelay: 0.5/0.5
    l/h RiseTrans:  0.2/0.8  h/l FallTrans:   0.8/0.2
    TransDerate:    1

  Source .db file:
    /home/inf01185/matheus.almeida/ci-expert/6-riscv-rvx/01_Lab_pads/saed32rvt_pg_c/saed32rvt_pg_ff0p85vn40c.db



Pane 14:
  Process label: (none)
  Process number: 1
  Voltage rail count: 5
  Voltage for rail 0 (<default>): 0.85
  Voltage for rail 1 (VDD): 0.85
  Voltage for rail 2 (VDDG): 0.85
  Voltage for rail 3 (VSS): 0
  Voltage for rail 4 (VSSG): 0
  Temperature: 25

  Thresholds:
    r/f InputDelay: 0.5/0.5  r/f OutputDelay: 0.5/0.5
    l/h RiseTrans:  0.2/0.8  h/l FallTrans:   0.8/0.2
    TransDerate:    1

  Source .db file:
    /home/inf01185/matheus.almeida/ci-expert/6-riscv-rvx/01_Lab_pads/saed32rvt_pg_c/saed32rvt_pg_tt0p85v25c.db



Pane 15:
  Process label: (none)
  Process number: 1
  Voltage rail count: 5
  Voltage for rail 0 (<default>): 0.85
  Voltage for rail 1 (VDD): 0.85
  Voltage for rail 2 (VDDG): 0.85
  Voltage for rail 3 (VSS): 0
  Voltage for rail 4 (VSSG): 0
  Temperature: -40

  Thresholds:
    r/f InputDelay: 0.5/0.5  r/f OutputDelay: 0.5/0.5
    l/h RiseTrans:  0.2/0.8  h/l FallTrans:   0.8/0.2
    TransDerate:    1

  Source .db file:
    /home/inf01185/matheus.almeida/ci-expert/6-riscv-rvx/01_Lab_pads/saed32rvt_pg_c/saed32rvt_pg_tt0p85vn40c.db



Pane 16:
  Process label: (none)
  Process number: 1
  Voltage rail count: 5
  Voltage for rail 0 (<default>): 0.78
  Voltage for rail 1 (VDD): 0.78
  Voltage for rail 2 (VDDG): 0.78
  Voltage for rail 3 (VSS): 0
  Voltage for rail 4 (VSSG): 0
  Temperature: -40

  Thresholds:
    r/f InputDelay: 0.5/0.5  r/f OutputDelay: 0.5/0.5
    l/h RiseTrans:  0.2/0.8  h/l FallTrans:   0.8/0.2
    TransDerate:    1

  Source .db file:
    /home/inf01185/matheus.almeida/ci-expert/6-riscv-rvx/01_Lab_pads/saed32rvt_pg_c/saed32rvt_pg_tt0p78vn40c.db



Pane 17:
  Process label: (none)
  Process number: 0.99
  Voltage rail count: 5
  Voltage for rail 0 (<default>): 0.75
  Voltage for rail 1 (VDD): 0.75
  Voltage for rail 2 (VDDG): 0.75
  Voltage for rail 3 (VSS): 0
  Voltage for rail 4 (VSSG): 0
  Temperature: 25

  Thresholds:
    r/f InputDelay: 0.5/0.5  r/f OutputDelay: 0.5/0.5
    l/h RiseTrans:  0.2/0.8  h/l FallTrans:   0.8/0.2
    TransDerate:    1

  Source .db file:
    /home/inf01185/matheus.almeida/ci-expert/6-riscv-rvx/01_Lab_pads/saed32rvt_pg_c/saed32rvt_pg_ss0p75v25c.db



Pane 18:
  Process label: (none)
  Process number: 1
  Voltage rail count: 5
  Voltage for rail 0 (<default>): 1.05
  Voltage for rail 1 (VDD): 1.05
  Voltage for rail 2 (VDDG): 1.05
  Voltage for rail 3 (VSS): 0
  Voltage for rail 4 (VSSG): 0
  Temperature: 25

  Thresholds:
    r/f InputDelay: 0.5/0.5  r/f OutputDelay: 0.5/0.5
    l/h RiseTrans:  0.2/0.8  h/l FallTrans:   0.8/0.2
    TransDerate:    1

  Source .db file:
    /home/inf01185/matheus.almeida/ci-expert/6-riscv-rvx/01_Lab_pads/saed32rvt_pg_c/saed32rvt_pg_tt1p05v25c.db



Pane 19:
  Process label: (none)
  Process number: 1
  Voltage rail count: 5
  Voltage for rail 0 (<default>): 0.78
  Voltage for rail 1 (VDD): 0.78
  Voltage for rail 2 (VDDG): 0.78
  Voltage for rail 3 (VSS): 0
  Voltage for rail 4 (VSSG): 0
  Temperature: 125

  Thresholds:
    r/f InputDelay: 0.5/0.5  r/f OutputDelay: 0.5/0.5
    l/h RiseTrans:  0.2/0.8  h/l FallTrans:   0.8/0.2
    TransDerate:    1

  Source .db file:
    /home/inf01185/matheus.almeida/ci-expert/6-riscv-rvx/01_Lab_pads/saed32rvt_pg_c/saed32rvt_pg_tt0p78v125c.db



Pane 20:
  Process label: (none)
  Process number: 0.99
  Voltage rail count: 5
  Voltage for rail 0 (<default>): 0.7
  Voltage for rail 1 (VDD): 0.7
  Voltage for rail 2 (VDDG): 0.7
  Voltage for rail 3 (VSS): 0
  Voltage for rail 4 (VSSG): 0
  Temperature: -40

  Thresholds:
    r/f InputDelay: 0.5/0.5  r/f OutputDelay: 0.5/0.5
    l/h RiseTrans:  0.2/0.8  h/l FallTrans:   0.8/0.2
    TransDerate:    1

  Source .db file:
    /home/inf01185/matheus.almeida/ci-expert/6-riscv-rvx/01_Lab_pads/saed32rvt_pg_c/saed32rvt_pg_ss0p7vn40c.db



Pane 21:
  Process label: (none)
  Process number: 1.01
  Voltage rail count: 5
  Voltage for rail 0 (<default>): 0.95
  Voltage for rail 1 (VDD): 0.95
  Voltage for rail 2 (VDDG): 0.95
  Voltage for rail 3 (VSS): 0
  Voltage for rail 4 (VSSG): 0
  Temperature: -40

  Thresholds:
    r/f InputDelay: 0.5/0.5  r/f OutputDelay: 0.5/0.5
    l/h RiseTrans:  0.2/0.8  h/l FallTrans:   0.8/0.2
    TransDerate:    1

  Source .db file:
    /home/inf01185/matheus.almeida/ci-expert/6-riscv-rvx/01_Lab_pads/saed32rvt_pg_c/saed32rvt_pg_ff0p95vn40c.db



Pane 22:
  Process label: (none)
  Process number: 0.99
  Voltage rail count: 5
  Voltage for rail 0 (<default>): 0.7
  Voltage for rail 1 (VDD): 0.7
  Voltage for rail 2 (VDDG): 0.7
  Voltage for rail 3 (VSS): 0
  Voltage for rail 4 (VSSG): 0
  Temperature: 25

  Thresholds:
    r/f InputDelay: 0.5/0.5  r/f OutputDelay: 0.5/0.5
    l/h RiseTrans:  0.2/0.8  h/l FallTrans:   0.8/0.2
    TransDerate:    1

  Source .db file:
    /home/inf01185/matheus.almeida/ci-expert/6-riscv-rvx/01_Lab_pads/saed32rvt_pg_c/saed32rvt_pg_ss0p7v25c.db



Pane 23:
  Process label: (none)
  Process number: 0.99
  Voltage rail count: 5
  Voltage for rail 0 (<default>): 0.95
  Voltage for rail 1 (VDD): 0.95
  Voltage for rail 2 (VDDG): 0.95
  Voltage for rail 3 (VSS): 0
  Voltage for rail 4 (VSSG): 0
  Temperature: 25

  Thresholds:
    r/f InputDelay: 0.5/0.5  r/f OutputDelay: 0.5/0.5
    l/h RiseTrans:  0.2/0.8  h/l FallTrans:   0.8/0.2
    TransDerate:    1

  Source .db file:
    /home/inf01185/matheus.almeida/ci-expert/6-riscv-rvx/01_Lab_pads/saed32rvt_pg_c/saed32rvt_pg_ss0p95v25c.db



Pane 24:
  Process label: (none)
  Process number: 1.01
  Voltage rail count: 5
  Voltage for rail 0 (<default>): 1.16
  Voltage for rail 1 (VDD): 1.16
  Voltage for rail 2 (VDDG): 1.16
  Voltage for rail 3 (VSS): 0
  Voltage for rail 4 (VSSG): 0
  Temperature: 125

  Thresholds:
    r/f InputDelay: 0.5/0.5  r/f OutputDelay: 0.5/0.5
    l/h RiseTrans:  0.2/0.8  h/l FallTrans:   0.8/0.2
    TransDerate:    1

  Source .db file:
    /home/inf01185/matheus.almeida/ci-expert/6-riscv-rvx/01_Lab_pads/saed32rvt_pg_c/saed32rvt_pg_ff1p16v125c.db



Pane 25:
  Process label: (none)
  Process number: 0.99
  Voltage rail count: 5
  Voltage for rail 0 (<default>): 0.75
  Voltage for rail 1 (VDD): 0.75
  Voltage for rail 2 (VDDG): 0.75
  Voltage for rail 3 (VSS): 0
  Voltage for rail 4 (VSSG): 0
  Temperature: -40

  Thresholds:
    r/f InputDelay: 0.5/0.5  r/f OutputDelay: 0.5/0.5
    l/h RiseTrans:  0.2/0.8  h/l FallTrans:   0.8/0.2
    TransDerate:    1

  Source .db file:
    /home/inf01185/matheus.almeida/ci-expert/6-riscv-rvx/01_Lab_pads/saed32rvt_pg_c/saed32rvt_pg_ss0p75vn40c.db



Pane 26:
  Process label: (none)
  Process number: 1.01
  Voltage rail count: 5
  Voltage for rail 0 (<default>): 0.95
  Voltage for rail 1 (VDD): 0.95
  Voltage for rail 2 (VDDG): 0.95
  Voltage for rail 3 (VSS): 0
  Voltage for rail 4 (VSSG): 0
  Temperature: 25

  Thresholds:
    r/f InputDelay: 0.5/0.5  r/f OutputDelay: 0.5/0.5
    l/h RiseTrans:  0.2/0.8  h/l FallTrans:   0.8/0.2
    TransDerate:    1

  Source .db file:
    /home/inf01185/matheus.almeida/ci-expert/6-riscv-rvx/01_Lab_pads/saed32rvt_pg_c/saed32rvt_pg_ff0p95v25c.db




Data Model Existence : 
  nlpm,nldm 


Source .db libraries:
  saed32rvt_pg_ff1p16vn40c.db:saed32rvt_pg_ff1p16vn40c
  saed32rvt_pg_ff1p16v25c.db:saed32rvt_pg_ff1p16v25c
  saed32rvt_pg_ff0p85v25c.db:saed32rvt_pg_ff0p85v25c
  saed32rvt_pg_ss0p95v125c.db:saed32rvt_pg_ss0p95v125c
  saed32rvt_pg_ff0p85v125c.db:saed32rvt_pg_ff0p85v125c
  saed32rvt_pg_tt0p78v25c.db:saed32rvt_pg_tt0p78v25c
  saed32rvt_pg_tt1p05vn40c.db:saed32rvt_pg_tt1p05vn40c
  saed32rvt_pg_tt1p05v125c.db:saed32rvt_pg_tt1p05v125c
  saed32rvt_pg_ss0p75v125c.db:saed32rvt_pg_ss0p75v125c
  saed32rvt_pg_ss0p95vn40c.db:saed32rvt_pg_ss0p95vn40c
  saed32rvt_pg_ff0p95v125c.db:saed32rvt_pg_ff0p95v125c
  saed32rvt_pg_ss0p7v125c.db:saed32rvt_pg_ss0p7v125c
  saed32rvt_pg_tt0p85v125c.db:saed32rvt_pg_tt0p85v125c
  saed32rvt_pg_ff0p85vn40c.db:saed32rvt_pg_ff0p85vn40c
  saed32rvt_pg_tt0p85v25c.db:saed32rvt_pg_tt0p85v25c
  saed32rvt_pg_tt0p85vn40c.db:saed32rvt_pg_tt0p85vn40c
  saed32rvt_pg_tt0p78vn40c.db:saed32rvt_pg_tt0p78vn40c
  saed32rvt_pg_ss0p75v25c.db:saed32rvt_pg_ss0p75v25c
  saed32rvt_pg_tt1p05v25c.db:saed32rvt_pg_tt1p05v25c
  saed32rvt_pg_tt0p78v125c.db:saed32rvt_pg_tt0p78v125c
  saed32rvt_pg_ss0p7vn40c.db:saed32rvt_pg_ss0p7vn40c
  saed32rvt_pg_ff0p95vn40c.db:saed32rvt_pg_ff0p95vn40c
  saed32rvt_pg_ss0p7v25c.db:saed32rvt_pg_ss0p7v25c
  saed32rvt_pg_ss0p95v25c.db:saed32rvt_pg_ss0p95v25c
  saed32rvt_pg_ff1p16v125c.db:saed32rvt_pg_ff1p16v125c
  saed32rvt_pg_ss0p75vn40c.db:saed32rvt_pg_ss0p75vn40c
  saed32rvt_pg_ff0p95v25c.db:saed32rvt_pg_ff0p95v25c


Operating Conditions:

   Name                 Process   Label                Temp      Voltage   Original DB Name     Original DB Filename Pane#    Status
   -------------------------------------------------------------------------------------------------------------------------------------------------------------------
   pg_ff1p16vn40c       1.01      (none)               -40.00    1.16      saed32rvt_pg_ff1p16vn40c
                                                                                                saed32rvt_pg_ff1p16vn40c.db
                                                                                                                     0        active
   pg_ff1p16v25c        1.01      (none)               25.00     1.16      saed32rvt_pg_ff1p16v25c
                                                                                                saed32rvt_pg_ff1p16v25c.db
                                                                                                                     1        active
   pg_ff0p85v25c        1.01      (none)               25.00     0.85      saed32rvt_pg_ff0p85v25c
                                                                                                saed32rvt_pg_ff0p85v25c.db
                                                                                                                     2        active
   pg_ss0p95v125c       0.99      (none)               125.00    0.95      saed32rvt_pg_ss0p95v125c
                                                                                                saed32rvt_pg_ss0p95v125c.db
                                                                                                                     3        active
   pg_ff0p85v125c       1.01      (none)               125.00    0.85      saed32rvt_pg_ff0p85v125c
                                                                                                saed32rvt_pg_ff0p85v125c.db
                                                                                                                     4        active
   pg_tt0p78v25c        1.00      (none)               25.00     0.78      saed32rvt_pg_tt0p78v25c
                                                                                                saed32rvt_pg_tt0p78v25c.db
                                                                                                                     5        active
   pg_tt1p05vn40c       1.00      (none)               -40.00    1.05      saed32rvt_pg_tt1p05vn40c
                                                                                                saed32rvt_pg_tt1p05vn40c.db
                                                                                                                     6        active
   pg_tt1p05v125c       1.00      (none)               125.00    1.05      saed32rvt_pg_tt1p05v125c
                                                                                                saed32rvt_pg_tt1p05v125c.db
                                                                                                                     7        active
   pg_ss0p75v125c       0.99      (none)               125.00    0.75      saed32rvt_pg_ss0p75v125c
                                                                                                saed32rvt_pg_ss0p75v125c.db
                                                                                                                     8        active
   pg_ss0p95vn40c       0.99      (none)               -40.00    0.95      saed32rvt_pg_ss0p95vn40c
                                                                                                saed32rvt_pg_ss0p95vn40c.db
                                                                                                                     9        active
   pg_ff0p95v125c       1.01      (none)               125.00    0.95      saed32rvt_pg_ff0p95v125c
                                                                                                saed32rvt_pg_ff0p95v125c.db
                                                                                                                     10       active
   pg_ss0p7v125c        0.99      (none)               125.00    0.70      saed32rvt_pg_ss0p7v125c
                                                                                                saed32rvt_pg_ss0p7v125c.db
                                                                                                                     11       active
   pg_tt0p85v125c       1.00      (none)               125.00    0.85      saed32rvt_pg_tt0p85v125c
                                                                                                saed32rvt_pg_tt0p85v125c.db
                                                                                                                     12       active
   pg_ff0p85vn40c       1.01      (none)               -40.00    0.85      saed32rvt_pg_ff0p85vn40c
                                                                                                saed32rvt_pg_ff0p85vn40c.db
                                                                                                                     13       active
   pg_tt0p85v25c        1.00      (none)               25.00     0.85      saed32rvt_pg_tt0p85v25c
                                                                                                saed32rvt_pg_tt0p85v25c.db
                                                                                                                     14       active
   pg_tt0p85vn40c       1.00      (none)               -40.00    0.85      saed32rvt_pg_tt0p85vn40c
                                                                                                saed32rvt_pg_tt0p85vn40c.db
                                                                                                                     15       active
   pg_tt0p78vn40c       1.00      (none)               -40.00    0.78      saed32rvt_pg_tt0p78vn40c
                                                                                                saed32rvt_pg_tt0p78vn40c.db
                                                                                                                     16       active
   pg_ss0p75v25c        0.99      (none)               25.00     0.75      saed32rvt_pg_ss0p75v25c
                                                                                                saed32rvt_pg_ss0p75v25c.db
                                                                                                                     17       active
   pg_tt1p05v25c        1.00      (none)               25.00     1.05      saed32rvt_pg_tt1p05v25c
                                                                                                saed32rvt_pg_tt1p05v25c.db
                                                                                                                     18       active
   pg_tt0p78v125c       1.00      (none)               125.00    0.78      saed32rvt_pg_tt0p78v125c
                                                                                                saed32rvt_pg_tt0p78v125c.db
                                                                                                                     19       active
   pg_ss0p7vn40c        0.99      (none)               -40.00    0.70      saed32rvt_pg_ss0p7vn40c
                                                                                                saed32rvt_pg_ss0p7vn40c.db
                                                                                                                     20       active
   pg_ff0p95vn40c       1.01      (none)               -40.00    0.95      saed32rvt_pg_ff0p95vn40c
                                                                                                saed32rvt_pg_ff0p95vn40c.db
                                                                                                                     21       active
   pg_ss0p7v25c         0.99      (none)               25.00     0.70      saed32rvt_pg_ss0p7v25c
                                                                                                saed32rvt_pg_ss0p7v25c.db
                                                                                                                     22       active
   pg_ss0p95v25c        0.99      (none)               25.00     0.95      saed32rvt_pg_ss0p95v25c
                                                                                                saed32rvt_pg_ss0p95v25c.db
                                                                                                                     23       active
   pg_ff1p16v125c       1.01      (none)               125.00    1.16      saed32rvt_pg_ff1p16v125c
                                                                                                saed32rvt_pg_ff1p16v125c.db
                                                                                                                     24       active
   pg_ss0p75vn40c       0.99      (none)               -40.00    0.75      saed32rvt_pg_ss0p75vn40c
                                                                                                saed32rvt_pg_ss0p75vn40c.db
                                                                                                                     25       active
   pg_ff0p95v25c        1.01      (none)               25.00     0.95      saed32rvt_pg_ff0p95v25c
                                                                                                saed32rvt_pg_ff0p95v25c.db
                                                                                                                     26       active

   Name                 Power Rail
   --------------------------------------------------------------------------------------------------------------------------------------
   pg_ff1p16vn40c       ("VDD",1.16) ("VDDG",1.16) ("VSS",0.00) ("VSSG",0.00) 
   pg_ff1p16v25c        ("VDD",1.16) ("VDDG",1.16) ("VSS",0.00) ("VSSG",0.00) 
   pg_ff0p85v25c        ("VDD",0.85) ("VDDG",0.85) ("VSS",0.00) ("VSSG",0.00) 
   pg_ss0p95v125c       ("VDD",0.95) ("VDDG",0.95) ("VSS",0.00) ("VSSG",0.00) 
   pg_ff0p85v125c       ("VDD",0.85) ("VDDG",0.85) ("VSS",0.00) ("VSSG",0.00) 
   pg_tt0p78v25c        ("VDD",0.78) ("VDDG",0.78) ("VSS",0.00) ("VSSG",0.00) 
   pg_tt1p05vn40c       ("VDD",1.05) ("VDDG",1.05) ("VSS",0.00) ("VSSG",0.00) 
   pg_tt1p05v125c       ("VDD",1.05) ("VDDG",1.05) ("VSS",0.00) ("VSSG",0.00) 
   pg_ss0p75v125c       ("VDD",0.75) ("VDDG",0.75) ("VSS",0.00) ("VSSG",0.00) 
   pg_ss0p95vn40c       ("VDD",0.95) ("VDDG",0.95) ("VSS",0.00) ("VSSG",0.00) 
   pg_ff0p95v125c       ("VDD",0.95) ("VDDG",0.95) ("VSS",0.00) ("VSSG",0.00) 
   pg_ss0p7v125c        ("VDD",0.70) ("VDDG",0.70) ("VSS",0.00) ("VSSG",0.00) 
   pg_tt0p85v125c       ("VDD",0.85) ("VDDG",0.85) ("VSS",0.00) ("VSSG",0.00) 
   pg_ff0p85vn40c       ("VDD",0.85) ("VDDG",0.85) ("VSS",0.00) ("VSSG",0.00) 
   pg_tt0p85v25c        ("VDD",0.85) ("VDDG",0.85) ("VSS",0.00) ("VSSG",0.00) 
   pg_tt0p85vn40c       ("VDD",0.85) ("VDDG",0.85) ("VSS",0.00) ("VSSG",0.00) 
   pg_tt0p78vn40c       ("VDD",0.78) ("VDDG",0.78) ("VSS",0.00) ("VSSG",0.00) 
   pg_ss0p75v25c        ("VDD",0.75) ("VDDG",0.75) ("VSS",0.00) ("VSSG",0.00) 
   pg_tt1p05v25c        ("VDD",1.05) ("VDDG",1.05) ("VSS",0.00) ("VSSG",0.00) 
   pg_tt0p78v125c       ("VDD",0.78) ("VDDG",0.78) ("VSS",0.00) ("VSSG",0.00) 
   pg_ss0p7vn40c        ("VDD",0.70) ("VDDG",0.70) ("VSS",0.00) ("VSSG",0.00) 
   pg_ff0p95vn40c       ("VDD",0.95) ("VDDG",0.95) ("VSS",0.00) ("VSSG",0.00) 
   pg_ss0p7v25c         ("VDD",0.70) ("VDDG",0.70) ("VSS",0.00) ("VSSG",0.00) 
   pg_ss0p95v25c        ("VDD",0.95) ("VDDG",0.95) ("VSS",0.00) ("VSSG",0.00) 
   pg_ff1p16v125c       ("VDD",1.16) ("VDDG",1.16) ("VSS",0.00) ("VSSG",0.00) 
   pg_ss0p75vn40c       ("VDD",0.75) ("VDDG",0.75) ("VSS",0.00) ("VSSG",0.00) 
   pg_ff0p95v25c        ("VDD",0.95) ("VDDG",0.95) ("VSS",0.00) ("VSSG",0.00) 




===== saed32rvt_dlvl_v =====
****************************************
Report : library
Library: saed32rvt_dlvl_v
Version: W-2024.09-SP3
Date   : Thu Aug  6 12:26:29 2026
****************************************

Full name: /home/inf01185/matheus.almeida/ci-expert/6-riscv-rvx/01_Lab_pads/saed32rvt_dlvl_v:saed32rvt_dlvl_v
File name: /home/inf01185/matheus.almeida/ci-expert/6-riscv-rvx/01_Lab_pads/saed32rvt_dlvl_v
Design count: 24

--------------------------------------------------------------------------------
** Timing Data:

Power rails:

Index  Name        Type
  0    <default>   power
  1    VDDH        power
  2    VDDL        power
  3    VSS         ground

Pane count: 45

Pane 0:
  Process label: (none)
  Process number: 0.99
  Voltage rail count: 4
  Voltage for rail 0 (<default>): 0.7
  Voltage for rail 1 (VDDH): 0.7
  Voltage for rail 2 (VDDL): 0.7
  Voltage for rail 3 (VSS): 0
  Temperature: -40

  Thresholds:
    r/f InputDelay: 0.5/0.5  r/f OutputDelay: 0.5/0.5
    l/h RiseTrans:  0.2/0.8  h/l FallTrans:   0.8/0.2
    TransDerate:    1

  Source .db file:
    /home/inf01185/matheus.almeida/ci-expert/6-riscv-rvx/01_Lab_pads/saed32rvt_dlvl_v/saed32rvt_dlvl_ss0p7vn40c_i0p7v.db



Pane 1:
  Process label: (none)
  Process number: 1.01
  Voltage rail count: 4
  Voltage for rail 0 (<default>): 0.85
  Voltage for rail 1 (VDDH): 0.85
  Voltage for rail 2 (VDDL): 0.85
  Voltage for rail 3 (VSS): 0
  Temperature: 125

  Thresholds:
    r/f InputDelay: 0.5/0.5  r/f OutputDelay: 0.5/0.5
    l/h RiseTrans:  0.2/0.8  h/l FallTrans:   0.8/0.2
    TransDerate:    1

  Source .db file:
    /home/inf01185/matheus.almeida/ci-expert/6-riscv-rvx/01_Lab_pads/saed32rvt_dlvl_v/saed32rvt_dlvl_ff0p85v125c_i0p85v.db



Pane 2:
  Process label: (none)
  Process number: 0.99
  Voltage rail count: 4
  Voltage for rail 0 (<default>): 0.7
  Voltage for rail 1 (VDDH): 0.7
  Voltage for rail 2 (VDDL): 0.7
  Voltage for rail 3 (VSS): 0
  Temperature: 25

  Thresholds:
    r/f InputDelay: 0.5/0.5  r/f OutputDelay: 0.5/0.5
    l/h RiseTrans:  0.2/0.8  h/l FallTrans:   0.8/0.2
    TransDerate:    1

  Source .db file:
    /home/inf01185/matheus.almeida/ci-expert/6-riscv-rvx/01_Lab_pads/saed32rvt_dlvl_v/saed32rvt_dlvl_ss0p7v25c_i0p7v.db



Pane 3:
  Process label: (none)
  Process number: 1.01
  Voltage rail count: 4
  Voltage for rail 0 (<default>): 0.95
  Voltage for rail 1 (VDDH): 0.95
  Voltage for rail 2 (VDDL): 0.95
  Voltage for rail 3 (VSS): 0
  Temperature: 125

  Thresholds:
    r/f InputDelay: 0.5/0.5  r/f OutputDelay: 0.5/0.5
    l/h RiseTrans:  0.2/0.8  h/l FallTrans:   0.8/0.2
    TransDerate:    1

  Source .db file:
    /home/inf01185/matheus.almeida/ci-expert/6-riscv-rvx/01_Lab_pads/saed32rvt_dlvl_v/saed32rvt_dlvl_ff0p95v125c_i0p95v.db



Pane 4:
  Process label: (none)
  Process number: 1.01
  Voltage rail count: 4
  Voltage for rail 0 (<default>): 1.16
  Voltage for rail 1 (VDDH): 1.16
  Voltage for rail 2 (VDDL): 0.85
  Voltage for rail 3 (VSS): 0
  Temperature: 25

  Thresholds:
    r/f InputDelay: 0.5/0.5  r/f OutputDelay: 0.5/0.5
    l/h RiseTrans:  0.2/0.8  h/l FallTrans:   0.8/0.2
    TransDerate:    1

  Source .db file:
    /home/inf01185/matheus.almeida/ci-expert/6-riscv-rvx/01_Lab_pads/saed32rvt_dlvl_v/saed32rvt_dlvl_ff0p85v25c_i1p16v.db



Pane 5:
  Process label: (none)
  Process number: 1
  Voltage rail count: 4
  Voltage for rail 0 (<default>): 0.85
  Voltage for rail 1 (VDDH): 0.85
  Voltage for rail 2 (VDDL): 0.85
  Voltage for rail 3 (VSS): 0
  Temperature: -40

  Thresholds:
    r/f InputDelay: 0.5/0.5  r/f OutputDelay: 0.5/0.5
    l/h RiseTrans:  0.2/0.8  h/l FallTrans:   0.8/0.2
    TransDerate:    1

  Source .db file:
    /home/inf01185/matheus.almeida/ci-expert/6-riscv-rvx/01_Lab_pads/saed32rvt_dlvl_v/saed32rvt_dlvl_tt0p85vn40c_i0p85v.db



Pane 6:
  Process label: (none)
  Process number: 0.99
  Voltage rail count: 4
  Voltage for rail 0 (<default>): 0.95
  Voltage for rail 1 (VDDH): 0.95
  Voltage for rail 2 (VDDL): 0.7
  Voltage for rail 3 (VSS): 0
  Temperature: 125

  Thresholds:
    r/f InputDelay: 0.5/0.5  r/f OutputDelay: 0.5/0.5
    l/h RiseTrans:  0.2/0.8  h/l FallTrans:   0.8/0.2
    TransDerate:    1

  Source .db file:
    /home/inf01185/matheus.almeida/ci-expert/6-riscv-rvx/01_Lab_pads/saed32rvt_dlvl_v/saed32rvt_dlvl_ss0p7v125c_i0p95v.db



Pane 7:
  Process label: (none)
  Process number: 0.99
  Voltage rail count: 4
  Voltage for rail 0 (<default>): 0.7
  Voltage for rail 1 (VDDH): 0.7
  Voltage for rail 2 (VDDL): 0.7
  Voltage for rail 3 (VSS): 0
  Temperature: 125

  Thresholds:
    r/f InputDelay: 0.5/0.5  r/f OutputDelay: 0.5/0.5
    l/h RiseTrans:  0.2/0.8  h/l FallTrans:   0.8/0.2
    TransDerate:    1

  Source .db file:
    /home/inf01185/matheus.almeida/ci-expert/6-riscv-rvx/01_Lab_pads/saed32rvt_dlvl_v/saed32rvt_dlvl_ss0p7v125c_i0p7v.db



Pane 8:
  Process label: (none)
  Process number: 1.01
  Voltage rail count: 4
  Voltage for rail 0 (<default>): 1.16
  Voltage for rail 1 (VDDH): 1.16
  Voltage for rail 2 (VDDL): 0.95
  Voltage for rail 3 (VSS): 0
  Temperature: 25

  Thresholds:
    r/f InputDelay: 0.5/0.5  r/f OutputDelay: 0.5/0.5
    l/h RiseTrans:  0.2/0.8  h/l FallTrans:   0.8/0.2
    TransDerate:    1

  Source .db file:
    /home/inf01185/matheus.almeida/ci-expert/6-riscv-rvx/01_Lab_pads/saed32rvt_dlvl_v/saed32rvt_dlvl_ff0p95v25c_i1p16v.db



Pane 9:
  Process label: (none)
  Process number: 0.99
  Voltage rail count: 4
  Voltage for rail 0 (<default>): 0.75
  Voltage for rail 1 (VDDH): 0.75
  Voltage for rail 2 (VDDL): 0.75
  Voltage for rail 3 (VSS): 0
  Temperature: -40

  Thresholds:
    r/f InputDelay: 0.5/0.5  r/f OutputDelay: 0.5/0.5
    l/h RiseTrans:  0.2/0.8  h/l FallTrans:   0.8/0.2
    TransDerate:    1

  Source .db file:
    /home/inf01185/matheus.almeida/ci-expert/6-riscv-rvx/01_Lab_pads/saed32rvt_dlvl_v/saed32rvt_dlvl_ss0p75vn40c_i0p75v.db



Pane 10:
  Process label: (none)
  Process number: 1.01
  Voltage rail count: 4
  Voltage for rail 0 (<default>): 0.85
  Voltage for rail 1 (VDDH): 0.85
  Voltage for rail 2 (VDDL): 0.85
  Voltage for rail 3 (VSS): 0
  Temperature: 25

  Thresholds:
    r/f InputDelay: 0.5/0.5  r/f OutputDelay: 0.5/0.5
    l/h RiseTrans:  0.2/0.8  h/l FallTrans:   0.8/0.2
    TransDerate:    1

  Source .db file:
    /home/inf01185/matheus.almeida/ci-expert/6-riscv-rvx/01_Lab_pads/saed32rvt_dlvl_v/saed32rvt_dlvl_ff0p85v25c_i0p85v.db



Pane 11:
  Process label: (none)
  Process number: 0.99
  Voltage rail count: 4
  Voltage for rail 0 (<default>): 0.95
  Voltage for rail 1 (VDDH): 0.95
  Voltage for rail 2 (VDDL): 0.95
  Voltage for rail 3 (VSS): 0
  Temperature: -40

  Thresholds:
    r/f InputDelay: 0.5/0.5  r/f OutputDelay: 0.5/0.5
    l/h RiseTrans:  0.2/0.8  h/l FallTrans:   0.8/0.2
    TransDerate:    1

  Source .db file:
    /home/inf01185/matheus.almeida/ci-expert/6-riscv-rvx/01_Lab_pads/saed32rvt_dlvl_v/saed32rvt_dlvl_ss0p95vn40c_i0p95v.db



Pane 12:
  Process label: (none)
  Process number: 0.99
  Voltage rail count: 4
  Voltage for rail 0 (<default>): 0.95
  Voltage for rail 1 (VDDH): 0.95
  Voltage for rail 2 (VDDL): 0.7
  Voltage for rail 3 (VSS): 0
  Temperature: -40

  Thresholds:
    r/f InputDelay: 0.5/0.5  r/f OutputDelay: 0.5/0.5
    l/h RiseTrans:  0.2/0.8  h/l FallTrans:   0.8/0.2
    TransDerate:    1

  Source .db file:
    /home/inf01185/matheus.almeida/ci-expert/6-riscv-rvx/01_Lab_pads/saed32rvt_dlvl_v/saed32rvt_dlvl_ss0p7vn40c_i0p95v.db



Pane 13:
  Process label: (none)
  Process number: 1
  Voltage rail count: 4
  Voltage for rail 0 (<default>): 1.05
  Voltage for rail 1 (VDDH): 1.05
  Voltage for rail 2 (VDDL): 0.78
  Voltage for rail 3 (VSS): 0
  Temperature: 125

  Thresholds:
    r/f InputDelay: 0.5/0.5  r/f OutputDelay: 0.5/0.5
    l/h RiseTrans:  0.2/0.8  h/l FallTrans:   0.8/0.2
    TransDerate:    1

  Source .db file:
    /home/inf01185/matheus.almeida/ci-expert/6-riscv-rvx/01_Lab_pads/saed32rvt_dlvl_v/saed32rvt_dlvl_tt0p78v125c_i1p05v.db



Pane 14:
  Process label: (none)
  Process number: 1
  Voltage rail count: 4
  Voltage for rail 0 (<default>): 1.05
  Voltage for rail 1 (VDDH): 1.05
  Voltage for rail 2 (VDDL): 0.85
  Voltage for rail 3 (VSS): 0
  Temperature: -40

  Thresholds:
    r/f InputDelay: 0.5/0.5  r/f OutputDelay: 0.5/0.5
    l/h RiseTrans:  0.2/0.8  h/l FallTrans:   0.8/0.2
    TransDerate:    1

  Source .db file:
    /home/inf01185/matheus.almeida/ci-expert/6-riscv-rvx/01_Lab_pads/saed32rvt_dlvl_v/saed32rvt_dlvl_tt0p85vn40c_i1p05v.db



Pane 15:
  Process label: (none)
  Process number: 1.01
  Voltage rail count: 4
  Voltage for rail 0 (<default>): 1.16
  Voltage for rail 1 (VDDH): 1.16
  Voltage for rail 2 (VDDL): 1.16
  Voltage for rail 3 (VSS): 0
  Temperature: -40

  Thresholds:
    r/f InputDelay: 0.5/0.5  r/f OutputDelay: 0.5/0.5
    l/h RiseTrans:  0.2/0.8  h/l FallTrans:   0.8/0.2
    TransDerate:    1

  Source .db file:
    /home/inf01185/matheus.almeida/ci-expert/6-riscv-rvx/01_Lab_pads/saed32rvt_dlvl_v/saed32rvt_dlvl_ff1p16vn40c_i1p16v.db



Pane 16:
  Process label: (none)
  Process number: 0.99
  Voltage rail count: 4
  Voltage for rail 0 (<default>): 0.95
  Voltage for rail 1 (VDDH): 0.95
  Voltage for rail 2 (VDDL): 0.7
  Voltage for rail 3 (VSS): 0
  Temperature: 25

  Thresholds:
    r/f InputDelay: 0.5/0.5  r/f OutputDelay: 0.5/0.5
    l/h RiseTrans:  0.2/0.8  h/l FallTrans:   0.8/0.2
    TransDerate:    1

  Source .db file:
    /home/inf01185/matheus.almeida/ci-expert/6-riscv-rvx/01_Lab_pads/saed32rvt_dlvl_v/saed32rvt_dlvl_ss0p7v25c_i0p95v.db



Pane 17:
  Process label: (none)
  Process number: 1
  Voltage rail count: 4
  Voltage for rail 0 (<default>): 1.05
  Voltage for rail 1 (VDDH): 1.05
  Voltage for rail 2 (VDDL): 0.85
  Voltage for rail 3 (VSS): 0
  Temperature: 25

  Thresholds:
    r/f InputDelay: 0.5/0.5  r/f OutputDelay: 0.5/0.5
    l/h RiseTrans:  0.2/0.8  h/l FallTrans:   0.8/0.2
    TransDerate:    1

  Source .db file:
    /home/inf01185/matheus.almeida/ci-expert/6-riscv-rvx/01_Lab_pads/saed32rvt_dlvl_v/saed32rvt_dlvl_tt0p85v25c_i1p05v.db



Pane 18:
  Process label: (none)
  Process number: 1
  Voltage rail count: 4
  Voltage for rail 0 (<default>): 1.05
  Voltage for rail 1 (VDDH): 1.05
  Voltage for rail 2 (VDDL): 1.05
  Voltage for rail 3 (VSS): 0
  Temperature: 25

  Thresholds:
    r/f InputDelay: 0.5/0.5  r/f OutputDelay: 0.5/0.5
    l/h RiseTrans:  0.2/0.8  h/l FallTrans:   0.8/0.2
    TransDerate:    1

  Source .db file:
    /home/inf01185/matheus.almeida/ci-expert/6-riscv-rvx/01_Lab_pads/saed32rvt_dlvl_v/saed32rvt_dlvl_tt1p05v25c_i1p05v.db



Pane 19:
  Process label: (none)
  Process number: 1.01
  Voltage rail count: 4
  Voltage for rail 0 (<default>): 1.16
  Voltage for rail 1 (VDDH): 1.16
  Voltage for rail 2 (VDDL): 1.16
  Voltage for rail 3 (VSS): 0
  Temperature: 125

  Thresholds:
    r/f InputDelay: 0.5/0.5  r/f OutputDelay: 0.5/0.5
    l/h RiseTrans:  0.2/0.8  h/l FallTrans:   0.8/0.2
    TransDerate:    1

  Source .db file:
    /home/inf01185/matheus.almeida/ci-expert/6-riscv-rvx/01_Lab_pads/saed32rvt_dlvl_v/saed32rvt_dlvl_ff1p16v125c_i1p16v.db



Pane 20:
  Process label: (none)
  Process number: 1
  Voltage rail count: 4
  Voltage for rail 0 (<default>): 1.05
  Voltage for rail 1 (VDDH): 1.05
  Voltage for rail 2 (VDDL): 0.85
  Voltage for rail 3 (VSS): 0
  Temperature: 125

  Thresholds:
    r/f InputDelay: 0.5/0.5  r/f OutputDelay: 0.5/0.5
    l/h RiseTrans:  0.2/0.8  h/l FallTrans:   0.8/0.2
    TransDerate:    1

  Source .db file:
    /home/inf01185/matheus.almeida/ci-expert/6-riscv-rvx/01_Lab_pads/saed32rvt_dlvl_v/saed32rvt_dlvl_tt0p85v125c_i1p05v.db



Pane 21:
  Process label: (none)
  Process number: 1.01
  Voltage rail count: 4
  Voltage for rail 0 (<default>): 1.16
  Voltage for rail 1 (VDDH): 1.16
  Voltage for rail 2 (VDDL): 0.95
  Voltage for rail 3 (VSS): 0
  Temperature: -40

  Thresholds:
    r/f InputDelay: 0.5/0.5  r/f OutputDelay: 0.5/0.5
    l/h RiseTrans:  0.2/0.8  h/l FallTrans:   0.8/0.2
    TransDerate:    1

  Source .db file:
    /home/inf01185/matheus.almeida/ci-expert/6-riscv-rvx/01_Lab_pads/saed32rvt_dlvl_v/saed32rvt_dlvl_ff0p95vn40c_i1p16v.db



Pane 22:
  Process label: (none)
  Process number: 1
  Voltage rail count: 4
  Voltage for rail 0 (<default>): 0.78
  Voltage for rail 1 (VDDH): 0.78
  Voltage for rail 2 (VDDL): 0.78
  Voltage for rail 3 (VSS): 0
  Temperature: -40

  Thresholds:
    r/f InputDelay: 0.5/0.5  r/f OutputDelay: 0.5/0.5
    l/h RiseTrans:  0.2/0.8  h/l FallTrans:   0.8/0.2
    TransDerate:    1

  Source .db file:
    /home/inf01185/matheus.almeida/ci-expert/6-riscv-rvx/01_Lab_pads/saed32rvt_dlvl_v/saed32rvt_dlvl_tt0p78vn40c_i0p78v.db



Pane 23:
  Process label: (none)
  Process number: 1.01
  Voltage rail count: 4
  Voltage for rail 0 (<default>): 1.16
  Voltage for rail 1 (VDDH): 1.16
  Voltage for rail 2 (VDDL): 0.85
  Voltage for rail 3 (VSS): 0
  Temperature: -40

  Thresholds:
    r/f InputDelay: 0.5/0.5  r/f OutputDelay: 0.5/0.5
    l/h RiseTrans:  0.2/0.8  h/l FallTrans:   0.8/0.2
    TransDerate:    1

  Source .db file:
    /home/inf01185/matheus.almeida/ci-expert/6-riscv-rvx/01_Lab_pads/saed32rvt_dlvl_v/saed32rvt_dlvl_ff0p85vn40c_i1p16v.db



Pane 24:
  Process label: (none)
  Process number: 1
  Voltage rail count: 4
  Voltage for rail 0 (<default>): 1.05
  Voltage for rail 1 (VDDH): 1.05
  Voltage for rail 2 (VDDL): 1.05
  Voltage for rail 3 (VSS): 0
  Temperature: 125

  Thresholds:
    r/f InputDelay: 0.5/0.5  r/f OutputDelay: 0.5/0.5
    l/h RiseTrans:  0.2/0.8  h/l FallTrans:   0.8/0.2
    TransDerate:    1

  Source .db file:
    /home/inf01185/matheus.almeida/ci-expert/6-riscv-rvx/01_Lab_pads/saed32rvt_dlvl_v/saed32rvt_dlvl_tt1p05v125c_i1p05v.db



Pane 25:
  Process label: (none)
  Process number: 1
  Voltage rail count: 4
  Voltage for rail 0 (<default>): 0.85
  Voltage for rail 1 (VDDH): 0.85
  Voltage for rail 2 (VDDL): 0.85
  Voltage for rail 3 (VSS): 0
  Temperature: 125

  Thresholds:
    r/f InputDelay: 0.5/0.5  r/f OutputDelay: 0.5/0.5
    l/h RiseTrans:  0.2/0.8  h/l FallTrans:   0.8/0.2
    TransDerate:    1

  Source .db file:
    /home/inf01185/matheus.almeida/ci-expert/6-riscv-rvx/01_Lab_pads/saed32rvt_dlvl_v/saed32rvt_dlvl_tt0p85v125c_i0p85v.db



Pane 26:
  Process label: (none)
  Process number: 1
  Voltage rail count: 4
  Voltage for rail 0 (<default>): 0.85
  Voltage for rail 1 (VDDH): 0.85
  Voltage for rail 2 (VDDL): 0.85
  Voltage for rail 3 (VSS): 0
  Temperature: 25

  Thresholds:
    r/f InputDelay: 0.5/0.5  r/f OutputDelay: 0.5/0.5
    l/h RiseTrans:  0.2/0.8  h/l FallTrans:   0.8/0.2
    TransDerate:    1

  Source .db file:
    /home/inf01185/matheus.almeida/ci-expert/6-riscv-rvx/01_Lab_pads/saed32rvt_dlvl_v/saed32rvt_dlvl_tt0p85v25c_i0p85v.db



Pane 27:
  Process label: (none)
  Process number: 0.99
  Voltage rail count: 4
  Voltage for rail 0 (<default>): 0.95
  Voltage for rail 1 (VDDH): 0.95
  Voltage for rail 2 (VDDL): 0.95
  Voltage for rail 3 (VSS): 0
  Temperature: 125

  Thresholds:
    r/f InputDelay: 0.5/0.5  r/f OutputDelay: 0.5/0.5
    l/h RiseTrans:  0.2/0.8  h/l FallTrans:   0.8/0.2
    TransDerate:    1

  Source .db file:
    /home/inf01185/matheus.almeida/ci-expert/6-riscv-rvx/01_Lab_pads/saed32rvt_dlvl_v/saed32rvt_dlvl_ss0p95v125c_i0p95v.db



Pane 28:
  Process label: (none)
  Process number: 0.99
  Voltage rail count: 4
  Voltage for rail 0 (<default>): 0.95
  Voltage for rail 1 (VDDH): 0.95
  Voltage for rail 2 (VDDL): 0.75
  Voltage for rail 3 (VSS): 0
  Temperature: -40

  Thresholds:
    r/f InputDelay: 0.5/0.5  r/f OutputDelay: 0.5/0.5
    l/h RiseTrans:  0.2/0.8  h/l FallTrans:   0.8/0.2
    TransDerate:    1

  Source .db file:
    /home/inf01185/matheus.almeida/ci-expert/6-riscv-rvx/01_Lab_pads/saed32rvt_dlvl_v/saed32rvt_dlvl_ss0p75vn40c_i0p95v.db



Pane 29:
  Process label: (none)
  Process number: 1.01
  Voltage rail count: 4
  Voltage for rail 0 (<default>): 1.16
  Voltage for rail 1 (VDDH): 1.16
  Voltage for rail 2 (VDDL): 0.95
  Voltage for rail 3 (VSS): 0
  Temperature: 125

  Thresholds:
    r/f InputDelay: 0.5/0.5  r/f OutputDelay: 0.5/0.5
    l/h RiseTrans:  0.2/0.8  h/l FallTrans:   0.8/0.2
    TransDerate:    1

  Source .db file:
    /home/inf01185/matheus.almeida/ci-expert/6-riscv-rvx/01_Lab_pads/saed32rvt_dlvl_v/saed32rvt_dlvl_ff0p95v125c_i1p16v.db



Pane 30:
  Process label: (none)
  Process number: 1
  Voltage rail count: 4
  Voltage for rail 0 (<default>): 0.78
  Voltage for rail 1 (VDDH): 0.78
  Voltage for rail 2 (VDDL): 0.78
  Voltage for rail 3 (VSS): 0
  Temperature: 25

  Thresholds:
    r/f InputDelay: 0.5/0.5  r/f OutputDelay: 0.5/0.5
    l/h RiseTrans:  0.2/0.8  h/l FallTrans:   0.8/0.2
    TransDerate:    1

  Source .db file:
    /home/inf01185/matheus.almeida/ci-expert/6-riscv-rvx/01_Lab_pads/saed32rvt_dlvl_v/saed32rvt_dlvl_tt0p78v25c_i0p78v.db



Pane 31:
  Process label: (none)
  Process number: 1
  Voltage rail count: 4
  Voltage for rail 0 (<default>): 1.05
  Voltage for rail 1 (VDDH): 1.05
  Voltage for rail 2 (VDDL): 0.78
  Voltage for rail 3 (VSS): 0
  Temperature: 25

  Thresholds:
    r/f InputDelay: 0.5/0.5  r/f OutputDelay: 0.5/0.5
    l/h RiseTrans:  0.2/0.8  h/l FallTrans:   0.8/0.2
    TransDerate:    1

  Source .db file:
    /home/inf01185/matheus.almeida/ci-expert/6-riscv-rvx/01_Lab_pads/saed32rvt_dlvl_v/saed32rvt_dlvl_tt0p78v25c_i1p05v.db



Pane 32:
  Process label: (none)
  Process number: 1
  Voltage rail count: 4
  Voltage for rail 0 (<default>): 1.05
  Voltage for rail 1 (VDDH): 1.05
  Voltage for rail 2 (VDDL): 0.78
  Voltage for rail 3 (VSS): 0
  Temperature: -40

  Thresholds:
    r/f InputDelay: 0.5/0.5  r/f OutputDelay: 0.5/0.5
    l/h RiseTrans:  0.2/0.8  h/l FallTrans:   0.8/0.2
    TransDerate:    1

  Source .db file:
    /home/inf01185/matheus.almeida/ci-expert/6-riscv-rvx/01_Lab_pads/saed32rvt_dlvl_v/saed32rvt_dlvl_tt0p78vn40c_i1p05v.db



Pane 33:
  Process label: (none)
  Process number: 1.01
  Voltage rail count: 4
  Voltage for rail 0 (<default>): 0.95
  Voltage for rail 1 (VDDH): 0.95
  Voltage for rail 2 (VDDL): 0.95
  Voltage for rail 3 (VSS): 0
  Temperature: -40

  Thresholds:
    r/f InputDelay: 0.5/0.5  r/f OutputDelay: 0.5/0.5
    l/h RiseTrans:  0.2/0.8  h/l FallTrans:   0.8/0.2
    TransDerate:    1

  Source .db file:
    /home/inf01185/matheus.almeida/ci-expert/6-riscv-rvx/01_Lab_pads/saed32rvt_dlvl_v/saed32rvt_dlvl_ff0p95vn40c_i0p95v.db



Pane 34:
  Process label: (none)
  Process number: 0.99
  Voltage rail count: 4
  Voltage for rail 0 (<default>): 0.95
  Voltage for rail 1 (VDDH): 0.95
  Voltage for rail 2 (VDDL): 0.95
  Voltage for rail 3 (VSS): 0
  Temperature: 25

  Thresholds:
    r/f InputDelay: 0.5/0.5  r/f OutputDelay: 0.5/0.5
    l/h RiseTrans:  0.2/0.8  h/l FallTrans:   0.8/0.2
    TransDerate:    1

  Source .db file:
    /home/inf01185/matheus.almeida/ci-expert/6-riscv-rvx/01_Lab_pads/saed32rvt_dlvl_v/saed32rvt_dlvl_ss0p95v25c_i0p95v.db



Pane 35:
  Process label: (none)
  Process number: 1.01
  Voltage rail count: 4
  Voltage for rail 0 (<default>): 0.85
  Voltage for rail 1 (VDDH): 0.85
  Voltage for rail 2 (VDDL): 0.85
  Voltage for rail 3 (VSS): 0
  Temperature: -40

  Thresholds:
    r/f InputDelay: 0.5/0.5  r/f OutputDelay: 0.5/0.5
    l/h RiseTrans:  0.2/0.8  h/l FallTrans:   0.8/0.2
    TransDerate:    1

  Source .db file:
    /home/inf01185/matheus.almeida/ci-expert/6-riscv-rvx/01_Lab_pads/saed32rvt_dlvl_v/saed32rvt_dlvl_ff0p85vn40c_i0p85v.db



Pane 36:
  Process label: (none)
  Process number: 1.01
  Voltage rail count: 4
  Voltage for rail 0 (<default>): 1.16
  Voltage for rail 1 (VDDH): 1.16
  Voltage for rail 2 (VDDL): 1.16
  Voltage for rail 3 (VSS): 0
  Temperature: 25

  Thresholds:
    r/f InputDelay: 0.5/0.5  r/f OutputDelay: 0.5/0.5
    l/h RiseTrans:  0.2/0.8  h/l FallTrans:   0.8/0.2
    TransDerate:    1

  Source .db file:
    /home/inf01185/matheus.almeida/ci-expert/6-riscv-rvx/01_Lab_pads/saed32rvt_dlvl_v/saed32rvt_dlvl_ff1p16v25c_i1p16v.db



Pane 37:
  Process label: (none)
  Process number: 1.01
  Voltage rail count: 4
  Voltage for rail 0 (<default>): 0.95
  Voltage for rail 1 (VDDH): 0.95
  Voltage for rail 2 (VDDL): 0.95
  Voltage for rail 3 (VSS): 0
  Temperature: 25

  Thresholds:
    r/f InputDelay: 0.5/0.5  r/f OutputDelay: 0.5/0.5
    l/h RiseTrans:  0.2/0.8  h/l FallTrans:   0.8/0.2
    TransDerate:    1

  Source .db file:
    /home/inf01185/matheus.almeida/ci-expert/6-riscv-rvx/01_Lab_pads/saed32rvt_dlvl_v/saed32rvt_dlvl_ff0p95v25c_i0p95v.db



Pane 38:
  Process label: (none)
  Process number: 0.99
  Voltage rail count: 4
  Voltage for rail 0 (<default>): 0.75
  Voltage for rail 1 (VDDH): 0.75
  Voltage for rail 2 (VDDL): 0.75
  Voltage for rail 3 (VSS): 0
  Temperature: 25

  Thresholds:
    r/f InputDelay: 0.5/0.5  r/f OutputDelay: 0.5/0.5
    l/h RiseTrans:  0.2/0.8  h/l FallTrans:   0.8/0.2
    TransDerate:    1

  Source .db file:
    /home/inf01185/matheus.almeida/ci-expert/6-riscv-rvx/01_Lab_pads/saed32rvt_dlvl_v/saed32rvt_dlvl_ss0p75v25c_i0p75v.db



Pane 39:
  Process label: (none)
  Process number: 0.99
  Voltage rail count: 4
  Voltage for rail 0 (<default>): 0.95
  Voltage for rail 1 (VDDH): 0.95
  Voltage for rail 2 (VDDL): 0.75
  Voltage for rail 3 (VSS): 0
  Temperature: 25

  Thresholds:
    r/f InputDelay: 0.5/0.5  r/f OutputDelay: 0.5/0.5
    l/h RiseTrans:  0.2/0.8  h/l FallTrans:   0.8/0.2
    TransDerate:    1

  Source .db file:
    /home/inf01185/matheus.almeida/ci-expert/6-riscv-rvx/01_Lab_pads/saed32rvt_dlvl_v/saed32rvt_dlvl_ss0p75v25c_i0p95v.db



Pane 40:
  Process label: (none)
  Process number: 1
  Voltage rail count: 4
  Voltage for rail 0 (<default>): 0.78
  Voltage for rail 1 (VDDH): 0.78
  Voltage for rail 2 (VDDL): 0.78
  Voltage for rail 3 (VSS): 0
  Temperature: 125

  Thresholds:
    r/f InputDelay: 0.5/0.5  r/f OutputDelay: 0.5/0.5
    l/h RiseTrans:  0.2/0.8  h/l FallTrans:   0.8/0.2
    TransDerate:    1

  Source .db file:
    /home/inf01185/matheus.almeida/ci-expert/6-riscv-rvx/01_Lab_pads/saed32rvt_dlvl_v/saed32rvt_dlvl_tt0p78v125c_i0p78v.db



Pane 41:
  Process label: (none)
  Process number: 0.99
  Voltage rail count: 4
  Voltage for rail 0 (<default>): 0.75
  Voltage for rail 1 (VDDH): 0.75
  Voltage for rail 2 (VDDL): 0.75
  Voltage for rail 3 (VSS): 0
  Temperature: 125

  Thresholds:
    r/f InputDelay: 0.5/0.5  r/f OutputDelay: 0.5/0.5
    l/h RiseTrans:  0.2/0.8  h/l FallTrans:   0.8/0.2
    TransDerate:    1

  Source .db file:
    /home/inf01185/matheus.almeida/ci-expert/6-riscv-rvx/01_Lab_pads/saed32rvt_dlvl_v/saed32rvt_dlvl_ss0p75v125c_i0p75v.db



Pane 42:
  Process label: (none)
  Process number: 1
  Voltage rail count: 4
  Voltage for rail 0 (<default>): 1.05
  Voltage for rail 1 (VDDH): 1.05
  Voltage for rail 2 (VDDL): 1.05
  Voltage for rail 3 (VSS): 0
  Temperature: -40

  Thresholds:
    r/f InputDelay: 0.5/0.5  r/f OutputDelay: 0.5/0.5
    l/h RiseTrans:  0.2/0.8  h/l FallTrans:   0.8/0.2
    TransDerate:    1

  Source .db file:
    /home/inf01185/matheus.almeida/ci-expert/6-riscv-rvx/01_Lab_pads/saed32rvt_dlvl_v/saed32rvt_dlvl_tt1p05vn40c_i1p05v.db



Pane 43:
  Process label: (none)
  Process number: 1.01
  Voltage rail count: 4
  Voltage for rail 0 (<default>): 1.16
  Voltage for rail 1 (VDDH): 1.16
  Voltage for rail 2 (VDDL): 0.85
  Voltage for rail 3 (VSS): 0
  Temperature: 125

  Thresholds:
    r/f InputDelay: 0.5/0.5  r/f OutputDelay: 0.5/0.5
    l/h RiseTrans:  0.2/0.8  h/l FallTrans:   0.8/0.2
    TransDerate:    1

  Source .db file:
    /home/inf01185/matheus.almeida/ci-expert/6-riscv-rvx/01_Lab_pads/saed32rvt_dlvl_v/saed32rvt_dlvl_ff0p85v125c_i1p16v.db



Pane 44:
  Process label: (none)
  Process number: 0.99
  Voltage rail count: 4
  Voltage for rail 0 (<default>): 0.95
  Voltage for rail 1 (VDDH): 0.95
  Voltage for rail 2 (VDDL): 0.75
  Voltage for rail 3 (VSS): 0
  Temperature: 125

  Thresholds:
    r/f InputDelay: 0.5/0.5  r/f OutputDelay: 0.5/0.5
    l/h RiseTrans:  0.2/0.8  h/l FallTrans:   0.8/0.2
    TransDerate:    1

  Source .db file:
    /home/inf01185/matheus.almeida/ci-expert/6-riscv-rvx/01_Lab_pads/saed32rvt_dlvl_v/saed32rvt_dlvl_ss0p75v125c_i0p95v.db




Data Model Existence : 
  nlpm,nldm 


Source .db libraries:
  saed32rvt_dlvl_ss0p7vn40c_i0p7v.db:saed32rvt_dlvl_ss0p7vn40c_i0p7v
  saed32rvt_dlvl_ff0p85v125c_i0p85v.db:saed32rvt_dlvl_ff0p85v125c_i0p85v
  saed32rvt_dlvl_ss0p7v25c_i0p7v.db:saed32rvt_dlvl_ss0p7v25c_i0p7v
  saed32rvt_dlvl_ff0p95v125c_i0p95v.db:saed32rvt_dlvl_ff0p95v125c_i0p95v
  saed32rvt_dlvl_ff0p85v25c_i1p16v.db:saed32rvt_dlvl_ff0p85v25c_i1p16v
  saed32rvt_dlvl_tt0p85vn40c_i0p85v.db:saed32rvt_dlvl_tt0p85vn40c_i0p85v
  saed32rvt_dlvl_ss0p7v125c_i0p95v.db:saed32rvt_dlvl_ss0p7v125c_i0p95v
  saed32rvt_dlvl_ss0p7v125c_i0p7v.db:saed32rvt_dlvl_ss0p7v125c_i0p7v
  saed32rvt_dlvl_ff0p95v25c_i1p16v.db:saed32rvt_dlvl_ff0p95v25c_i1p16v
  saed32rvt_dlvl_ss0p75vn40c_i0p75v.db:saed32rvt_dlvl_ss0p75vn40c_i0p75v
  saed32rvt_dlvl_ff0p85v25c_i0p85v.db:saed32rvt_dlvl_ff0p85v25c_i0p85v
  saed32rvt_dlvl_ss0p95vn40c_i0p95v.db:saed32rvt_dlvl_ss0p95vn40c_i0p95v
  saed32rvt_dlvl_ss0p7vn40c_i0p95v.db:saed32rvt_dlvl_ss0p7vn40c_i0p95v
  saed32rvt_dlvl_tt0p78v125c_i1p05v.db:saed32rvt_dlvl_tt0p78v125c_i1p05v
  saed32rvt_dlvl_tt0p85vn40c_i1p05v.db:saed32rvt_dlvl_tt0p85vn40c_i1p05v
  saed32rvt_dlvl_ff1p16vn40c_i1p16v.db:saed32rvt_dlvl_ff1p16vn40c_i1p16v
  saed32rvt_dlvl_ss0p7v25c_i0p95v.db:saed32rvt_dlvl_ss0p7v25c_i0p95v
  saed32rvt_dlvl_tt0p85v25c_i1p05v.db:saed32rvt_dlvl_tt0p85v25c_i1p05v
  saed32rvt_dlvl_tt1p05v25c_i1p05v.db:saed32rvt_dlvl_tt1p05v25c_i1p05v
  saed32rvt_dlvl_ff1p16v125c_i1p16v.db:saed32rvt_dlvl_ff1p16v125c_i1p16v
  saed32rvt_dlvl_tt0p85v125c_i1p05v.db:saed32rvt_dlvl_tt0p85v125c_i1p05v
  saed32rvt_dlvl_ff0p95vn40c_i1p16v.db:saed32rvt_dlvl_ff0p95vn40c_i1p16v
  saed32rvt_dlvl_tt0p78vn40c_i0p78v.db:saed32rvt_dlvl_tt0p78vn40c_i0p78v
  saed32rvt_dlvl_ff0p85vn40c_i1p16v.db:saed32rvt_dlvl_ff0p85vn40c_i1p16v
  saed32rvt_dlvl_tt1p05v125c_i1p05v.db:saed32rvt_dlvl_tt1p05v125c_i1p05v
  saed32rvt_dlvl_tt0p85v125c_i0p85v.db:saed32rvt_dlvl_tt0p85v125c_i0p85v
  saed32rvt_dlvl_tt0p85v25c_i0p85v.db:saed32rvt_dlvl_tt0p85v25c_i0p85v
  saed32rvt_dlvl_ss0p95v125c_i0p95v.db:saed32rvt_dlvl_ss0p95v125c_i0p95v
  saed32rvt_dlvl_ss0p75vn40c_i0p95v.db:saed32rvt_dlvl_ss0p75vn40c_i0p95v
  saed32rvt_dlvl_ff0p95v125c_i1p16v.db:saed32rvt_dlvl_ff0p95v125c_i1p16v
  saed32rvt_dlvl_tt0p78v25c_i0p78v.db:saed32rvt_dlvl_tt0p78v25c_i0p78v
  saed32rvt_dlvl_tt0p78v25c_i1p05v.db:saed32rvt_dlvl_tt0p78v25c_i1p05v
  saed32rvt_dlvl_tt0p78vn40c_i1p05v.db:saed32rvt_dlvl_tt0p78vn40c_i1p05v
  saed32rvt_dlvl_ff0p95vn40c_i0p95v.db:saed32rvt_dlvl_ff0p95vn40c_i0p95v
  saed32rvt_dlvl_ss0p95v25c_i0p95v.db:saed32rvt_dlvl_ss0p95v25c_i0p95v
  saed32rvt_dlvl_ff0p85vn40c_i0p85v.db:saed32rvt_dlvl_ff0p85vn40c_i0p85v
  saed32rvt_dlvl_ff1p16v25c_i1p16v.db:saed32rvt_dlvl_ff1p16v25c_i1p16v
  saed32rvt_dlvl_ff0p95v25c_i0p95v.db:saed32rvt_dlvl_ff0p95v25c_i0p95v
  saed32rvt_dlvl_ss0p75v25c_i0p75v.db:saed32rvt_dlvl_ss0p75v25c_i0p75v
  saed32rvt_dlvl_ss0p75v25c_i0p95v.db:saed32rvt_dlvl_ss0p75v25c_i0p95v
  saed32rvt_dlvl_tt0p78v125c_i0p78v.db:saed32rvt_dlvl_tt0p78v125c_i0p78v
  saed32rvt_dlvl_ss0p75v125c_i0p75v.db:saed32rvt_dlvl_ss0p75v125c_i0p75v
  saed32rvt_dlvl_tt1p05vn40c_i1p05v.db:saed32rvt_dlvl_tt1p05vn40c_i1p05v
  saed32rvt_dlvl_ff0p85v125c_i1p16v.db:saed32rvt_dlvl_ff0p85v125c_i1p16v
  saed32rvt_dlvl_ss0p75v125c_i0p95v.db:saed32rvt_dlvl_ss0p75v125c_i0p95v


Operating Conditions:

   Name                 Process   Label                Temp      Voltage   Original DB Name     Original DB Filename Pane#    Status
   -------------------------------------------------------------------------------------------------------------------------------------------------------------------
   dlvl_ss0p7vn40c_i0p7v
                        0.99      (none)               -40.00    0.70      saed32rvt_dlvl_ss0p7vn40c_i0p7v
                                                                                                saed32rvt_dlvl_ss0p7vn40c_i0p7v.db
                                                                                                                     0        active
   dlvl_ff0p85v125c_i0p85v
                        1.01      (none)               125.00    0.85      saed32rvt_dlvl_ff0p85v125c_i0p85v
                                                                                                saed32rvt_dlvl_ff0p85v125c_i0p85v.db
                                                                                                                     1        active
   dlvl_ss0p7v25c_i0p7v 0.99      (none)               25.00     0.70      saed32rvt_dlvl_ss0p7v25c_i0p7v
                                                                                                saed32rvt_dlvl_ss0p7v25c_i0p7v.db
                                                                                                                     2        active
   dlvl_ff0p95v125c_i0p95v
                        1.01      (none)               125.00    0.95      saed32rvt_dlvl_ff0p95v125c_i0p95v
                                                                                                saed32rvt_dlvl_ff0p95v125c_i0p95v.db
                                                                                                                     3        active
   dlvl_ff0p85v25c_i1p16v
                        1.01      (none)               25.00     1.16      saed32rvt_dlvl_ff0p85v25c_i1p16v
                                                                                                saed32rvt_dlvl_ff0p85v25c_i1p16v.db
                                                                                                                     4        active
   dlvl_tt0p85vn40c_i0p85v
                        1.00      (none)               -40.00    0.85      saed32rvt_dlvl_tt0p85vn40c_i0p85v
                                                                                                saed32rvt_dlvl_tt0p85vn40c_i0p85v.db
                                                                                                                     5        active
   dlvl_ss0p7v125c_i0p95v
                        0.99      (none)               125.00    0.95      saed32rvt_dlvl_ss0p7v125c_i0p95v
                                                                                                saed32rvt_dlvl_ss0p7v125c_i0p95v.db
                                                                                                                     6        active
   dlvl_ss0p7v125c_i0p7v
                        0.99      (none)               125.00    0.70      saed32rvt_dlvl_ss0p7v125c_i0p7v
                                                                                                saed32rvt_dlvl_ss0p7v125c_i0p7v.db
                                                                                                                     7        active
   dlvl_ff0p95v25c_i1p16v
                        1.01      (none)               25.00     1.16      saed32rvt_dlvl_ff0p95v25c_i1p16v
                                                                                                saed32rvt_dlvl_ff0p95v25c_i1p16v.db
                                                                                                                     8        active
   dlvl_ss0p75vn40c_i0p75v
                        0.99      (none)               -40.00    0.75      saed32rvt_dlvl_ss0p75vn40c_i0p75v
                                                                                                saed32rvt_dlvl_ss0p75vn40c_i0p75v.db
                                                                                                                     9        active
   dlvl_ff0p85v25c_i0p85v
                        1.01      (none)               25.00     0.85      saed32rvt_dlvl_ff0p85v25c_i0p85v
                                                                                                saed32rvt_dlvl_ff0p85v25c_i0p85v.db
                                                                                                                     10       active
   dlvl_ss0p95vn40c_i0p95v
                        0.99      (none)               -40.00    0.95      saed32rvt_dlvl_ss0p95vn40c_i0p95v
                                                                                                saed32rvt_dlvl_ss0p95vn40c_i0p95v.db
                                                                                                                     11       active
   dlvl_ss0p7vn40c_i0p95v
                        0.99      (none)               -40.00    0.95      saed32rvt_dlvl_ss0p7vn40c_i0p95v
                                                                                                saed32rvt_dlvl_ss0p7vn40c_i0p95v.db
                                                                                                                     12       active
   dlvl_tt0p78v125c_i1p05v
                        1.00      (none)               125.00    1.05      saed32rvt_dlvl_tt0p78v125c_i1p05v
                                                                                                saed32rvt_dlvl_tt0p78v125c_i1p05v.db
                                                                                                                     13       active
   dlvl_tt0p85vn40c_i1p05v
                        1.00      (none)               -40.00    1.05      saed32rvt_dlvl_tt0p85vn40c_i1p05v
                                                                                                saed32rvt_dlvl_tt0p85vn40c_i1p05v.db
                                                                                                                     14       active
   dlvl_ff1p16vn40c_i1p16v
                        1.01      (none)               -40.00    1.16      saed32rvt_dlvl_ff1p16vn40c_i1p16v
                                                                                                saed32rvt_dlvl_ff1p16vn40c_i1p16v.db
                                                                                                                     15       active
   dlvl_ss0p7v25c_i0p95v
                        0.99      (none)               25.00     0.95      saed32rvt_dlvl_ss0p7v25c_i0p95v
                                                                                                saed32rvt_dlvl_ss0p7v25c_i0p95v.db
                                                                                                                     16       active
   dlvl_tt0p85v25c_i1p05v
                        1.00      (none)               25.00     1.05      saed32rvt_dlvl_tt0p85v25c_i1p05v
                                                                                                saed32rvt_dlvl_tt0p85v25c_i1p05v.db
                                                                                                                     17       active
   dlvl_tt1p05v25c_i1p05v
                        1.00      (none)               25.00     1.05      saed32rvt_dlvl_tt1p05v25c_i1p05v
                                                                                                saed32rvt_dlvl_tt1p05v25c_i1p05v.db
                                                                                                                     18       active
   dlvl_ff1p16v125c_i1p16v
                        1.01      (none)               125.00    1.16      saed32rvt_dlvl_ff1p16v125c_i1p16v
                                                                                                saed32rvt_dlvl_ff1p16v125c_i1p16v.db
                                                                                                                     19       active
   dlvl_tt0p85v125c_i1p05v
                        1.00      (none)               125.00    1.05      saed32rvt_dlvl_tt0p85v125c_i1p05v
                                                                                                saed32rvt_dlvl_tt0p85v125c_i1p05v.db
                                                                                                                     20       active
   dlvl_ff0p95vn40c_i1p16v
                        1.01      (none)               -40.00    1.16      saed32rvt_dlvl_ff0p95vn40c_i1p16v
                                                                                                saed32rvt_dlvl_ff0p95vn40c_i1p16v.db
                                                                                                                     21       active
   dlvl_tt0p78vn40c_i0p78v
                        1.00      (none)               -40.00    0.78      saed32rvt_dlvl_tt0p78vn40c_i0p78v
                                                                                                saed32rvt_dlvl_tt0p78vn40c_i0p78v.db
                                                                                                                     22       active
   dlvl_ff0p85vn40c_i1p16v
                        1.01      (none)               -40.00    1.16      saed32rvt_dlvl_ff0p85vn40c_i1p16v
                                                                                                saed32rvt_dlvl_ff0p85vn40c_i1p16v.db
                                                                                                                     23       active
   dlvl_tt1p05v125c_i1p05v
                        1.00      (none)               125.00    1.05      saed32rvt_dlvl_tt1p05v125c_i1p05v
                                                                                                saed32rvt_dlvl_tt1p05v125c_i1p05v.db
                                                                                                                     24       active
   dlvl_tt0p85v125c_i0p85v
                        1.00      (none)               125.00    0.85      saed32rvt_dlvl_tt0p85v125c_i0p85v
                                                                                                saed32rvt_dlvl_tt0p85v125c_i0p85v.db
                                                                                                                     25       active
   dlvl_tt0p85v25c_i0p85v
                        1.00      (none)               25.00     0.85      saed32rvt_dlvl_tt0p85v25c_i0p85v
                                                                                                saed32rvt_dlvl_tt0p85v25c_i0p85v.db
                                                                                                                     26       active
   dlvl_ss0p95v125c_i0p95v
                        0.99      (none)               125.00    0.95      saed32rvt_dlvl_ss0p95v125c_i0p95v
                                                                                                saed32rvt_dlvl_ss0p95v125c_i0p95v.db
                                                                                                                     27       active
   dlvl_ss0p75vn40c_i0p95v
                        0.99      (none)               -40.00    0.95      saed32rvt_dlvl_ss0p75vn40c_i0p95v
                                                                                                saed32rvt_dlvl_ss0p75vn40c_i0p95v.db
                                                                                                                     28       active
   dlvl_ff0p95v125c_i1p16v
                        1.01      (none)               125.00    1.16      saed32rvt_dlvl_ff0p95v125c_i1p16v
                                                                                                saed32rvt_dlvl_ff0p95v125c_i1p16v.db
                                                                                                                     29       active
   dlvl_tt0p78v25c_i0p78v
                        1.00      (none)               25.00     0.78      saed32rvt_dlvl_tt0p78v25c_i0p78v
                                                                                                saed32rvt_dlvl_tt0p78v25c_i0p78v.db
                                                                                                                     30       active
   dlvl_tt0p78v25c_i1p05v
                        1.00      (none)               25.00     1.05      saed32rvt_dlvl_tt0p78v25c_i1p05v
                                                                                                saed32rvt_dlvl_tt0p78v25c_i1p05v.db
                                                                                                                     31       active
   dlvl_tt0p78vn40c_i1p05v
                        1.00      (none)               -40.00    1.05      saed32rvt_dlvl_tt0p78vn40c_i1p05v
                                                                                                saed32rvt_dlvl_tt0p78vn40c_i1p05v.db
                                                                                                                     32       active
   dlvl_ff0p95vn40c_i0p95v
                        1.01      (none)               -40.00    0.95      saed32rvt_dlvl_ff0p95vn40c_i0p95v
                                                                                                saed32rvt_dlvl_ff0p95vn40c_i0p95v.db
                                                                                                                     33       active
   dlvl_ss0p95v25c_i0p95v
                        0.99      (none)               25.00     0.95      saed32rvt_dlvl_ss0p95v25c_i0p95v
                                                                                                saed32rvt_dlvl_ss0p95v25c_i0p95v.db
                                                                                                                     34       active
   dlvl_ff0p85vn40c_i0p85v
                        1.01      (none)               -40.00    0.85      saed32rvt_dlvl_ff0p85vn40c_i0p85v
                                                                                                saed32rvt_dlvl_ff0p85vn40c_i0p85v.db
                                                                                                                     35       active
   dlvl_ff1p16v25c_i1p16v
                        1.01      (none)               25.00     1.16      saed32rvt_dlvl_ff1p16v25c_i1p16v
                                                                                                saed32rvt_dlvl_ff1p16v25c_i1p16v.db
                                                                                                                     36       active
   dlvl_ff0p95v25c_i0p95v
                        1.01      (none)               25.00     0.95      saed32rvt_dlvl_ff0p95v25c_i0p95v
                                                                                                saed32rvt_dlvl_ff0p95v25c_i0p95v.db
                                                                                                                     37       active
   dlvl_ss0p75v25c_i0p75v
                        0.99      (none)               25.00     0.75      saed32rvt_dlvl_ss0p75v25c_i0p75v
                                                                                                saed32rvt_dlvl_ss0p75v25c_i0p75v.db
                                                                                                                     38       active
   dlvl_ss0p75v25c_i0p95v
                        0.99      (none)               25.00     0.95      saed32rvt_dlvl_ss0p75v25c_i0p95v
                                                                                                saed32rvt_dlvl_ss0p75v25c_i0p95v.db
                                                                                                                     39       active
   dlvl_tt0p78v125c_i0p78v
                        1.00      (none)               125.00    0.78      saed32rvt_dlvl_tt0p78v125c_i0p78v
                                                                                                saed32rvt_dlvl_tt0p78v125c_i0p78v.db
                                                                                                                     40       active
   dlvl_ss0p75v125c_i0p75v
                        0.99      (none)               125.00    0.75      saed32rvt_dlvl_ss0p75v125c_i0p75v
                                                                                                saed32rvt_dlvl_ss0p75v125c_i0p75v.db
                                                                                                                     41       active
   dlvl_tt1p05vn40c_i1p05v
                        1.00      (none)               -40.00    1.05      saed32rvt_dlvl_tt1p05vn40c_i1p05v
                                                                                                saed32rvt_dlvl_tt1p05vn40c_i1p05v.db
                                                                                                                     42       active
   dlvl_ff0p85v125c_i1p16v
                        1.01      (none)               125.00    1.16      saed32rvt_dlvl_ff0p85v125c_i1p16v
                                                                                                saed32rvt_dlvl_ff0p85v125c_i1p16v.db
                                                                                                                     43       active
   dlvl_ss0p75v125c_i0p95v
                        0.99      (none)               125.00    0.95      saed32rvt_dlvl_ss0p75v125c_i0p95v
                                                                                                saed32rvt_dlvl_ss0p75v125c_i0p95v.db
                                                                                                                     44       active

   Name                 Power Rail
   --------------------------------------------------------------------------------------------------------------------------------------
   dlvl_ss0p7vn40c_i0p7v
                        ("VDDH",0.70) ("VDDL",0.70) ("VSS",0.00) 
   dlvl_ff0p85v125c_i0p85v
                        ("VDDH",0.85) ("VDDL",0.85) ("VSS",0.00) 
   dlvl_ss0p7v25c_i0p7v ("VDDH",0.70) ("VDDL",0.70) ("VSS",0.00) 
   dlvl_ff0p95v125c_i0p95v
                        ("VDDH",0.95) ("VDDL",0.95) ("VSS",0.00) 
   dlvl_ff0p85v25c_i1p16v
                        ("VDDH",1.16) ("VDDL",0.85) ("VSS",0.00) 
   dlvl_tt0p85vn40c_i0p85v
                        ("VDDH",0.85) ("VDDL",0.85) ("VSS",0.00) 
   dlvl_ss0p7v125c_i0p95v
                        ("VDDH",0.95) ("VDDL",0.70) ("VSS",0.00) 
   dlvl_ss0p7v125c_i0p7v
                        ("VDDH",0.70) ("VDDL",0.70) ("VSS",0.00) 
   dlvl_ff0p95v25c_i1p16v
                        ("VDDH",1.16) ("VDDL",0.95) ("VSS",0.00) 
   dlvl_ss0p75vn40c_i0p75v
                        ("VDDH",0.75) ("VDDL",0.75) ("VSS",0.00) 
   dlvl_ff0p85v25c_i0p85v
                        ("VDDH",0.85) ("VDDL",0.85) ("VSS",0.00) 
   dlvl_ss0p95vn40c_i0p95v
                        ("VDDH",0.95) ("VDDL",0.95) ("VSS",0.00) 
   dlvl_ss0p7vn40c_i0p95v
                        ("VDDH",0.95) ("VDDL",0.70) ("VSS",0.00) 
   dlvl_tt0p78v125c_i1p05v
                        ("VDDH",1.05) ("VDDL",0.78) ("VSS",0.00) 
   dlvl_tt0p85vn40c_i1p05v
                        ("VDDH",1.05) ("VDDL",0.85) ("VSS",0.00) 
   dlvl_ff1p16vn40c_i1p16v
                        ("VDDH",1.16) ("VDDL",1.16) ("VSS",0.00) 
   dlvl_ss0p7v25c_i0p95v
                        ("VDDH",0.95) ("VDDL",0.70) ("VSS",0.00) 
   dlvl_tt0p85v25c_i1p05v
                        ("VDDH",1.05) ("VDDL",0.85) ("VSS",0.00) 
   dlvl_tt1p05v25c_i1p05v
                        ("VDDH",1.05) ("VDDL",1.05) ("VSS",0.00) 
   dlvl_ff1p16v125c_i1p16v
                        ("VDDH",1.16) ("VDDL",1.16) ("VSS",0.00) 
   dlvl_tt0p85v125c_i1p05v
                        ("VDDH",1.05) ("VDDL",0.85) ("VSS",0.00) 
   dlvl_ff0p95vn40c_i1p16v
                        ("VDDH",1.16) ("VDDL",0.95) ("VSS",0.00) 
   dlvl_tt0p78vn40c_i0p78v
                        ("VDDH",0.78) ("VDDL",0.78) ("VSS",0.00) 
   dlvl_ff0p85vn40c_i1p16v
                        ("VDDH",1.16) ("VDDL",0.85) ("VSS",0.00) 
   dlvl_tt1p05v125c_i1p05v
                        ("VDDH",1.05) ("VDDL",1.05) ("VSS",0.00) 
   dlvl_tt0p85v125c_i0p85v
                        ("VDDH",0.85) ("VDDL",0.85) ("VSS",0.00) 
   dlvl_tt0p85v25c_i0p85v
                        ("VDDH",0.85) ("VDDL",0.85) ("VSS",0.00) 
   dlvl_ss0p95v125c_i0p95v
                        ("VDDH",0.95) ("VDDL",0.95) ("VSS",0.00) 
   dlvl_ss0p75vn40c_i0p95v
                        ("VDDH",0.95) ("VDDL",0.75) ("VSS",0.00) 
   dlvl_ff0p95v125c_i1p16v
                        ("VDDH",1.16) ("VDDL",0.95) ("VSS",0.00) 
   dlvl_tt0p78v25c_i0p78v
                        ("VDDH",0.78) ("VDDL",0.78) ("VSS",0.00) 
   dlvl_tt0p78v25c_i1p05v
                        ("VDDH",1.05) ("VDDL",0.78) ("VSS",0.00) 
   dlvl_tt0p78vn40c_i1p05v
                        ("VDDH",1.05) ("VDDL",0.78) ("VSS",0.00) 
   dlvl_ff0p95vn40c_i0p95v
                        ("VDDH",0.95) ("VDDL",0.95) ("VSS",0.00) 
   dlvl_ss0p95v25c_i0p95v
                        ("VDDH",0.95) ("VDDL",0.95) ("VSS",0.00) 
   dlvl_ff0p85vn40c_i0p85v
                        ("VDDH",0.85) ("VDDL",0.85) ("VSS",0.00) 
   dlvl_ff1p16v25c_i1p16v
                        ("VDDH",1.16) ("VDDL",1.16) ("VSS",0.00) 
   dlvl_ff0p95v25c_i0p95v
                        ("VDDH",0.95) ("VDDL",0.95) ("VSS",0.00) 
   dlvl_ss0p75v25c_i0p75v
                        ("VDDH",0.75) ("VDDL",0.75) ("VSS",0.00) 
   dlvl_ss0p75v25c_i0p95v
                        ("VDDH",0.95) ("VDDL",0.75) ("VSS",0.00) 
   dlvl_tt0p78v125c_i0p78v
                        ("VDDH",0.78) ("VDDL",0.78) ("VSS",0.00) 
   dlvl_ss0p75v125c_i0p75v
                        ("VDDH",0.75) ("VDDL",0.75) ("VSS",0.00) 
   dlvl_tt1p05vn40c_i1p05v
                        ("VDDH",1.05) ("VDDL",1.05) ("VSS",0.00) 
   dlvl_ff0p85v125c_i1p16v
                        ("VDDH",1.16) ("VDDL",0.85) ("VSS",0.00) 
   dlvl_ss0p75v125c_i0p95v
                        ("VDDH",0.95) ("VDDL",0.75) ("VSS",0.00) 




===== saed32rvt_ulvl_v =====
****************************************
Report : library
Library: saed32rvt_ulvl_v
Version: W-2024.09-SP3
Date   : Thu Aug  6 12:26:29 2026
****************************************

Full name: /home/inf01185/matheus.almeida/ci-expert/6-riscv-rvx/01_Lab_pads/saed32rvt_ulvl_v:saed32rvt_ulvl_v
File name: /home/inf01185/matheus.almeida/ci-expert/6-riscv-rvx/01_Lab_pads/saed32rvt_ulvl_v
Design count: 12

--------------------------------------------------------------------------------
** Timing Data:

Power rails:

Index  Name        Type
  0    <default>   power
  1    VDDH        power
  2    VDDL        power
  3    VSS         ground

Pane count: 45

Pane 0:
  Process label: (none)
  Process number: 1.01
  Voltage rail count: 4
  Voltage for rail 0 (<default>): 1.16
  Voltage for rail 1 (VDDH): 1.16
  Voltage for rail 2 (VDDL): 0.95
  Voltage for rail 3 (VSS): 0
  Temperature: -40

  Thresholds:
    r/f InputDelay: 0.5/0.5  r/f OutputDelay: 0.5/0.5
    l/h RiseTrans:  0.2/0.8  h/l FallTrans:   0.8/0.2
    TransDerate:    1

  Source .db file:
    /home/inf01185/matheus.almeida/ci-expert/6-riscv-rvx/01_Lab_pads/saed32rvt_ulvl_v/saed32rvt_ulvl_ff1p16vn40c_i0p95v.db



Pane 1:
  Process label: (none)
  Process number: 0.99
  Voltage rail count: 4
  Voltage for rail 0 (<default>): 0.75
  Voltage for rail 1 (VDDH): 0.75
  Voltage for rail 2 (VDDL): 0.75
  Voltage for rail 3 (VSS): 0
  Temperature: 25

  Thresholds:
    r/f InputDelay: 0.5/0.5  r/f OutputDelay: 0.5/0.5
    l/h RiseTrans:  0.2/0.8  h/l FallTrans:   0.8/0.2
    TransDerate:    1

  Source .db file:
    /home/inf01185/matheus.almeida/ci-expert/6-riscv-rvx/01_Lab_pads/saed32rvt_ulvl_v/saed32rvt_ulvl_ss0p75v25c_i0p75v.db



Pane 2:
  Process label: (none)
  Process number: 0.99
  Voltage rail count: 4
  Voltage for rail 0 (<default>): 0.95
  Voltage for rail 1 (VDDH): 0.95
  Voltage for rail 2 (VDDL): 0.75
  Voltage for rail 3 (VSS): 0
  Temperature: 25

  Thresholds:
    r/f InputDelay: 0.5/0.5  r/f OutputDelay: 0.5/0.5
    l/h RiseTrans:  0.2/0.8  h/l FallTrans:   0.8/0.2
    TransDerate:    1

  Source .db file:
    /home/inf01185/matheus.almeida/ci-expert/6-riscv-rvx/01_Lab_pads/saed32rvt_ulvl_v/saed32rvt_ulvl_ss0p95v25c_i0p75v.db



Pane 3:
  Process label: (none)
  Process number: 1.01
  Voltage rail count: 4
  Voltage for rail 0 (<default>): 1.16
  Voltage for rail 1 (VDDH): 1.16
  Voltage for rail 2 (VDDL): 1.16
  Voltage for rail 3 (VSS): 0
  Temperature: 125

  Thresholds:
    r/f InputDelay: 0.5/0.5  r/f OutputDelay: 0.5/0.5
    l/h RiseTrans:  0.2/0.8  h/l FallTrans:   0.8/0.2
    TransDerate:    1

  Source .db file:
    /home/inf01185/matheus.almeida/ci-expert/6-riscv-rvx/01_Lab_pads/saed32rvt_ulvl_v/saed32rvt_ulvl_ff1p16v125c_i1p16v.db



Pane 4:
  Process label: (none)
  Process number: 1.01
  Voltage rail count: 4
  Voltage for rail 0 (<default>): 1.16
  Voltage for rail 1 (VDDH): 1.16
  Voltage for rail 2 (VDDL): 0.85
  Voltage for rail 3 (VSS): 0
  Temperature: 25

  Thresholds:
    r/f InputDelay: 0.5/0.5  r/f OutputDelay: 0.5/0.5
    l/h RiseTrans:  0.2/0.8  h/l FallTrans:   0.8/0.2
    TransDerate:    1

  Source .db file:
    /home/inf01185/matheus.almeida/ci-expert/6-riscv-rvx/01_Lab_pads/saed32rvt_ulvl_v/saed32rvt_ulvl_ff1p16v25c_i0p85v.db



Pane 5:
  Process label: (none)
  Process number: 0.99
  Voltage rail count: 4
  Voltage for rail 0 (<default>): 0.7
  Voltage for rail 1 (VDDH): 0.7
  Voltage for rail 2 (VDDL): 0.7
  Voltage for rail 3 (VSS): 0
  Temperature: 25

  Thresholds:
    r/f InputDelay: 0.5/0.5  r/f OutputDelay: 0.5/0.5
    l/h RiseTrans:  0.2/0.8  h/l FallTrans:   0.8/0.2
    TransDerate:    1

  Source .db file:
    /home/inf01185/matheus.almeida/ci-expert/6-riscv-rvx/01_Lab_pads/saed32rvt_ulvl_v/saed32rvt_ulvl_ss0p7v25c_i0p7v.db



Pane 6:
  Process label: (none)
  Process number: 0.99
  Voltage rail count: 4
  Voltage for rail 0 (<default>): 0.75
  Voltage for rail 1 (VDDH): 0.75
  Voltage for rail 2 (VDDL): 0.75
  Voltage for rail 3 (VSS): 0
  Temperature: -40

  Thresholds:
    r/f InputDelay: 0.5/0.5  r/f OutputDelay: 0.5/0.5
    l/h RiseTrans:  0.2/0.8  h/l FallTrans:   0.8/0.2
    TransDerate:    1

  Source .db file:
    /home/inf01185/matheus.almeida/ci-expert/6-riscv-rvx/01_Lab_pads/saed32rvt_ulvl_v/saed32rvt_ulvl_ss0p75vn40c_i0p75v.db



Pane 7:
  Process label: (none)
  Process number: 0.99
  Voltage rail count: 4
  Voltage for rail 0 (<default>): 0.75
  Voltage for rail 1 (VDDH): 0.75
  Voltage for rail 2 (VDDL): 0.75
  Voltage for rail 3 (VSS): 0
  Temperature: 125

  Thresholds:
    r/f InputDelay: 0.5/0.5  r/f OutputDelay: 0.5/0.5
    l/h RiseTrans:  0.2/0.8  h/l FallTrans:   0.8/0.2
    TransDerate:    1

  Source .db file:
    /home/inf01185/matheus.almeida/ci-expert/6-riscv-rvx/01_Lab_pads/saed32rvt_ulvl_v/saed32rvt_ulvl_ss0p75v125c_i0p75v.db



Pane 8:
  Process label: (none)
  Process number: 1.01
  Voltage rail count: 4
  Voltage for rail 0 (<default>): 1.16
  Voltage for rail 1 (VDDH): 1.16
  Voltage for rail 2 (VDDL): 0.85
  Voltage for rail 3 (VSS): 0
  Temperature: -40

  Thresholds:
    r/f InputDelay: 0.5/0.5  r/f OutputDelay: 0.5/0.5
    l/h RiseTrans:  0.2/0.8  h/l FallTrans:   0.8/0.2
    TransDerate:    1

  Source .db file:
    /home/inf01185/matheus.almeida/ci-expert/6-riscv-rvx/01_Lab_pads/saed32rvt_ulvl_v/saed32rvt_ulvl_ff1p16vn40c_i0p85v.db



Pane 9:
  Process label: (none)
  Process number: 1
  Voltage rail count: 4
  Voltage for rail 0 (<default>): 1.05
  Voltage for rail 1 (VDDH): 1.05
  Voltage for rail 2 (VDDL): 0.85
  Voltage for rail 3 (VSS): 0
  Temperature: -40

  Thresholds:
    r/f InputDelay: 0.5/0.5  r/f OutputDelay: 0.5/0.5
    l/h RiseTrans:  0.2/0.8  h/l FallTrans:   0.8/0.2
    TransDerate:    1

  Source .db file:
    /home/inf01185/matheus.almeida/ci-expert/6-riscv-rvx/01_Lab_pads/saed32rvt_ulvl_v/saed32rvt_ulvl_tt1p05vn40c_i0p85v.db



Pane 10:
  Process label: (none)
  Process number: 1
  Voltage rail count: 4
  Voltage for rail 0 (<default>): 1.05
  Voltage for rail 1 (VDDH): 1.05
  Voltage for rail 2 (VDDL): 1.05
  Voltage for rail 3 (VSS): 0
  Temperature: -40

  Thresholds:
    r/f InputDelay: 0.5/0.5  r/f OutputDelay: 0.5/0.5
    l/h RiseTrans:  0.2/0.8  h/l FallTrans:   0.8/0.2
    TransDerate:    1

  Source .db file:
    /home/inf01185/matheus.almeida/ci-expert/6-riscv-rvx/01_Lab_pads/saed32rvt_ulvl_v/saed32rvt_ulvl_tt1p05vn40c_i1p05v.db



Pane 11:
  Process label: (none)
  Process number: 0.99
  Voltage rail count: 4
  Voltage for rail 0 (<default>): 0.95
  Voltage for rail 1 (VDDH): 0.95
  Voltage for rail 2 (VDDL): 0.95
  Voltage for rail 3 (VSS): 0
  Temperature: -40

  Thresholds:
    r/f InputDelay: 0.5/0.5  r/f OutputDelay: 0.5/0.5
    l/h RiseTrans:  0.2/0.8  h/l FallTrans:   0.8/0.2
    TransDerate:    1

  Source .db file:
    /home/inf01185/matheus.almeida/ci-expert/6-riscv-rvx/01_Lab_pads/saed32rvt_ulvl_v/saed32rvt_ulvl_ss0p95vn40c_i0p95v.db



Pane 12:
  Process label: (none)
  Process number: 0.99
  Voltage rail count: 4
  Voltage for rail 0 (<default>): 0.95
  Voltage for rail 1 (VDDH): 0.95
  Voltage for rail 2 (VDDL): 0.7
  Voltage for rail 3 (VSS): 0
  Temperature: 25

  Thresholds:
    r/f InputDelay: 0.5/0.5  r/f OutputDelay: 0.5/0.5
    l/h RiseTrans:  0.2/0.8  h/l FallTrans:   0.8/0.2
    TransDerate:    1

  Source .db file:
    /home/inf01185/matheus.almeida/ci-expert/6-riscv-rvx/01_Lab_pads/saed32rvt_ulvl_v/saed32rvt_ulvl_ss0p95v25c_i0p7v.db



Pane 13:
  Process label: (none)
  Process number: 0.99
  Voltage rail count: 4
  Voltage for rail 0 (<default>): 0.95
  Voltage for rail 1 (VDDH): 0.95
  Voltage for rail 2 (VDDL): 0.75
  Voltage for rail 3 (VSS): 0
  Temperature: -40

  Thresholds:
    r/f InputDelay: 0.5/0.5  r/f OutputDelay: 0.5/0.5
    l/h RiseTrans:  0.2/0.8  h/l FallTrans:   0.8/0.2
    TransDerate:    1

  Source .db file:
    /home/inf01185/matheus.almeida/ci-expert/6-riscv-rvx/01_Lab_pads/saed32rvt_ulvl_v/saed32rvt_ulvl_ss0p95vn40c_i0p75v.db



Pane 14:
  Process label: (none)
  Process number: 1
  Voltage rail count: 4
  Voltage for rail 0 (<default>): 1.05
  Voltage for rail 1 (VDDH): 1.05
  Voltage for rail 2 (VDDL): 0.78
  Voltage for rail 3 (VSS): 0
  Temperature: 125

  Thresholds:
    r/f InputDelay: 0.5/0.5  r/f OutputDelay: 0.5/0.5
    l/h RiseTrans:  0.2/0.8  h/l FallTrans:   0.8/0.2
    TransDerate:    1

  Source .db file:
    /home/inf01185/matheus.almeida/ci-expert/6-riscv-rvx/01_Lab_pads/saed32rvt_ulvl_v/saed32rvt_ulvl_tt1p05v125c_i0p78v.db



Pane 15:
  Process label: (none)
  Process number: 1.01
  Voltage rail count: 4
  Voltage for rail 0 (<default>): 0.85
  Voltage for rail 1 (VDDH): 0.85
  Voltage for rail 2 (VDDL): 0.85
  Voltage for rail 3 (VSS): 0
  Temperature: 125

  Thresholds:
    r/f InputDelay: 0.5/0.5  r/f OutputDelay: 0.5/0.5
    l/h RiseTrans:  0.2/0.8  h/l FallTrans:   0.8/0.2
    TransDerate:    1

  Source .db file:
    /home/inf01185/matheus.almeida/ci-expert/6-riscv-rvx/01_Lab_pads/saed32rvt_ulvl_v/saed32rvt_ulvl_ff0p85v125c_i0p85v.db



Pane 16:
  Process label: (none)
  Process number: 0.99
  Voltage rail count: 4
  Voltage for rail 0 (<default>): 0.7
  Voltage for rail 1 (VDDH): 0.7
  Voltage for rail 2 (VDDL): 0.7
  Voltage for rail 3 (VSS): 0
  Temperature: -40

  Thresholds:
    r/f InputDelay: 0.5/0.5  r/f OutputDelay: 0.5/0.5
    l/h RiseTrans:  0.2/0.8  h/l FallTrans:   0.8/0.2
    TransDerate:    1

  Source .db file:
    /home/inf01185/matheus.almeida/ci-expert/6-riscv-rvx/01_Lab_pads/saed32rvt_ulvl_v/saed32rvt_ulvl_ss0p7vn40c_i0p7v.db



Pane 17:
  Process label: (none)
  Process number: 1
  Voltage rail count: 4
  Voltage for rail 0 (<default>): 0.85
  Voltage for rail 1 (VDDH): 0.85
  Voltage for rail 2 (VDDL): 0.85
  Voltage for rail 3 (VSS): 0
  Temperature: 125

  Thresholds:
    r/f InputDelay: 0.5/0.5  r/f OutputDelay: 0.5/0.5
    l/h RiseTrans:  0.2/0.8  h/l FallTrans:   0.8/0.2
    TransDerate:    1

  Source .db file:
    /home/inf01185/matheus.almeida/ci-expert/6-riscv-rvx/01_Lab_pads/saed32rvt_ulvl_v/saed32rvt_ulvl_tt0p85v125c_i0p85v.db



Pane 18:
  Process label: (none)
  Process number: 1
  Voltage rail count: 4
  Voltage for rail 0 (<default>): 1.05
  Voltage for rail 1 (VDDH): 1.05
  Voltage for rail 2 (VDDL): 0.85
  Voltage for rail 3 (VSS): 0
  Temperature: 125

  Thresholds:
    r/f InputDelay: 0.5/0.5  r/f OutputDelay: 0.5/0.5
    l/h RiseTrans:  0.2/0.8  h/l FallTrans:   0.8/0.2
    TransDerate:    1

  Source .db file:
    /home/inf01185/matheus.almeida/ci-expert/6-riscv-rvx/01_Lab_pads/saed32rvt_ulvl_v/saed32rvt_ulvl_tt1p05v125c_i0p85v.db



Pane 19:
  Process label: (none)
  Process number: 1
  Voltage rail count: 4
  Voltage for rail 0 (<default>): 0.78
  Voltage for rail 1 (VDDH): 0.78
  Voltage for rail 2 (VDDL): 0.78
  Voltage for rail 3 (VSS): 0
  Temperature: 25

  Thresholds:
    r/f InputDelay: 0.5/0.5  r/f OutputDelay: 0.5/0.5
    l/h RiseTrans:  0.2/0.8  h/l FallTrans:   0.8/0.2
    TransDerate:    1

  Source .db file:
    /home/inf01185/matheus.almeida/ci-expert/6-riscv-rvx/01_Lab_pads/saed32rvt_ulvl_v/saed32rvt_ulvl_tt0p78v25c_i0p78v.db



Pane 20:
  Process label: (none)
  Process number: 1
  Voltage rail count: 4
  Voltage for rail 0 (<default>): 0.85
  Voltage for rail 1 (VDDH): 0.85
  Voltage for rail 2 (VDDL): 0.85
  Voltage for rail 3 (VSS): 0
  Temperature: 25

  Thresholds:
    r/f InputDelay: 0.5/0.5  r/f OutputDelay: 0.5/0.5
    l/h RiseTrans:  0.2/0.8  h/l FallTrans:   0.8/0.2
    TransDerate:    1

  Source .db file:
    /home/inf01185/matheus.almeida/ci-expert/6-riscv-rvx/01_Lab_pads/saed32rvt_ulvl_v/saed32rvt_ulvl_tt0p85v25c_i0p85v.db



Pane 21:
  Process label: (none)
  Process number: 0.99
  Voltage rail count: 4
  Voltage for rail 0 (<default>): 0.95
  Voltage for rail 1 (VDDH): 0.95
  Voltage for rail 2 (VDDL): 0.95
  Voltage for rail 3 (VSS): 0
  Temperature: 25

  Thresholds:
    r/f InputDelay: 0.5/0.5  r/f OutputDelay: 0.5/0.5
    l/h RiseTrans:  0.2/0.8  h/l FallTrans:   0.8/0.2
    TransDerate:    1

  Source .db file:
    /home/inf01185/matheus.almeida/ci-expert/6-riscv-rvx/01_Lab_pads/saed32rvt_ulvl_v/saed32rvt_ulvl_ss0p95v25c_i0p95v.db



Pane 22:
  Process label: (none)
  Process number: 1
  Voltage rail count: 4
  Voltage for rail 0 (<default>): 1.05
  Voltage for rail 1 (VDDH): 1.05
  Voltage for rail 2 (VDDL): 0.85
  Voltage for rail 3 (VSS): 0
  Temperature: 25

  Thresholds:
    r/f InputDelay: 0.5/0.5  r/f OutputDelay: 0.5/0.5
    l/h RiseTrans:  0.2/0.8  h/l FallTrans:   0.8/0.2
    TransDerate:    1

  Source .db file:
    /home/inf01185/matheus.almeida/ci-expert/6-riscv-rvx/01_Lab_pads/saed32rvt_ulvl_v/saed32rvt_ulvl_tt1p05v25c_i0p85v.db



Pane 23:
  Process label: (none)
  Process number: 0.99
  Voltage rail count: 4
  Voltage for rail 0 (<default>): 0.7
  Voltage for rail 1 (VDDH): 0.7
  Voltage for rail 2 (VDDL): 0.7
  Voltage for rail 3 (VSS): 0
  Temperature: 125

  Thresholds:
    r/f InputDelay: 0.5/0.5  r/f OutputDelay: 0.5/0.5
    l/h RiseTrans:  0.2/0.8  h/l FallTrans:   0.8/0.2
    TransDerate:    1

  Source .db file:
    /home/inf01185/matheus.almeida/ci-expert/6-riscv-rvx/01_Lab_pads/saed32rvt_ulvl_v/saed32rvt_ulvl_ss0p7v125c_i0p7v.db



Pane 24:
  Process label: (none)
  Process number: 1.01
  Voltage rail count: 4
  Voltage for rail 0 (<default>): 1.16
  Voltage for rail 1 (VDDH): 1.16
  Voltage for rail 2 (VDDL): 0.95
  Voltage for rail 3 (VSS): 0
  Temperature: 25

  Thresholds:
    r/f InputDelay: 0.5/0.5  r/f OutputDelay: 0.5/0.5
    l/h RiseTrans:  0.2/0.8  h/l FallTrans:   0.8/0.2
    TransDerate:    1

  Source .db file:
    /home/inf01185/matheus.almeida/ci-expert/6-riscv-rvx/01_Lab_pads/saed32rvt_ulvl_v/saed32rvt_ulvl_ff1p16v25c_i0p95v.db



Pane 25:
  Process label: (none)
  Process number: 0.99
  Voltage rail count: 4
  Voltage for rail 0 (<default>): 0.95
  Voltage for rail 1 (VDDH): 0.95
  Voltage for rail 2 (VDDL): 0.7
  Voltage for rail 3 (VSS): 0
  Temperature: 125

  Thresholds:
    r/f InputDelay: 0.5/0.5  r/f OutputDelay: 0.5/0.5
    l/h RiseTrans:  0.2/0.8  h/l FallTrans:   0.8/0.2
    TransDerate:    1

  Source .db file:
    /home/inf01185/matheus.almeida/ci-expert/6-riscv-rvx/01_Lab_pads/saed32rvt_ulvl_v/saed32rvt_ulvl_ss0p95v125c_i0p7v.db



Pane 26:
  Process label: (none)
  Process number: 1.01
  Voltage rail count: 4
  Voltage for rail 0 (<default>): 0.95
  Voltage for rail 1 (VDDH): 0.95
  Voltage for rail 2 (VDDL): 0.95
  Voltage for rail 3 (VSS): 0
  Temperature: 125

  Thresholds:
    r/f InputDelay: 0.5/0.5  r/f OutputDelay: 0.5/0.5
    l/h RiseTrans:  0.2/0.8  h/l FallTrans:   0.8/0.2
    TransDerate:    1

  Source .db file:
    /home/inf01185/matheus.almeida/ci-expert/6-riscv-rvx/01_Lab_pads/saed32rvt_ulvl_v/saed32rvt_ulvl_ff0p95v125c_i0p95v.db



Pane 27:
  Process label: (none)
  Process number: 1.01
  Voltage rail count: 4
  Voltage for rail 0 (<default>): 0.95
  Voltage for rail 1 (VDDH): 0.95
  Voltage for rail 2 (VDDL): 0.95
  Voltage for rail 3 (VSS): 0
  Temperature: -40

  Thresholds:
    r/f InputDelay: 0.5/0.5  r/f OutputDelay: 0.5/0.5
    l/h RiseTrans:  0.2/0.8  h/l FallTrans:   0.8/0.2
    TransDerate:    1

  Source .db file:
    /home/inf01185/matheus.almeida/ci-expert/6-riscv-rvx/01_Lab_pads/saed32rvt_ulvl_v/saed32rvt_ulvl_ff0p95vn40c_i0p95v.db



Pane 28:
  Process label: (none)
  Process number: 0.99
  Voltage rail count: 4
  Voltage for rail 0 (<default>): 0.95
  Voltage for rail 1 (VDDH): 0.95
  Voltage for rail 2 (VDDL): 0.75
  Voltage for rail 3 (VSS): 0
  Temperature: 125

  Thresholds:
    r/f InputDelay: 0.5/0.5  r/f OutputDelay: 0.5/0.5
    l/h RiseTrans:  0.2/0.8  h/l FallTrans:   0.8/0.2
    TransDerate:    1

  Source .db file:
    /home/inf01185/matheus.almeida/ci-expert/6-riscv-rvx/01_Lab_pads/saed32rvt_ulvl_v/saed32rvt_ulvl_ss0p95v125c_i0p75v.db



Pane 29:
  Process label: (none)
  Process number: 1.01
  Voltage rail count: 4
  Voltage for rail 0 (<default>): 1.16
  Voltage for rail 1 (VDDH): 1.16
  Voltage for rail 2 (VDDL): 1.16
  Voltage for rail 3 (VSS): 0
  Temperature: -40

  Thresholds:
    r/f InputDelay: 0.5/0.5  r/f OutputDelay: 0.5/0.5
    l/h RiseTrans:  0.2/0.8  h/l FallTrans:   0.8/0.2
    TransDerate:    1

  Source .db file:
    /home/inf01185/matheus.almeida/ci-expert/6-riscv-rvx/01_Lab_pads/saed32rvt_ulvl_v/saed32rvt_ulvl_ff1p16vn40c_i1p16v.db



Pane 30:
  Process label: (none)
  Process number: 1.01
  Voltage rail count: 4
  Voltage for rail 0 (<default>): 1.16
  Voltage for rail 1 (VDDH): 1.16
  Voltage for rail 2 (VDDL): 0.95
  Voltage for rail 3 (VSS): 0
  Temperature: 125

  Thresholds:
    r/f InputDelay: 0.5/0.5  r/f OutputDelay: 0.5/0.5
    l/h RiseTrans:  0.2/0.8  h/l FallTrans:   0.8/0.2
    TransDerate:    1

  Source .db file:
    /home/inf01185/matheus.almeida/ci-expert/6-riscv-rvx/01_Lab_pads/saed32rvt_ulvl_v/saed32rvt_ulvl_ff1p16v125c_i0p95v.db



Pane 31:
  Process label: (none)
  Process number: 1.01
  Voltage rail count: 4
  Voltage for rail 0 (<default>): 0.85
  Voltage for rail 1 (VDDH): 0.85
  Voltage for rail 2 (VDDL): 0.85
  Voltage for rail 3 (VSS): 0
  Temperature: -40

  Thresholds:
    r/f InputDelay: 0.5/0.5  r/f OutputDelay: 0.5/0.5
    l/h RiseTrans:  0.2/0.8  h/l FallTrans:   0.8/0.2
    TransDerate:    1

  Source .db file:
    /home/inf01185/matheus.almeida/ci-expert/6-riscv-rvx/01_Lab_pads/saed32rvt_ulvl_v/saed32rvt_ulvl_ff0p85vn40c_i0p85v.db



Pane 32:
  Process label: (none)
  Process number: 1
  Voltage rail count: 4
  Voltage for rail 0 (<default>): 0.85
  Voltage for rail 1 (VDDH): 0.85
  Voltage for rail 2 (VDDL): 0.85
  Voltage for rail 3 (VSS): 0
  Temperature: -40

  Thresholds:
    r/f InputDelay: 0.5/0.5  r/f OutputDelay: 0.5/0.5
    l/h RiseTrans:  0.2/0.8  h/l FallTrans:   0.8/0.2
    TransDerate:    1

  Source .db file:
    /home/inf01185/matheus.almeida/ci-expert/6-riscv-rvx/01_Lab_pads/saed32rvt_ulvl_v/saed32rvt_ulvl_tt0p85vn40c_i0p85v.db



Pane 33:
  Process label: (none)
  Process number: 1.01
  Voltage rail count: 4
  Voltage for rail 0 (<default>): 0.95
  Voltage for rail 1 (VDDH): 0.95
  Voltage for rail 2 (VDDL): 0.95
  Voltage for rail 3 (VSS): 0
  Temperature: 25

  Thresholds:
    r/f InputDelay: 0.5/0.5  r/f OutputDelay: 0.5/0.5
    l/h RiseTrans:  0.2/0.8  h/l FallTrans:   0.8/0.2
    TransDerate:    1

  Source .db file:
    /home/inf01185/matheus.almeida/ci-expert/6-riscv-rvx/01_Lab_pads/saed32rvt_ulvl_v/saed32rvt_ulvl_ff0p95v25c_i0p95v.db



Pane 34:
  Process label: (none)
  Process number: 1.01
  Voltage rail count: 4
  Voltage for rail 0 (<default>): 0.85
  Voltage for rail 1 (VDDH): 0.85
  Voltage for rail 2 (VDDL): 0.85
  Voltage for rail 3 (VSS): 0
  Temperature: 25

  Thresholds:
    r/f InputDelay: 0.5/0.5  r/f OutputDelay: 0.5/0.5
    l/h RiseTrans:  0.2/0.8  h/l FallTrans:   0.8/0.2
    TransDerate:    1

  Source .db file:
    /home/inf01185/matheus.almeida/ci-expert/6-riscv-rvx/01_Lab_pads/saed32rvt_ulvl_v/saed32rvt_ulvl_ff0p85v25c_i0p85v.db



Pane 35:
  Process label: (none)
  Process number: 1
  Voltage rail count: 4
  Voltage for rail 0 (<default>): 1.05
  Voltage for rail 1 (VDDH): 1.05
  Voltage for rail 2 (VDDL): 1.05
  Voltage for rail 3 (VSS): 0
  Temperature: 125

  Thresholds:
    r/f InputDelay: 0.5/0.5  r/f OutputDelay: 0.5/0.5
    l/h RiseTrans:  0.2/0.8  h/l FallTrans:   0.8/0.2
    TransDerate:    1

  Source .db file:
    /home/inf01185/matheus.almeida/ci-expert/6-riscv-rvx/01_Lab_pads/saed32rvt_ulvl_v/saed32rvt_ulvl_tt1p05v125c_i1p05v.db



Pane 36:
  Process label: (none)
  Process number: 1
  Voltage rail count: 4
  Voltage for rail 0 (<default>): 1.05
  Voltage for rail 1 (VDDH): 1.05
  Voltage for rail 2 (VDDL): 0.78
  Voltage for rail 3 (VSS): 0
  Temperature: 25

  Thresholds:
    r/f InputDelay: 0.5/0.5  r/f OutputDelay: 0.5/0.5
    l/h RiseTrans:  0.2/0.8  h/l FallTrans:   0.8/0.2
    TransDerate:    1

  Source .db file:
    /home/inf01185/matheus.almeida/ci-expert/6-riscv-rvx/01_Lab_pads/saed32rvt_ulvl_v/saed32rvt_ulvl_tt1p05v25c_i0p78v.db



Pane 37:
  Process label: (none)
  Process number: 1
  Voltage rail count: 4
  Voltage for rail 0 (<default>): 1.05
  Voltage for rail 1 (VDDH): 1.05
  Voltage for rail 2 (VDDL): 0.78
  Voltage for rail 3 (VSS): 0
  Temperature: -40

  Thresholds:
    r/f InputDelay: 0.5/0.5  r/f OutputDelay: 0.5/0.5
    l/h RiseTrans:  0.2/0.8  h/l FallTrans:   0.8/0.2
    TransDerate:    1

  Source .db file:
    /home/inf01185/matheus.almeida/ci-expert/6-riscv-rvx/01_Lab_pads/saed32rvt_ulvl_v/saed32rvt_ulvl_tt1p05vn40c_i0p78v.db



Pane 38:
  Process label: (none)
  Process number: 0.99
  Voltage rail count: 4
  Voltage for rail 0 (<default>): 0.95
  Voltage for rail 1 (VDDH): 0.95
  Voltage for rail 2 (VDDL): 0.7
  Voltage for rail 3 (VSS): 0
  Temperature: -40

  Thresholds:
    r/f InputDelay: 0.5/0.5  r/f OutputDelay: 0.5/0.5
    l/h RiseTrans:  0.2/0.8  h/l FallTrans:   0.8/0.2
    TransDerate:    1

  Source .db file:
    /home/inf01185/matheus.almeida/ci-expert/6-riscv-rvx/01_Lab_pads/saed32rvt_ulvl_v/saed32rvt_ulvl_ss0p95vn40c_i0p7v.db



Pane 39:
  Process label: (none)
  Process number: 1
  Voltage rail count: 4
  Voltage for rail 0 (<default>): 0.78
  Voltage for rail 1 (VDDH): 0.78
  Voltage for rail 2 (VDDL): 0.78
  Voltage for rail 3 (VSS): 0
  Temperature: -40

  Thresholds:
    r/f InputDelay: 0.5/0.5  r/f OutputDelay: 0.5/0.5
    l/h RiseTrans:  0.2/0.8  h/l FallTrans:   0.8/0.2
    TransDerate:    1

  Source .db file:
    /home/inf01185/matheus.almeida/ci-expert/6-riscv-rvx/01_Lab_pads/saed32rvt_ulvl_v/saed32rvt_ulvl_tt0p78vn40c_i0p78v.db



Pane 40:
  Process label: (none)
  Process number: 1.01
  Voltage rail count: 4
  Voltage for rail 0 (<default>): 1.16
  Voltage for rail 1 (VDDH): 1.16
  Voltage for rail 2 (VDDL): 1.16
  Voltage for rail 3 (VSS): 0
  Temperature: 25

  Thresholds:
    r/f InputDelay: 0.5/0.5  r/f OutputDelay: 0.5/0.5
    l/h RiseTrans:  0.2/0.8  h/l FallTrans:   0.8/0.2
    TransDerate:    1

  Source .db file:
    /home/inf01185/matheus.almeida/ci-expert/6-riscv-rvx/01_Lab_pads/saed32rvt_ulvl_v/saed32rvt_ulvl_ff1p16v25c_i1p16v.db



Pane 41:
  Process label: (none)
  Process number: 0.99
  Voltage rail count: 4
  Voltage for rail 0 (<default>): 0.95
  Voltage for rail 1 (VDDH): 0.95
  Voltage for rail 2 (VDDL): 0.95
  Voltage for rail 3 (VSS): 0
  Temperature: 125

  Thresholds:
    r/f InputDelay: 0.5/0.5  r/f OutputDelay: 0.5/0.5
    l/h RiseTrans:  0.2/0.8  h/l FallTrans:   0.8/0.2
    TransDerate:    1

  Source .db file:
    /home/inf01185/matheus.almeida/ci-expert/6-riscv-rvx/01_Lab_pads/saed32rvt_ulvl_v/saed32rvt_ulvl_ss0p95v125c_i0p95v.db



Pane 42:
  Process label: (none)
  Process number: 1
  Voltage rail count: 4
  Voltage for rail 0 (<default>): 0.78
  Voltage for rail 1 (VDDH): 0.78
  Voltage for rail 2 (VDDL): 0.78
  Voltage for rail 3 (VSS): 0
  Temperature: 125

  Thresholds:
    r/f InputDelay: 0.5/0.5  r/f OutputDelay: 0.5/0.5
    l/h RiseTrans:  0.2/0.8  h/l FallTrans:   0.8/0.2
    TransDerate:    1

  Source .db file:
    /home/inf01185/matheus.almeida/ci-expert/6-riscv-rvx/01_Lab_pads/saed32rvt_ulvl_v/saed32rvt_ulvl_tt0p78v125c_i0p78v.db



Pane 43:
  Process label: (none)
  Process number: 1
  Voltage rail count: 4
  Voltage for rail 0 (<default>): 1.05
  Voltage for rail 1 (VDDH): 1.05
  Voltage for rail 2 (VDDL): 1.05
  Voltage for rail 3 (VSS): 0
  Temperature: 25

  Thresholds:
    r/f InputDelay: 0.5/0.5  r/f OutputDelay: 0.5/0.5
    l/h RiseTrans:  0.2/0.8  h/l FallTrans:   0.8/0.2
    TransDerate:    1

  Source .db file:
    /home/inf01185/matheus.almeida/ci-expert/6-riscv-rvx/01_Lab_pads/saed32rvt_ulvl_v/saed32rvt_ulvl_tt1p05v25c_i1p05v.db



Pane 44:
  Process label: (none)
  Process number: 1.01
  Voltage rail count: 4
  Voltage for rail 0 (<default>): 1.16
  Voltage for rail 1 (VDDH): 1.16
  Voltage for rail 2 (VDDL): 0.85
  Voltage for rail 3 (VSS): 0
  Temperature: 125

  Thresholds:
    r/f InputDelay: 0.5/0.5  r/f OutputDelay: 0.5/0.5
    l/h RiseTrans:  0.2/0.8  h/l FallTrans:   0.8/0.2
    TransDerate:    1

  Source .db file:
    /home/inf01185/matheus.almeida/ci-expert/6-riscv-rvx/01_Lab_pads/saed32rvt_ulvl_v/saed32rvt_ulvl_ff1p16v125c_i0p85v.db




Data Model Existence : 
  nlpm,nldm 


Source .db libraries:
  saed32rvt_ulvl_ff1p16vn40c_i0p95v.db:saed32rvt_ulvl_ff1p16vn40c_i0p95v
  saed32rvt_ulvl_ss0p75v25c_i0p75v.db:saed32rvt_ulvl_ss0p75v25c_i0p75v
  saed32rvt_ulvl_ss0p95v25c_i0p75v.db:saed32rvt_ulvl_ss0p95v25c_i0p75v
  saed32rvt_ulvl_ff1p16v125c_i1p16v.db:saed32rvt_ulvl_ff1p16v125c_i1p16v
  saed32rvt_ulvl_ff1p16v25c_i0p85v.db:saed32rvt_ulvl_ff1p16v25c_i0p85v
  saed32rvt_ulvl_ss0p7v25c_i0p7v.db:saed32rvt_ulvl_ss0p7v25c_i0p7v
  saed32rvt_ulvl_ss0p75vn40c_i0p75v.db:saed32rvt_ulvl_ss0p75vn40c_i0p75v
  saed32rvt_ulvl_ss0p75v125c_i0p75v.db:saed32rvt_ulvl_ss0p75v125c_i0p75v
  saed32rvt_ulvl_ff1p16vn40c_i0p85v.db:saed32rvt_ulvl_ff1p16vn40c_i0p85v
  saed32rvt_ulvl_tt1p05vn40c_i0p85v.db:saed32rvt_ulvl_tt1p05vn40c_i0p85v
  saed32rvt_ulvl_tt1p05vn40c_i1p05v.db:saed32rvt_ulvl_tt1p05vn40c_i1p05v
  saed32rvt_ulvl_ss0p95vn40c_i0p95v.db:saed32rvt_ulvl_ss0p95vn40c_i0p95v
  saed32rvt_ulvl_ss0p95v25c_i0p7v.db:saed32rvt_ulvl_ss0p95v25c_i0p7v
  saed32rvt_ulvl_ss0p95vn40c_i0p75v.db:saed32rvt_ulvl_ss0p95vn40c_i0p75v
  saed32rvt_ulvl_tt1p05v125c_i0p78v.db:saed32rvt_ulvl_tt1p05v125c_i0p78v
  saed32rvt_ulvl_ff0p85v125c_i0p85v.db:saed32rvt_ulvl_ff0p85v125c_i0p85v
  saed32rvt_ulvl_ss0p7vn40c_i0p7v.db:saed32rvt_ulvl_ss0p7vn40c_i0p7v
  saed32rvt_ulvl_tt0p85v125c_i0p85v.db:saed32rvt_ulvl_tt0p85v125c_i0p85v
  saed32rvt_ulvl_tt1p05v125c_i0p85v.db:saed32rvt_ulvl_tt1p05v125c_i0p85v
  saed32rvt_ulvl_tt0p78v25c_i0p78v.db:saed32rvt_ulvl_tt0p78v25c_i0p78v
  saed32rvt_ulvl_tt0p85v25c_i0p85v.db:saed32rvt_ulvl_tt0p85v25c_i0p85v
  saed32rvt_ulvl_ss0p95v25c_i0p95v.db:saed32rvt_ulvl_ss0p95v25c_i0p95v
  saed32rvt_ulvl_tt1p05v25c_i0p85v.db:saed32rvt_ulvl_tt1p05v25c_i0p85v
  saed32rvt_ulvl_ss0p7v125c_i0p7v.db:saed32rvt_ulvl_ss0p7v125c_i0p7v
  saed32rvt_ulvl_ff1p16v25c_i0p95v.db:saed32rvt_ulvl_ff1p16v25c_i0p95v
  saed32rvt_ulvl_ss0p95v125c_i0p7v.db:saed32rvt_ulvl_ss0p95v125c_i0p7v
  saed32rvt_ulvl_ff0p95v125c_i0p95v.db:saed32rvt_ulvl_ff0p95v125c_i0p95v
  saed32rvt_ulvl_ff0p95vn40c_i0p95v.db:saed32rvt_ulvl_ff0p95vn40c_i0p95v
  saed32rvt_ulvl_ss0p95v125c_i0p75v.db:saed32rvt_ulvl_ss0p95v125c_i0p75v
  saed32rvt_ulvl_ff1p16vn40c_i1p16v.db:saed32rvt_ulvl_ff1p16vn40c_i1p16v
  saed32rvt_ulvl_ff1p16v125c_i0p95v.db:saed32rvt_ulvl_ff1p16v125c_i0p95v
  saed32rvt_ulvl_ff0p85vn40c_i0p85v.db:saed32rvt_ulvl_ff0p85vn40c_i0p85v
  saed32rvt_ulvl_tt0p85vn40c_i0p85v.db:saed32rvt_ulvl_tt0p85vn40c_i0p85v
  saed32rvt_ulvl_ff0p95v25c_i0p95v.db:saed32rvt_ulvl_ff0p95v25c_i0p95v
  saed32rvt_ulvl_ff0p85v25c_i0p85v.db:saed32rvt_ulvl_ff0p85v25c_i0p85v
  saed32rvt_ulvl_tt1p05v125c_i1p05v.db:saed32rvt_ulvl_tt1p05v125c_i1p05v
  saed32rvt_ulvl_tt1p05v25c_i0p78v.db:saed32rvt_ulvl_tt1p05v25c_i0p78v
  saed32rvt_ulvl_tt1p05vn40c_i0p78v.db:saed32rvt_ulvl_tt1p05vn40c_i0p78v
  saed32rvt_ulvl_ss0p95vn40c_i0p7v.db:saed32rvt_ulvl_ss0p95vn40c_i0p7v
  saed32rvt_ulvl_tt0p78vn40c_i0p78v.db:saed32rvt_ulvl_tt0p78vn40c_i0p78v
  saed32rvt_ulvl_ff1p16v25c_i1p16v.db:saed32rvt_ulvl_ff1p16v25c_i1p16v
  saed32rvt_ulvl_ss0p95v125c_i0p95v.db:saed32rvt_ulvl_ss0p95v125c_i0p95v
  saed32rvt_ulvl_tt0p78v125c_i0p78v.db:saed32rvt_ulvl_tt0p78v125c_i0p78v
  saed32rvt_ulvl_tt1p05v25c_i1p05v.db:saed32rvt_ulvl_tt1p05v25c_i1p05v
  saed32rvt_ulvl_ff1p16v125c_i0p85v.db:saed32rvt_ulvl_ff1p16v125c_i0p85v


Operating Conditions:

   Name                 Process   Label                Temp      Voltage   Original DB Name     Original DB Filename Pane#    Status
   -------------------------------------------------------------------------------------------------------------------------------------------------------------------
   ulvl_ff1p16vn40c_i0p95v
                        1.01      (none)               -40.00    1.16      saed32rvt_ulvl_ff1p16vn40c_i0p95v
                                                                                                saed32rvt_ulvl_ff1p16vn40c_i0p95v.db
                                                                                                                     0        active
   ulvl_ss0p75v25c_i0p75v
                        0.99      (none)               25.00     0.75      saed32rvt_ulvl_ss0p75v25c_i0p75v
                                                                                                saed32rvt_ulvl_ss0p75v25c_i0p75v.db
                                                                                                                     1        active
   ulvl_ss0p95v25c_i0p75v
                        0.99      (none)               25.00     0.95      saed32rvt_ulvl_ss0p95v25c_i0p75v
                                                                                                saed32rvt_ulvl_ss0p95v25c_i0p75v.db
                                                                                                                     2        active
   ulvl_ff1p16v125c_i1p16v
                        1.01      (none)               125.00    1.16      saed32rvt_ulvl_ff1p16v125c_i1p16v
                                                                                                saed32rvt_ulvl_ff1p16v125c_i1p16v.db
                                                                                                                     3        active
   ulvl_ff1p16v25c_i0p85v
                        1.01      (none)               25.00     1.16      saed32rvt_ulvl_ff1p16v25c_i0p85v
                                                                                                saed32rvt_ulvl_ff1p16v25c_i0p85v.db
                                                                                                                     4        active
   ulvl_ss0p7v25c_i0p7v 0.99      (none)               25.00     0.70      saed32rvt_ulvl_ss0p7v25c_i0p7v
                                                                                                saed32rvt_ulvl_ss0p7v25c_i0p7v.db
                                                                                                                     5        active
   ulvl_ss0p75vn40c_i0p75v
                        0.99      (none)               -40.00    0.75      saed32rvt_ulvl_ss0p75vn40c_i0p75v
                                                                                                saed32rvt_ulvl_ss0p75vn40c_i0p75v.db
                                                                                                                     6        active
   ulvl_ss0p75v125c_i0p75v
                        0.99      (none)               125.00    0.75      saed32rvt_ulvl_ss0p75v125c_i0p75v
                                                                                                saed32rvt_ulvl_ss0p75v125c_i0p75v.db
                                                                                                                     7        active
   ulvl_ff1p16vn40c_i0p85v
                        1.01      (none)               -40.00    1.16      saed32rvt_ulvl_ff1p16vn40c_i0p85v
                                                                                                saed32rvt_ulvl_ff1p16vn40c_i0p85v.db
                                                                                                                     8        active
   ulvl_tt1p05vn40c_i0p85v
                        1.00      (none)               -40.00    1.05      saed32rvt_ulvl_tt1p05vn40c_i0p85v
                                                                                                saed32rvt_ulvl_tt1p05vn40c_i0p85v.db
                                                                                                                     9        active
   ulvl_tt1p05vn40c_i1p05v
                        1.00      (none)               -40.00    1.05      saed32rvt_ulvl_tt1p05vn40c_i1p05v
                                                                                                saed32rvt_ulvl_tt1p05vn40c_i1p05v.db
                                                                                                                     10       active
   ulvl_ss0p95vn40c_i0p95v
                        0.99      (none)               -40.00    0.95      saed32rvt_ulvl_ss0p95vn40c_i0p95v
                                                                                                saed32rvt_ulvl_ss0p95vn40c_i0p95v.db
                                                                                                                     11       active
   ulvl_ss0p95v25c_i0p7v
                        0.99      (none)               25.00     0.95      saed32rvt_ulvl_ss0p95v25c_i0p7v
                                                                                                saed32rvt_ulvl_ss0p95v25c_i0p7v.db
                                                                                                                     12       active
   ulvl_ss0p95vn40c_i0p75v
                        0.99      (none)               -40.00    0.95      saed32rvt_ulvl_ss0p95vn40c_i0p75v
                                                                                                saed32rvt_ulvl_ss0p95vn40c_i0p75v.db
                                                                                                                     13       active
   ulvl_tt1p05v125c_i0p78v
                        1.00      (none)               125.00    1.05      saed32rvt_ulvl_tt1p05v125c_i0p78v
                                                                                                saed32rvt_ulvl_tt1p05v125c_i0p78v.db
                                                                                                                     14       active
   ulvl_ff0p85v125c_i0p85v
                        1.01      (none)               125.00    0.85      saed32rvt_ulvl_ff0p85v125c_i0p85v
                                                                                                saed32rvt_ulvl_ff0p85v125c_i0p85v.db
                                                                                                                     15       active
   ulvl_ss0p7vn40c_i0p7v
                        0.99      (none)               -40.00    0.70      saed32rvt_ulvl_ss0p7vn40c_i0p7v
                                                                                                saed32rvt_ulvl_ss0p7vn40c_i0p7v.db
                                                                                                                     16       active
   ulvl_tt0p85v125c_i0p85v
                        1.00      (none)               125.00    0.85      saed32rvt_ulvl_tt0p85v125c_i0p85v
                                                                                                saed32rvt_ulvl_tt0p85v125c_i0p85v.db
                                                                                                                     17       active
   ulvl_tt1p05v125c_i0p85v
                        1.00      (none)               125.00    1.05      saed32rvt_ulvl_tt1p05v125c_i0p85v
                                                                                                saed32rvt_ulvl_tt1p05v125c_i0p85v.db
                                                                                                                     18       active
   ulvl_tt0p78v25c_i0p78v
                        1.00      (none)               25.00     0.78      saed32rvt_ulvl_tt0p78v25c_i0p78v
                                                                                                saed32rvt_ulvl_tt0p78v25c_i0p78v.db
                                                                                                                     19       active
   ulvl_tt0p85v25c_i0p85v
                        1.00      (none)               25.00     0.85      saed32rvt_ulvl_tt0p85v25c_i0p85v
                                                                                                saed32rvt_ulvl_tt0p85v25c_i0p85v.db
                                                                                                                     20       active
   ulvl_ss0p95v25c_i0p95v
                        0.99      (none)               25.00     0.95      saed32rvt_ulvl_ss0p95v25c_i0p95v
                                                                                                saed32rvt_ulvl_ss0p95v25c_i0p95v.db
                                                                                                                     21       active
   ulvl_tt1p05v25c_i0p85v
                        1.00      (none)               25.00     1.05      saed32rvt_ulvl_tt1p05v25c_i0p85v
                                                                                                saed32rvt_ulvl_tt1p05v25c_i0p85v.db
                                                                                                                     22       active
   ulvl_ss0p7v125c_i0p7v
                        0.99      (none)               125.00    0.70      saed32rvt_ulvl_ss0p7v125c_i0p7v
                                                                                                saed32rvt_ulvl_ss0p7v125c_i0p7v.db
                                                                                                                     23       active
   ulvl_ff1p16v25c_i0p95v
                        1.01      (none)               25.00     1.16      saed32rvt_ulvl_ff1p16v25c_i0p95v
                                                                                                saed32rvt_ulvl_ff1p16v25c_i0p95v.db
                                                                                                                     24       active
   ulvl_ss0p95v125c_i0p7v
                        0.99      (none)               125.00    0.95      saed32rvt_ulvl_ss0p95v125c_i0p7v
                                                                                                saed32rvt_ulvl_ss0p95v125c_i0p7v.db
                                                                                                                     25       active
   ulvl_ff0p95v125c_i0p95v
                        1.01      (none)               125.00    0.95      saed32rvt_ulvl_ff0p95v125c_i0p95v
                                                                                                saed32rvt_ulvl_ff0p95v125c_i0p95v.db
                                                                                                                     26       active
   ulvl_ff0p95vn40c_i0p95v
                        1.01      (none)               -40.00    0.95      saed32rvt_ulvl_ff0p95vn40c_i0p95v
                                                                                                saed32rvt_ulvl_ff0p95vn40c_i0p95v.db
                                                                                                                     27       active
   ulvl_ss0p95v125c_i0p75v
                        0.99      (none)               125.00    0.95      saed32rvt_ulvl_ss0p95v125c_i0p75v
                                                                                                saed32rvt_ulvl_ss0p95v125c_i0p75v.db
                                                                                                                     28       active
   ulvl_ff1p16vn40c_i1p16v
                        1.01      (none)               -40.00    1.16      saed32rvt_ulvl_ff1p16vn40c_i1p16v
                                                                                                saed32rvt_ulvl_ff1p16vn40c_i1p16v.db
                                                                                                                     29       active
   ulvl_ff1p16v125c_i0p95v
                        1.01      (none)               125.00    1.16      saed32rvt_ulvl_ff1p16v125c_i0p95v
                                                                                                saed32rvt_ulvl_ff1p16v125c_i0p95v.db
                                                                                                                     30       active
   ulvl_ff0p85vn40c_i0p85v
                        1.01      (none)               -40.00    0.85      saed32rvt_ulvl_ff0p85vn40c_i0p85v
                                                                                                saed32rvt_ulvl_ff0p85vn40c_i0p85v.db
                                                                                                                     31       active
   ulvl_tt0p85vn40c_i0p85v
                        1.00      (none)               -40.00    0.85      saed32rvt_ulvl_tt0p85vn40c_i0p85v
                                                                                                saed32rvt_ulvl_tt0p85vn40c_i0p85v.db
                                                                                                                     32       active
   ulvl_ff0p95v25c_i0p95v
                        1.01      (none)               25.00     0.95      saed32rvt_ulvl_ff0p95v25c_i0p95v
                                                                                                saed32rvt_ulvl_ff0p95v25c_i0p95v.db
                                                                                                                     33       active
   ulvl_ff0p85v25c_i0p85v
                        1.01      (none)               25.00     0.85      saed32rvt_ulvl_ff0p85v25c_i0p85v
                                                                                                saed32rvt_ulvl_ff0p85v25c_i0p85v.db
                                                                                                                     34       active
   ulvl_tt1p05v125c_i1p05v
                        1.00      (none)               125.00    1.05      saed32rvt_ulvl_tt1p05v125c_i1p05v
                                                                                                saed32rvt_ulvl_tt1p05v125c_i1p05v.db
                                                                                                                     35       active
   ulvl_tt1p05v25c_i0p78v
                        1.00      (none)               25.00     1.05      saed32rvt_ulvl_tt1p05v25c_i0p78v
                                                                                                saed32rvt_ulvl_tt1p05v25c_i0p78v.db
                                                                                                                     36       active
   ulvl_tt1p05vn40c_i0p78v
                        1.00      (none)               -40.00    1.05      saed32rvt_ulvl_tt1p05vn40c_i0p78v
                                                                                                saed32rvt_ulvl_tt1p05vn40c_i0p78v.db
                                                                                                                     37       active
   ulvl_ss0p95vn40c_i0p7v
                        0.99      (none)               -40.00    0.95      saed32rvt_ulvl_ss0p95vn40c_i0p7v
                                                                                                saed32rvt_ulvl_ss0p95vn40c_i0p7v.db
                                                                                                                     38       active
   ulvl_tt0p78vn40c_i0p78v
                        1.00      (none)               -40.00    0.78      saed32rvt_ulvl_tt0p78vn40c_i0p78v
                                                                                                saed32rvt_ulvl_tt0p78vn40c_i0p78v.db
                                                                                                                     39       active
   ulvl_ff1p16v25c_i1p16v
                        1.01      (none)               25.00     1.16      saed32rvt_ulvl_ff1p16v25c_i1p16v
                                                                                                saed32rvt_ulvl_ff1p16v25c_i1p16v.db
                                                                                                                     40       active
   ulvl_ss0p95v125c_i0p95v
                        0.99      (none)               125.00    0.95      saed32rvt_ulvl_ss0p95v125c_i0p95v
                                                                                                saed32rvt_ulvl_ss0p95v125c_i0p95v.db
                                                                                                                     41       active
   ulvl_tt0p78v125c_i0p78v
                        1.00      (none)               125.00    0.78      saed32rvt_ulvl_tt0p78v125c_i0p78v
                                                                                                saed32rvt_ulvl_tt0p78v125c_i0p78v.db
                                                                                                                     42       active
   ulvl_tt1p05v25c_i1p05v
                        1.00      (none)               25.00     1.05      saed32rvt_ulvl_tt1p05v25c_i1p05v
                                                                                                saed32rvt_ulvl_tt1p05v25c_i1p05v.db
                                                                                                                     43       active
   ulvl_ff1p16v125c_i0p85v
                        1.01      (none)               125.00    1.16      saed32rvt_ulvl_ff1p16v125c_i0p85v
                                                                                                saed32rvt_ulvl_ff1p16v125c_i0p85v.db
                                                                                                                     44       active

   Name                 Power Rail
   --------------------------------------------------------------------------------------------------------------------------------------
   ulvl_ff1p16vn40c_i0p95v
                        ("VDDH",1.16) ("VDDL",0.95) ("VSS",0.00) 
   ulvl_ss0p75v25c_i0p75v
                        ("VDDH",0.75) ("VDDL",0.75) ("VSS",0.00) 
   ulvl_ss0p95v25c_i0p75v
                        ("VDDH",0.95) ("VDDL",0.75) ("VSS",0.00) 
   ulvl_ff1p16v125c_i1p16v
                        ("VDDH",1.16) ("VDDL",1.16) ("VSS",0.00) 
   ulvl_ff1p16v25c_i0p85v
                        ("VDDH",1.16) ("VDDL",0.85) ("VSS",0.00) 
   ulvl_ss0p7v25c_i0p7v ("VDDH",0.70) ("VDDL",0.70) ("VSS",0.00) 
   ulvl_ss0p75vn40c_i0p75v
                        ("VDDH",0.75) ("VDDL",0.75) ("VSS",0.00) 
   ulvl_ss0p75v125c_i0p75v
                        ("VDDH",0.75) ("VDDL",0.75) ("VSS",0.00) 
   ulvl_ff1p16vn40c_i0p85v
                        ("VDDH",1.16) ("VDDL",0.85) ("VSS",0.00) 
   ulvl_tt1p05vn40c_i0p85v
                        ("VDDH",1.05) ("VDDL",0.85) ("VSS",0.00) 
   ulvl_tt1p05vn40c_i1p05v
                        ("VDDH",1.05) ("VDDL",1.05) ("VSS",0.00) 
   ulvl_ss0p95vn40c_i0p95v
                        ("VDDH",0.95) ("VDDL",0.95) ("VSS",0.00) 
   ulvl_ss0p95v25c_i0p7v
                        ("VDDH",0.95) ("VDDL",0.70) ("VSS",0.00) 
   ulvl_ss0p95vn40c_i0p75v
                        ("VDDH",0.95) ("VDDL",0.75) ("VSS",0.00) 
   ulvl_tt1p05v125c_i0p78v
                        ("VDDH",1.05) ("VDDL",0.78) ("VSS",0.00) 
   ulvl_ff0p85v125c_i0p85v
                        ("VDDH",0.85) ("VDDL",0.85) ("VSS",0.00) 
   ulvl_ss0p7vn40c_i0p7v
                        ("VDDH",0.70) ("VDDL",0.70) ("VSS",0.00) 
   ulvl_tt0p85v125c_i0p85v
                        ("VDDH",0.85) ("VDDL",0.85) ("VSS",0.00) 
   ulvl_tt1p05v125c_i0p85v
                        ("VDDH",1.05) ("VDDL",0.85) ("VSS",0.00) 
   ulvl_tt0p78v25c_i0p78v
                        ("VDDH",0.78) ("VDDL",0.78) ("VSS",0.00) 
   ulvl_tt0p85v25c_i0p85v
                        ("VDDH",0.85) ("VDDL",0.85) ("VSS",0.00) 
   ulvl_ss0p95v25c_i0p95v
                        ("VDDH",0.95) ("VDDL",0.95) ("VSS",0.00) 
   ulvl_tt1p05v25c_i0p85v
                        ("VDDH",1.05) ("VDDL",0.85) ("VSS",0.00) 
   ulvl_ss0p7v125c_i0p7v
                        ("VDDH",0.70) ("VDDL",0.70) ("VSS",0.00) 
   ulvl_ff1p16v25c_i0p95v
                        ("VDDH",1.16) ("VDDL",0.95) ("VSS",0.00) 
   ulvl_ss0p95v125c_i0p7v
                        ("VDDH",0.95) ("VDDL",0.70) ("VSS",0.00) 
   ulvl_ff0p95v125c_i0p95v
                        ("VDDH",0.95) ("VDDL",0.95) ("VSS",0.00) 
   ulvl_ff0p95vn40c_i0p95v
                        ("VDDH",0.95) ("VDDL",0.95) ("VSS",0.00) 
   ulvl_ss0p95v125c_i0p75v
                        ("VDDH",0.95) ("VDDL",0.75) ("VSS",0.00) 
   ulvl_ff1p16vn40c_i1p16v
                        ("VDDH",1.16) ("VDDL",1.16) ("VSS",0.00) 
   ulvl_ff1p16v125c_i0p95v
                        ("VDDH",1.16) ("VDDL",0.95) ("VSS",0.00) 
   ulvl_ff0p85vn40c_i0p85v
                        ("VDDH",0.85) ("VDDL",0.85) ("VSS",0.00) 
   ulvl_tt0p85vn40c_i0p85v
                        ("VDDH",0.85) ("VDDL",0.85) ("VSS",0.00) 
   ulvl_ff0p95v25c_i0p95v
                        ("VDDH",0.95) ("VDDL",0.95) ("VSS",0.00) 
   ulvl_ff0p85v25c_i0p85v
                        ("VDDH",0.85) ("VDDL",0.85) ("VSS",0.00) 
   ulvl_tt1p05v125c_i1p05v
                        ("VDDH",1.05) ("VDDL",1.05) ("VSS",0.00) 
   ulvl_tt1p05v25c_i0p78v
                        ("VDDH",1.05) ("VDDL",0.78) ("VSS",0.00) 
   ulvl_tt1p05vn40c_i0p78v
                        ("VDDH",1.05) ("VDDL",0.78) ("VSS",0.00) 
   ulvl_ss0p95vn40c_i0p7v
                        ("VDDH",0.95) ("VDDL",0.70) ("VSS",0.00) 
   ulvl_tt0p78vn40c_i0p78v
                        ("VDDH",0.78) ("VDDL",0.78) ("VSS",0.00) 
   ulvl_ff1p16v25c_i1p16v
                        ("VDDH",1.16) ("VDDL",1.16) ("VSS",0.00) 
   ulvl_ss0p95v125c_i0p95v
                        ("VDDH",0.95) ("VDDL",0.95) ("VSS",0.00) 
   ulvl_tt0p78v125c_i0p78v
                        ("VDDH",0.78) ("VDDL",0.78) ("VSS",0.00) 
   ulvl_tt1p05v25c_i1p05v
                        ("VDDH",1.05) ("VDDL",1.05) ("VSS",0.00) 
   ulvl_ff1p16v125c_i0p85v
                        ("VDDH",1.16) ("VDDL",0.85) ("VSS",0.00) 




===== saed32io_wb_5v =====
****************************************
Report : library
Library: saed32io_wb_5v
Version: W-2024.09-SP3
Date   : Thu Aug  6 12:26:29 2026
****************************************

Full name: /home/inf01185/matheus.almeida/ci-expert/6-riscv-rvx/01_Lab_pads/saed32io_wb_5v:saed32io_wb_5v
File name: /home/inf01185/matheus.almeida/ci-expert/6-riscv-rvx/01_Lab_pads/saed32io_wb_5v
Design count: 62

--------------------------------------------------------------------------------
** Timing Data:

Power rails:

Index  Name        Type
  0    <default>   power
  1    AVDD        power
  2    VDD         power
  3    VDDIO       power
  4    AVSS        ground
  5    VSS         ground
  6    VSSIO       ground

Pane count: 9

Pane 0:
  Process label: (none)
  Process number: 0.99
  Voltage rail count: 7
  Voltage for rail 0 (<default>): 0.95
  Voltage for rail 1 (AVDD): 0.95
  Voltage for rail 2 (VDD): 0.95
  Voltage for rail 3 (VDDIO): 2.25
  Voltage for rail 4 (AVSS): 0
  Voltage for rail 5 (VSS): 0
  Voltage for rail 6 (VSSIO): 0
  Temperature: 25

  Thresholds:
    r/f InputDelay: 0.5/0.5  r/f OutputDelay: 0.5/0.5
    l/h RiseTrans:  0.2/0.8  h/l FallTrans:   0.8/0.2
    TransDerate:    1

  Source .db file:
    /home/inf01185/matheus.almeida/ci-expert/6-riscv-rvx/01_Lab_pads/saed32io_wb_5v/saed32io_wb_ss0p95v25c_2p25v.db



Pane 1:
  Process label: (none)
  Process number: 0.99
  Voltage rail count: 7
  Voltage for rail 0 (<default>): 0.95
  Voltage for rail 1 (AVDD): 0.95
  Voltage for rail 2 (VDD): 0.95
  Voltage for rail 3 (VDDIO): 2.25
  Voltage for rail 4 (AVSS): 0
  Voltage for rail 5 (VSS): 0
  Voltage for rail 6 (VSSIO): 0
  Temperature: -40

  Thresholds:
    r/f InputDelay: 0.5/0.5  r/f OutputDelay: 0.5/0.5
    l/h RiseTrans:  0.2/0.8  h/l FallTrans:   0.8/0.2
    TransDerate:    1

  Source .db file:
    /home/inf01185/matheus.almeida/ci-expert/6-riscv-rvx/01_Lab_pads/saed32io_wb_5v/saed32io_wb_ss0p95vn40c_2p25v.db



Pane 2:
  Process label: (none)
  Process number: 1.01
  Voltage rail count: 7
  Voltage for rail 0 (<default>): 1.16
  Voltage for rail 1 (AVDD): 1.16
  Voltage for rail 2 (VDD): 1.16
  Voltage for rail 3 (VDDIO): 2.75
  Voltage for rail 4 (AVSS): 0
  Voltage for rail 5 (VSS): 0
  Voltage for rail 6 (VSSIO): 0
  Temperature: 125

  Thresholds:
    r/f InputDelay: 0.5/0.5  r/f OutputDelay: 0.5/0.5
    l/h RiseTrans:  0.2/0.8  h/l FallTrans:   0.8/0.2
    TransDerate:    1

  Source .db file:
    /home/inf01185/matheus.almeida/ci-expert/6-riscv-rvx/01_Lab_pads/saed32io_wb_5v/saed32io_wb_ff1p16v125c_2p75v.db



Pane 3:
  Process label: (none)
  Process number: 1
  Voltage rail count: 7
  Voltage for rail 0 (<default>): 1.05
  Voltage for rail 1 (AVDD): 1.05
  Voltage for rail 2 (VDD): 1.05
  Voltage for rail 3 (VDDIO): 2.5
  Voltage for rail 4 (AVSS): 0
  Voltage for rail 5 (VSS): 0
  Voltage for rail 6 (VSSIO): 0
  Temperature: 125

  Thresholds:
    r/f InputDelay: 0.5/0.5  r/f OutputDelay: 0.5/0.5
    l/h RiseTrans:  0.2/0.8  h/l FallTrans:   0.8/0.2
    TransDerate:    1

  Source .db file:
    /home/inf01185/matheus.almeida/ci-expert/6-riscv-rvx/01_Lab_pads/saed32io_wb_5v/saed32io_wb_tt1p05v125c_2p5v.db



Pane 4:
  Process label: (none)
  Process number: 1
  Voltage rail count: 7
  Voltage for rail 0 (<default>): 1.05
  Voltage for rail 1 (AVDD): 1.05
  Voltage for rail 2 (VDD): 1.05
  Voltage for rail 3 (VDDIO): 2.5
  Voltage for rail 4 (AVSS): 0
  Voltage for rail 5 (VSS): 0
  Voltage for rail 6 (VSSIO): 0
  Temperature: 25

  Thresholds:
    r/f InputDelay: 0.5/0.5  r/f OutputDelay: 0.5/0.5
    l/h RiseTrans:  0.2/0.8  h/l FallTrans:   0.8/0.2
    TransDerate:    1

  Source .db file:
    /home/inf01185/matheus.almeida/ci-expert/6-riscv-rvx/01_Lab_pads/saed32io_wb_5v/saed32io_wb_tt1p05v25c_2p5v.db



Pane 5:
  Process label: (none)
  Process number: 1.01
  Voltage rail count: 7
  Voltage for rail 0 (<default>): 1.16
  Voltage for rail 1 (AVDD): 1.16
  Voltage for rail 2 (VDD): 1.16
  Voltage for rail 3 (VDDIO): 2.75
  Voltage for rail 4 (AVSS): 0
  Voltage for rail 5 (VSS): 0
  Voltage for rail 6 (VSSIO): 0
  Temperature: 25

  Thresholds:
    r/f InputDelay: 0.5/0.5  r/f OutputDelay: 0.5/0.5
    l/h RiseTrans:  0.2/0.8  h/l FallTrans:   0.8/0.2
    TransDerate:    1

  Source .db file:
    /home/inf01185/matheus.almeida/ci-expert/6-riscv-rvx/01_Lab_pads/saed32io_wb_5v/saed32io_wb_ff1p16v25c_2p75v.db



Pane 6:
  Process label: (none)
  Process number: 1
  Voltage rail count: 7
  Voltage for rail 0 (<default>): 1.05
  Voltage for rail 1 (AVDD): 1.05
  Voltage for rail 2 (VDD): 1.05
  Voltage for rail 3 (VDDIO): 2.5
  Voltage for rail 4 (AVSS): 0
  Voltage for rail 5 (VSS): 0
  Voltage for rail 6 (VSSIO): 0
  Temperature: -40

  Thresholds:
    r/f InputDelay: 0.5/0.5  r/f OutputDelay: 0.5/0.5
    l/h RiseTrans:  0.2/0.8  h/l FallTrans:   0.8/0.2
    TransDerate:    1

  Source .db file:
    /home/inf01185/matheus.almeida/ci-expert/6-riscv-rvx/01_Lab_pads/saed32io_wb_5v/saed32io_wb_tt1p05vn40c_2p5v.db



Pane 7:
  Process label: (none)
  Process number: 0.99
  Voltage rail count: 7
  Voltage for rail 0 (<default>): 0.95
  Voltage for rail 1 (AVDD): 0.95
  Voltage for rail 2 (VDD): 0.95
  Voltage for rail 3 (VDDIO): 2.25
  Voltage for rail 4 (AVSS): 0
  Voltage for rail 5 (VSS): 0
  Voltage for rail 6 (VSSIO): 0
  Temperature: 125

  Thresholds:
    r/f InputDelay: 0.5/0.5  r/f OutputDelay: 0.5/0.5
    l/h RiseTrans:  0.2/0.8  h/l FallTrans:   0.8/0.2
    TransDerate:    1

  Source .db file:
    /home/inf01185/matheus.almeida/ci-expert/6-riscv-rvx/01_Lab_pads/saed32io_wb_5v/saed32io_wb_ss0p95v125c_2p25v.db



Pane 8:
  Process label: (none)
  Process number: 1.01
  Voltage rail count: 7
  Voltage for rail 0 (<default>): 1.16
  Voltage for rail 1 (AVDD): 1.16
  Voltage for rail 2 (VDD): 1.16
  Voltage for rail 3 (VDDIO): 2.75
  Voltage for rail 4 (AVSS): 0
  Voltage for rail 5 (VSS): 0
  Voltage for rail 6 (VSSIO): 0
  Temperature: -40

  Thresholds:
    r/f InputDelay: 0.5/0.5  r/f OutputDelay: 0.5/0.5
    l/h RiseTrans:  0.2/0.8  h/l FallTrans:   0.8/0.2
    TransDerate:    1

  Source .db file:
    /home/inf01185/matheus.almeida/ci-expert/6-riscv-rvx/01_Lab_pads/saed32io_wb_5v/saed32io_wb_ff1p16vn40c_2p75v.db




Data Model Existence : 
  ccst,nlpm,c1c2,nldm 


Source .db libraries:
  saed32io_wb_ss0p95v25c_2p25v.db:saed32io_wb_ss0p95v25c_2p25v
  saed32io_wb_ss0p95vn40c_2p25v.db:saed32io_wb_ss0p95vn40c_2p25v
  saed32io_wb_ff1p16v125c_2p75v.db:saed32io_wb_ff1p16v125c_2p75v
  saed32io_wb_tt1p05v125c_2p5v.db:saed32io_wb_tt1p05v125c_2p5v
  saed32io_wb_tt1p05v25c_2p5v.db:saed32io_wb_tt1p05v25c_2p5v
  saed32io_wb_ff1p16v25c_2p75v.db:saed32io_wb_ff1p16v25c_2p75v
  saed32io_wb_tt1p05vn40c_2p5v.db:saed32io_wb_tt1p05vn40c_2p5v
  saed32io_wb_ss0p95v125c_2p25v.db:saed32io_wb_ss0p95v125c_2p25v
  saed32io_wb_ff1p16vn40c_2p75v.db:saed32io_wb_ff1p16vn40c_2p75v


Operating Conditions:

   Name                 Process   Label                Temp      Voltage   Original DB Name     Original DB Filename Pane#    Status
   -------------------------------------------------------------------------------------------------------------------------------------------------------------------
   ss0p95v25c_2p25v     0.99      (none)               25.00     0.95      saed32io_wb_ss0p95v25c_2p25v
                                                                                                saed32io_wb_ss0p95v25c_2p25v.db
                                                                                                                     0        active
   ss0p95vn40c_2p25v    0.99      (none)               -40.00    0.95      saed32io_wb_ss0p95vn40c_2p25v
                                                                                                saed32io_wb_ss0p95vn40c_2p25v.db
                                                                                                                     1        active
   ff1p16v125c_2p75v    1.01      (none)               125.00    1.16      saed32io_wb_ff1p16v125c_2p75v
                                                                                                saed32io_wb_ff1p16v125c_2p75v.db
                                                                                                                     2        active
   tt1p05v125c_2p5v     1.00      (none)               125.00    1.05      saed32io_wb_tt1p05v125c_2p5v
                                                                                                saed32io_wb_tt1p05v125c_2p5v.db
                                                                                                                     3        active
   tt1p05v25c_2p5v      1.00      (none)               25.00     1.05      saed32io_wb_tt1p05v25c_2p5v
                                                                                                saed32io_wb_tt1p05v25c_2p5v.db
                                                                                                                     4        active
   ff1p16v25c_2p75v     1.01      (none)               25.00     1.16      saed32io_wb_ff1p16v25c_2p75v
                                                                                                saed32io_wb_ff1p16v25c_2p75v.db
                                                                                                                     5        active
   tt1p05vn40c_2p5v     1.00      (none)               -40.00    1.05      saed32io_wb_tt1p05vn40c_2p5v
                                                                                                saed32io_wb_tt1p05vn40c_2p5v.db
                                                                                                                     6        active
   ss0p95v125c_2p25v    0.99      (none)               125.00    0.95      saed32io_wb_ss0p95v125c_2p25v
                                                                                                saed32io_wb_ss0p95v125c_2p25v.db
                                                                                                                     7        active
   ff1p16vn40c_2p75v    1.01      (none)               -40.00    1.16      saed32io_wb_ff1p16vn40c_2p75v
                                                                                                saed32io_wb_ff1p16vn40c_2p75v.db
                                                                                                                     8        active

   Name                 Power Rail
   --------------------------------------------------------------------------------------------------------------------------------------
   ss0p95v25c_2p25v     ("AVDD",0.95) ("VDD",0.95) ("VDDIO",2.25) ("AVSS",0.00) ("VSS",0.00) ("VSSIO",0.00) 
   ss0p95vn40c_2p25v    ("AVDD",0.95) ("VDD",0.95) ("VDDIO",2.25) ("AVSS",0.00) ("VSS",0.00) ("VSSIO",0.00) 
   ff1p16v125c_2p75v    ("AVDD",1.16) ("VDD",1.16) ("VDDIO",2.75) ("AVSS",0.00) ("VSS",0.00) ("VSSIO",0.00) 
   tt1p05v125c_2p5v     ("AVDD",1.05) ("VDD",1.05) ("VDDIO",2.50) ("AVSS",0.00) ("VSS",0.00) ("VSSIO",0.00) 
   tt1p05v25c_2p5v      ("AVDD",1.05) ("VDD",1.05) ("VDDIO",2.50) ("AVSS",0.00) ("VSS",0.00) ("VSSIO",0.00) 
   ff1p16v25c_2p75v     ("AVDD",1.16) ("VDD",1.16) ("VDDIO",2.75) ("AVSS",0.00) ("VSS",0.00) ("VSSIO",0.00) 
   tt1p05vn40c_2p5v     ("AVDD",1.05) ("VDD",1.05) ("VDDIO",2.50) ("AVSS",0.00) ("VSS",0.00) ("VSSIO",0.00) 
   ss0p95v125c_2p25v    ("AVDD",0.95) ("VDD",0.95) ("VDDIO",2.25) ("AVSS",0.00) ("VSS",0.00) ("VSSIO",0.00) 
   ff1p16vn40c_2p75v    ("AVDD",1.16) ("VDD",1.16) ("VDDIO",2.75) ("AVSS",0.00) ("VSS",0.00) ("VSSIO",0.00) 



