****************************************
Report : constraint
        -all_violators
Design : top_pad_rvx
Version: W-2024.09-SP3
Date   : Thu Aug 13 16:18:48 2026
****************************************

   late_timing
   -----------

Endpoint                         Path Delay     Path Required       CRP    Slack Group    Scenario
----------------------------------------------------------------------------------------------------------
No paths.

   early_timing
   -----------

Warning: Scenario functional_ss is not configured for hold analysis: skipping. (UIC-058)
Warning: None of the specified scenarios are active for hold analysis. (UIC-057)
Endpoint                         Path Delay     Path Required       CRP    Slack Group    Scenario
----------------------------------------------------------------------------------------------------------
No paths.

   Mode: functional Corner: corner_ss
   Scenario: functional_ss
   max_transition                                                              
                             Required        Actual                            
   Net                      Transition     Transition        Slack  Violation  
  ---------------------------------------------------------------------------
   uart_rx                      3.20          11.12          -7.92  (VIOLATED) 
     PIN : PAD_URX/PADIO        3.20          11.12          -7.92  (VIOLATED) 

   miso                         3.20           9.17          -5.97  (VIOLATED) 
     PIN : PAD_MISO/PADIO       3.20           9.17          -5.97  (VIOLATED) 

   reset_n                      3.20           9.16          -5.96  (VIOLATED) 
     PIN : PAD_RSTN/PADIO       3.20           9.16          -5.96  (VIOLATED) 

   sda_in_c                     0.00           5.34          -5.34  (VIOLATED) 
     PIN : u_core/rvx_i2c_instance/C864/DATA2[0]
                                0.00           5.34          -5.34  (VIOLATED) 
     PIN : u_core/rvx_i2c_instance/C824/DATA4[3]
                                0.00           5.34          -5.34  (VIOLATED) 

   scl_in_c                     0.00           5.03          -5.03  (VIOLATED) 
     PIN : u_core/rvx_i2c_instance/C824/DATA4[4]
                                0.00           5.03          -5.03  (VIOLATED) 
     PIN : u_core/rvx_i2c_instance/I_12/I
                                0.00           5.03          -5.03  (VIOLATED) 

   miso_c                       0.00           4.83          -4.83  (VIOLATED) 
     PIN : u_core/rvx_spi_instance/C853/DATA2[0]
                                0.00           4.83          -4.83  (VIOLATED) 

   gpio_in_c[0]                 0.00           4.13          -4.13  (VIOLATED) 
     PIN : u_core/rvx_gpio_instance/C323/I1
                                0.00           4.13          -4.13  (VIOLATED) 

   gpio_in_c[1]                 0.00           3.85          -3.85  (VIOLATED) 
     PIN : u_core/rvx_gpio_instance/C319/I1
                                0.00           3.85          -3.85  (VIOLATED) 

   gpio_in_c[2]                 0.00           3.57          -3.57  (VIOLATED) 
     PIN : u_core/rvx_gpio_instance/C315/I1
                                0.00           3.57          -3.57  (VIOLATED) 

   gpio_in_c[3]                 0.00           3.26          -3.26  (VIOLATED) 
     PIN : u_core/rvx_gpio_instance/C311/I1
                                0.00           3.26          -3.26  (VIOLATED) 

   gpio_in_c[7]                 0.00           1.68          -1.68  (VIOLATED) 
     PIN : u_core/rvx_gpio_instance/C295/I1
                                0.00           1.68          -1.68  (VIOLATED) 

   uart_rx_c                    0.00           1.67          -1.67  (VIOLATED) 
     PIN : u_core/rvx_uart_instance/C821/DATA2[7]
                                0.00           1.67          -1.67  (VIOLATED) 
     PIN : u_core/rvx_uart_instance/I_5/I
                                0.00           1.67          -1.67  (VIOLATED) 
     PIN : u_core/rvx_uart_instance/C817/CONTROL2[0]
                                0.00           1.67          -1.67  (VIOLATED) 
     PIN : u_core/rvx_uart_instance/C818/CONTROL2[0]
                                0.00           1.67          -1.67  (VIOLATED) 

   gpio_in_c[6]                 0.00           1.47          -1.47  (VIOLATED) 
     PIN : u_core/rvx_gpio_instance/C299/I1
                                0.00           1.47          -1.47  (VIOLATED) 

   u_core/rvx_core_instance/rvx_core_alu_instance/sra_34/U0/N_0
                                0.19           1.56          -1.36  (VIOLATED) 
     PIN : u_core/rvx_core_instance/rvx_core_alu_instance/sra_34/U0/U_0/Y
                                0.19           1.56          -1.36  (VIOLATED) 
     PIN : u_core/rvx_core_instance/rvx_core_alu_instance/sra_34/U0/U_215/A
                                1.02           1.56          -0.53  (VIOLATED) 
     PIN : u_core/rvx_core_instance/rvx_core_alu_instance/sra_34/U0/U_253/S0
                                1.02           1.56          -0.53  (VIOLATED) 
     PIN : u_core/rvx_core_instance/rvx_core_alu_instance/sra_34/U0/U_217/A
                                1.02           1.56          -0.53  (VIOLATED) 
     PIN : u_core/rvx_core_instance/rvx_core_alu_instance/sra_34/U0/U_219/A
                                1.02           1.56          -0.53  (VIOLATED) 
     PIN : u_core/rvx_core_instance/rvx_core_alu_instance/sra_34/U0/U_221/A
                                1.02           1.56          -0.53  (VIOLATED) 
     PIN : u_core/rvx_core_instance/rvx_core_alu_instance/sra_34/U0/U_223/A
                                1.02           1.56          -0.53  (VIOLATED) 
     PIN : u_core/rvx_core_instance/rvx_core_alu_instance/sra_34/U0/U_225/A
                                1.02           1.56          -0.53  (VIOLATED) 
     PIN : u_core/rvx_core_instance/rvx_core_alu_instance/sra_34/U0/U_227/A
                                1.02           1.56          -0.53  (VIOLATED) 
     PIN : u_core/rvx_core_instance/rvx_core_alu_instance/sra_34/U0/U_229/S0
                                1.02           1.56          -0.53  (VIOLATED) 
     PIN : u_core/rvx_core_instance/rvx_core_alu_instance/sra_34/U0/U_231/S0
                                1.02           1.56          -0.53  (VIOLATED) 
     PIN : u_core/rvx_core_instance/rvx_core_alu_instance/sra_34/U0/U_233/S0
                                1.02           1.56          -0.53  (VIOLATED) 
     PIN : u_core/rvx_core_instance/rvx_core_alu_instance/sra_34/U0/U_235/S0
                                1.02           1.56          -0.53  (VIOLATED) 
     PIN : u_core/rvx_core_instance/rvx_core_alu_instance/sra_34/U0/U_237/S0
                                1.02           1.56          -0.53  (VIOLATED) 
     PIN : u_core/rvx_core_instance/rvx_core_alu_instance/sra_34/U0/U_239/S0
                                1.02           1.56          -0.53  (VIOLATED) 
     PIN : u_core/rvx_core_instance/rvx_core_alu_instance/sra_34/U0/U_241/S0
                                1.02           1.56          -0.53  (VIOLATED) 
     PIN : u_core/rvx_core_instance/rvx_core_alu_instance/sra_34/U0/U_243/S0
                                1.02           1.56          -0.53  (VIOLATED) 
     PIN : u_core/rvx_core_instance/rvx_core_alu_instance/sra_34/U0/U_245/S0
                                1.02           1.56          -0.53  (VIOLATED) 
     PIN : u_core/rvx_core_instance/rvx_core_alu_instance/sra_34/U0/U_247/S0
                                1.02           1.56          -0.53  (VIOLATED) 
     PIN : u_core/rvx_core_instance/rvx_core_alu_instance/sra_34/U0/U_249/S0
                                1.02           1.56          -0.53  (VIOLATED) 
     PIN : u_core/rvx_core_instance/rvx_core_alu_instance/sra_34/U0/U_251/S0
                                1.02           1.56          -0.53  (VIOLATED) 
     PIN : u_core/rvx_core_instance/rvx_core_alu_instance/sra_34/U0/U_255/S0
                                1.02           1.56          -0.53  (VIOLATED) 
     PIN : u_core/rvx_core_instance/rvx_core_alu_instance/sra_34/U0/U_193/S0
                                1.02           1.56          -0.53  (VIOLATED) 
     PIN : u_core/rvx_core_instance/rvx_core_alu_instance/sra_34/U0/U_175/S0
                                1.02           1.56          -0.53  (VIOLATED) 
     PIN : u_core/rvx_core_instance/rvx_core_alu_instance/sra_34/U0/U_177/S0
                                1.02           1.56          -0.53  (VIOLATED) 
     PIN : u_core/rvx_core_instance/rvx_core_alu_instance/sra_34/U0/U_179/S0
                                1.02           1.56          -0.53  (VIOLATED) 
     PIN : u_core/rvx_core_instance/rvx_core_alu_instance/sra_34/U0/U_181/S0
                                1.02           1.56          -0.53  (VIOLATED) 
     PIN : u_core/rvx_core_instance/rvx_core_alu_instance/sra_34/U0/U_183/S0
                                1.02           1.56          -0.53  (VIOLATED) 
     PIN : u_core/rvx_core_instance/rvx_core_alu_instance/sra_34/U0/U_185/S0
                                1.02           1.56          -0.53  (VIOLATED) 
     PIN : u_core/rvx_core_instance/rvx_core_alu_instance/sra_34/U0/U_187/S0
                                1.02           1.56          -0.53  (VIOLATED) 
     PIN : u_core/rvx_core_instance/rvx_core_alu_instance/sra_34/U0/U_189/S0
                                1.02           1.56          -0.53  (VIOLATED) 
     PIN : u_core/rvx_core_instance/rvx_core_alu_instance/sra_34/U0/U_191/S0
                                1.02           1.56          -0.53  (VIOLATED) 
     PIN : u_core/rvx_core_instance/rvx_core_alu_instance/sra_34/U0/U_213/A
                                1.02           1.56          -0.53  (VIOLATED) 
     PIN : u_core/rvx_core_instance/rvx_core_alu_instance/sra_34/U0/U_195/S0
                                1.02           1.56          -0.53  (VIOLATED) 
     PIN : u_core/rvx_core_instance/rvx_core_alu_instance/sra_34/U0/U_197/S0
                                1.02           1.56          -0.53  (VIOLATED) 
     PIN : u_core/rvx_core_instance/rvx_core_alu_instance/sra_34/U0/U_199/S0
                                1.02           1.56          -0.53  (VIOLATED) 
     PIN : u_core/rvx_core_instance/rvx_core_alu_instance/sra_34/U0/U_201/S0
                                1.02           1.56          -0.53  (VIOLATED) 
     PIN : u_core/rvx_core_instance/rvx_core_alu_instance/sra_34/U0/U_203/S0
                                1.02           1.56          -0.53  (VIOLATED) 
     PIN : u_core/rvx_core_instance/rvx_core_alu_instance/sra_34/U0/U_205/S0
                                1.02           1.56          -0.53  (VIOLATED) 
     PIN : u_core/rvx_core_instance/rvx_core_alu_instance/sra_34/U0/U_207/S0
                                1.02           1.56          -0.53  (VIOLATED) 
     PIN : u_core/rvx_core_instance/rvx_core_alu_instance/sra_34/U0/U_209/S0
                                1.02           1.56          -0.53  (VIOLATED) 
     PIN : u_core/rvx_core_instance/rvx_core_alu_instance/sra_34/U0/U_211/S0
                                1.02           1.56          -0.53  (VIOLATED) 
     PIN : u_core/rvx_core_instance/rvx_core_alu_instance/sra_34/U0/U_319/S0
                                1.02           1.56          -0.53  (VIOLATED) 
     PIN : u_core/rvx_core_instance/rvx_core_alu_instance/sra_34/U0/U_299/A
                                1.02           1.56          -0.53  (VIOLATED) 
     PIN : u_core/rvx_core_instance/rvx_core_alu_instance/sra_34/U0/U_301/A
                                1.02           1.56          -0.53  (VIOLATED) 
     PIN : u_core/rvx_core_instance/rvx_core_alu_instance/sra_34/U0/U_303/A
                                1.02           1.56          -0.53  (VIOLATED) 
     PIN : u_core/rvx_core_instance/rvx_core_alu_instance/sra_34/U0/U_305/A
                                1.02           1.56          -0.53  (VIOLATED) 
     PIN : u_core/rvx_core_instance/rvx_core_alu_instance/sra_34/U0/U_307/A
                                1.02           1.56          -0.53  (VIOLATED) 
     PIN : u_core/rvx_core_instance/rvx_core_alu_instance/sra_34/U0/U_309/S0
                                1.02           1.56          -0.53  (VIOLATED) 
     PIN : u_core/rvx_core_instance/rvx_core_alu_instance/sra_34/U0/U_311/S0
                                1.02           1.56          -0.53  (VIOLATED) 
     PIN : u_core/rvx_core_instance/rvx_core_alu_instance/sra_34/U0/U_313/S0
                                1.02           1.56          -0.53  (VIOLATED) 
     PIN : u_core/rvx_core_instance/rvx_core_alu_instance/sra_34/U0/U_315/S0
                                1.02           1.56          -0.53  (VIOLATED) 
     PIN : u_core/rvx_core_instance/rvx_core_alu_instance/sra_34/U0/U_317/S0
                                1.02           1.56          -0.53  (VIOLATED) 
     PIN : u_core/rvx_core_instance/rvx_core_alu_instance/sra_34/U0/U_297/A
                                1.02           1.56          -0.53  (VIOLATED) 
     PIN : u_core/rvx_core_instance/rvx_core_alu_instance/sra_34/U0/U_321/S0
                                1.02           1.56          -0.53  (VIOLATED) 
     PIN : u_core/rvx_core_instance/rvx_core_alu_instance/sra_34/U0/U_323/S0
                                1.02           1.56          -0.53  (VIOLATED) 
     PIN : u_core/rvx_core_instance/rvx_core_alu_instance/sra_34/U0/U_325/S0
                                1.02           1.56          -0.53  (VIOLATED) 
     PIN : u_core/rvx_core_instance/rvx_core_alu_instance/sra_34/U0/U_327/S0
                                1.02           1.56          -0.53  (VIOLATED) 
     PIN : u_core/rvx_core_instance/rvx_core_alu_instance/sra_34/U0/U_329/S0
                                1.02           1.56          -0.53  (VIOLATED) 
     PIN : u_core/rvx_core_instance/rvx_core_alu_instance/sra_34/U0/U_331/S0
                                1.02           1.56          -0.53  (VIOLATED) 
     PIN : u_core/rvx_core_instance/rvx_core_alu_instance/sra_34/U0/U_333/S0
                                1.02           1.56          -0.53  (VIOLATED) 
     PIN : u_core/rvx_core_instance/rvx_core_alu_instance/sra_34/U0/U_335/S0
                                1.02           1.56          -0.53  (VIOLATED) 
     PIN : u_core/rvx_core_instance/rvx_core_alu_instance/sra_34/U0/U_337/S0
                                1.02           1.56          -0.53  (VIOLATED) 
     PIN : u_core/rvx_core_instance/rvx_core_alu_instance/sra_34/U0/U_277/A
                                1.02           1.56          -0.53  (VIOLATED) 
     PIN : u_core/rvx_core_instance/rvx_core_alu_instance/sra_34/U0/U_257/S0
                                1.02           1.56          -0.53  (VIOLATED) 
     PIN : u_core/rvx_core_instance/rvx_core_alu_instance/sra_34/U0/U_259/S0
                                1.02           1.56          -0.53  (VIOLATED) 
     PIN : u_core/rvx_core_instance/rvx_core_alu_instance/sra_34/U0/U_261/S0
                                1.02           1.56          -0.53  (VIOLATED) 
     PIN : u_core/rvx_core_instance/rvx_core_alu_instance/sra_34/U0/U_263/S0
                                1.02           1.56          -0.53  (VIOLATED) 
     PIN : u_core/rvx_core_instance/rvx_core_alu_instance/sra_34/U0/U_265/S0
                                1.02           1.56          -0.53  (VIOLATED) 
     PIN : u_core/rvx_core_instance/rvx_core_alu_instance/sra_34/U0/U_267/S0
                                1.02           1.56          -0.53  (VIOLATED) 
     PIN : u_core/rvx_core_instance/rvx_core_alu_instance/sra_34/U0/U_269/S0
                                1.02           1.56          -0.53  (VIOLATED) 
     PIN : u_core/rvx_core_instance/rvx_core_alu_instance/sra_34/U0/U_271/S0
                                1.02           1.56          -0.53  (VIOLATED) 
     PIN : u_core/rvx_core_instance/rvx_core_alu_instance/sra_34/U0/U_273/S0
                                1.02           1.56          -0.53  (VIOLATED) 
     PIN : u_core/rvx_core_instance/rvx_core_alu_instance/sra_34/U0/U_275/S0
                                1.02           1.56          -0.53  (VIOLATED) 
     PIN : u_core/rvx_core_instance/rvx_core_alu_instance/sra_34/U0/U_171/S0
                                1.02           1.56          -0.53  (VIOLATED) 
     PIN : u_core/rvx_core_instance/rvx_core_alu_instance/sra_34/U0/U_279/A
                                1.02           1.56          -0.53  (VIOLATED) 
     PIN : u_core/rvx_core_instance/rvx_core_alu_instance/sra_34/U0/U_281/A
                                1.02           1.56          -0.53  (VIOLATED) 
     PIN : u_core/rvx_core_instance/rvx_core_alu_instance/sra_34/U0/U_283/A
                                1.02           1.56          -0.53  (VIOLATED) 
     PIN : u_core/rvx_core_instance/rvx_core_alu_instance/sra_34/U0/U_285/A
                                1.02           1.56          -0.53  (VIOLATED) 
     PIN : u_core/rvx_core_instance/rvx_core_alu_instance/sra_34/U0/U_287/A
                                1.02           1.56          -0.53  (VIOLATED) 
     PIN : u_core/rvx_core_instance/rvx_core_alu_instance/sra_34/U0/U_289/A
                                1.02           1.56          -0.53  (VIOLATED) 
     PIN : u_core/rvx_core_instance/rvx_core_alu_instance/sra_34/U0/U_291/A
                                1.02           1.56          -0.53  (VIOLATED) 
     PIN : u_core/rvx_core_instance/rvx_core_alu_instance/sra_34/U0/U_293/A
                                1.02           1.56          -0.53  (VIOLATED) 
     PIN : u_core/rvx_core_instance/rvx_core_alu_instance/sra_34/U0/U_295/A
                                1.02           1.56          -0.53  (VIOLATED) 
     PIN : u_core/rvx_core_instance/rvx_core_alu_instance/sra_34/U0/U_69/S0
                                1.02           1.56          -0.53  (VIOLATED) 
     PIN : u_core/rvx_core_instance/rvx_core_alu_instance/sra_34/U0/U_49/S0
                                1.02           1.56          -0.53  (VIOLATED) 
     PIN : u_core/rvx_core_instance/rvx_core_alu_instance/sra_34/U0/U_51/S0
                                1.02           1.56          -0.53  (VIOLATED) 
     PIN : u_core/rvx_core_instance/rvx_core_alu_instance/sra_34/U0/U_53/S0
                                1.02           1.56          -0.53  (VIOLATED) 
     PIN : u_core/rvx_core_instance/rvx_core_alu_instance/sra_34/U0/U_55/S0
                                1.02           1.56          -0.53  (VIOLATED) 
     PIN : u_core/rvx_core_instance/rvx_core_alu_instance/sra_34/U0/U_57/S0
                                1.02           1.56          -0.53  (VIOLATED) 
     PIN : u_core/rvx_core_instance/rvx_core_alu_instance/sra_34/U0/U_59/S0
                                1.02           1.56          -0.53  (VIOLATED) 
     PIN : u_core/rvx_core_instance/rvx_core_alu_instance/sra_34/U0/U_61/S0
                                1.02           1.56          -0.53  (VIOLATED) 
     PIN : u_core/rvx_core_instance/rvx_core_alu_instance/sra_34/U0/U_63/S0
                                1.02           1.56          -0.53  (VIOLATED) 
     PIN : u_core/rvx_core_instance/rvx_core_alu_instance/sra_34/U0/U_65/S0
                                1.02           1.56          -0.53  (VIOLATED) 
     PIN : u_core/rvx_core_instance/rvx_core_alu_instance/sra_34/U0/U_67/S0
                                1.02           1.56          -0.53  (VIOLATED) 
     PIN : u_core/rvx_core_instance/rvx_core_alu_instance/sra_34/U0/U_47/S0
                                1.02           1.56          -0.53  (VIOLATED) 
     PIN : u_core/rvx_core_instance/rvx_core_alu_instance/sra_34/U0/U_71/S0
                                1.02           1.56          -0.53  (VIOLATED) 
     PIN : u_core/rvx_core_instance/rvx_core_alu_instance/sra_34/U0/U_73/S0
                                1.02           1.56          -0.53  (VIOLATED) 
     PIN : u_core/rvx_core_instance/rvx_core_alu_instance/sra_34/U0/U_75/S0
                                1.02           1.56          -0.53  (VIOLATED) 
     PIN : u_core/rvx_core_instance/rvx_core_alu_instance/sra_34/U0/U_77/S0
                                1.02           1.56          -0.53  (VIOLATED) 
     PIN : u_core/rvx_core_instance/rvx_core_alu_instance/sra_34/U0/U_79/S0
                                1.02           1.56          -0.53  (VIOLATED) 
     PIN : u_core/rvx_core_instance/rvx_core_alu_instance/sra_34/U0/U_81/S0
                                1.02           1.56          -0.53  (VIOLATED) 
     PIN : u_core/rvx_core_instance/rvx_core_alu_instance/sra_34/U0/U_83/S0
                                1.02           1.56          -0.53  (VIOLATED) 
     PIN : u_core/rvx_core_instance/rvx_core_alu_instance/sra_34/U0/U_85/A
                                1.02           1.56          -0.53  (VIOLATED) 
     PIN : u_core/rvx_core_instance/rvx_core_alu_instance/sra_34/U0/U_87/A
                                1.02           1.56          -0.53  (VIOLATED) 
     PIN : u_core/rvx_core_instance/rvx_core_alu_instance/sra_34/U0/U_27/S0
                                1.02           1.56          -0.53  (VIOLATED) 
     PIN : u_core/rvx_core_instance/rvx_core_alu_instance/sra_34/U0/U_339/S0
                                1.02           1.56          -0.53  (VIOLATED) 
     PIN : u_core/rvx_core_instance/rvx_core_alu_instance/sra_34/U0/U_1/A2
                                1.02           1.56          -0.53  (VIOLATED) 
     PIN : u_core/rvx_core_instance/rvx_core_alu_instance/sra_34/U0/U_2/A2
                                1.02           1.56          -0.53  (VIOLATED) 
     PIN : u_core/rvx_core_instance/rvx_core_alu_instance/sra_34/U0/U_3/A2
                                1.02           1.56          -0.53  (VIOLATED) 
     PIN : u_core/rvx_core_instance/rvx_core_alu_instance/sra_34/U0/U_4/A2
                                1.02           1.56          -0.53  (VIOLATED) 
     PIN : u_core/rvx_core_instance/rvx_core_alu_instance/sra_34/U0/U_5/A2
                                1.02           1.56          -0.53  (VIOLATED) 
     PIN : u_core/rvx_core_instance/rvx_core_alu_instance/sra_34/U0/U_6/A0
                                1.02           1.56          -0.53  (VIOLATED) 
     PIN : u_core/rvx_core_instance/rvx_core_alu_instance/sra_34/U0/U_21/A
                                1.02           1.56          -0.53  (VIOLATED) 
     PIN : u_core/rvx_core_instance/rvx_core_alu_instance/sra_34/U0/U_23/S0
                                1.02           1.56          -0.53  (VIOLATED) 
     PIN : u_core/rvx_core_instance/rvx_core_alu_instance/sra_34/U0/U_25/S0
                                1.02           1.56          -0.53  (VIOLATED) 
     PIN : u_core/rvx_core_instance/rvx_core_alu_instance/sra_34/U0/U_89/S0
                                1.02           1.56          -0.53  (VIOLATED) 
     PIN : u_core/rvx_core_instance/rvx_core_alu_instance/sra_34/U0/U_29/S0
                                1.02           1.56          -0.53  (VIOLATED) 
     PIN : u_core/rvx_core_instance/rvx_core_alu_instance/sra_34/U0/U_31/S0
                                1.02           1.56          -0.53  (VIOLATED) 
     PIN : u_core/rvx_core_instance/rvx_core_alu_instance/sra_34/U0/U_33/S0
                                1.02           1.56          -0.53  (VIOLATED) 
     PIN : u_core/rvx_core_instance/rvx_core_alu_instance/sra_34/U0/U_35/S0
                                1.02           1.56          -0.53  (VIOLATED) 
     PIN : u_core/rvx_core_instance/rvx_core_alu_instance/sra_34/U0/U_37/S0
                                1.02           1.56          -0.53  (VIOLATED) 
     PIN : u_core/rvx_core_instance/rvx_core_alu_instance/sra_34/U0/U_39/S0
                                1.02           1.56          -0.53  (VIOLATED) 
     PIN : u_core/rvx_core_instance/rvx_core_alu_instance/sra_34/U0/U_41/S0
                                1.02           1.56          -0.53  (VIOLATED) 
     PIN : u_core/rvx_core_instance/rvx_core_alu_instance/sra_34/U0/U_43/S0
                                1.02           1.56          -0.53  (VIOLATED) 
     PIN : u_core/rvx_core_instance/rvx_core_alu_instance/sra_34/U0/U_45/S0
                                1.02           1.56          -0.53  (VIOLATED) 
     PIN : u_core/rvx_core_instance/rvx_core_alu_instance/sra_34/U0/U_151/A
                                1.02           1.56          -0.53  (VIOLATED) 
     PIN : u_core/rvx_core_instance/rvx_core_alu_instance/sra_34/U0/U_131/S0
                                1.02           1.56          -0.53  (VIOLATED) 
     PIN : u_core/rvx_core_instance/rvx_core_alu_instance/sra_34/U0/U_133/S0
                                1.02           1.56          -0.53  (VIOLATED) 
     PIN : u_core/rvx_core_instance/rvx_core_alu_instance/sra_34/U0/U_135/S0
                                1.02           1.56          -0.53  (VIOLATED) 
     PIN : u_core/rvx_core_instance/rvx_core_alu_instance/sra_34/U0/U_137/S0
                                1.02           1.56          -0.53  (VIOLATED) 
     PIN : u_core/rvx_core_instance/rvx_core_alu_instance/sra_34/U0/U_139/S0
                                1.02           1.56          -0.53  (VIOLATED) 
     PIN : u_core/rvx_core_instance/rvx_core_alu_instance/sra_34/U0/U_141/S0
                                1.02           1.56          -0.53  (VIOLATED) 
     PIN : u_core/rvx_core_instance/rvx_core_alu_instance/sra_34/U0/U_143/S0
                                1.02           1.56          -0.53  (VIOLATED) 
     PIN : u_core/rvx_core_instance/rvx_core_alu_instance/sra_34/U0/U_145/S0
                                1.02           1.56          -0.53  (VIOLATED) 
     PIN : u_core/rvx_core_instance/rvx_core_alu_instance/sra_34/U0/U_147/S0
                                1.02           1.56          -0.53  (VIOLATED) 
     PIN : u_core/rvx_core_instance/rvx_core_alu_instance/sra_34/U0/U_149/A
                                1.02           1.56          -0.53  (VIOLATED) 
     PIN : u_core/rvx_core_instance/rvx_core_alu_instance/sra_34/U0/U_129/S0
                                1.02           1.56          -0.53  (VIOLATED) 
     PIN : u_core/rvx_core_instance/rvx_core_alu_instance/sra_34/U0/U_153/A
                                1.02           1.56          -0.53  (VIOLATED) 
     PIN : u_core/rvx_core_instance/rvx_core_alu_instance/sra_34/U0/U_155/A
                                1.02           1.56          -0.53  (VIOLATED) 
     PIN : u_core/rvx_core_instance/rvx_core_alu_instance/sra_34/U0/U_157/S0
                                1.02           1.56          -0.53  (VIOLATED) 
     PIN : u_core/rvx_core_instance/rvx_core_alu_instance/sra_34/U0/U_159/S0
                                1.02           1.56          -0.53  (VIOLATED) 
     PIN : u_core/rvx_core_instance/rvx_core_alu_instance/sra_34/U0/U_161/S0
                                1.02           1.56          -0.53  (VIOLATED) 
     PIN : u_core/rvx_core_instance/rvx_core_alu_instance/sra_34/U0/U_163/S0
                                1.02           1.56          -0.53  (VIOLATED) 
     PIN : u_core/rvx_core_instance/rvx_core_alu_instance/sra_34/U0/U_165/S0
                                1.02           1.56          -0.53  (VIOLATED) 
     PIN : u_core/rvx_core_instance/rvx_core_alu_instance/sra_34/U0/U_167/S0
                                1.02           1.56          -0.53  (VIOLATED) 
     PIN : u_core/rvx_core_instance/rvx_core_alu_instance/sra_34/U0/U_169/S0
                                1.02           1.56          -0.53  (VIOLATED) 
     PIN : u_core/rvx_core_instance/rvx_core_alu_instance/sra_34/U0/U_109/S0
                                1.02           1.56          -0.53  (VIOLATED) 
     PIN : u_core/rvx_core_instance/rvx_core_alu_instance/sra_34/U0/U_91/S0
                                1.02           1.56          -0.53  (VIOLATED) 
     PIN : u_core/rvx_core_instance/rvx_core_alu_instance/sra_34/U0/U_93/S0
                                1.02           1.56          -0.53  (VIOLATED) 
     PIN : u_core/rvx_core_instance/rvx_core_alu_instance/sra_34/U0/U_95/S0
                                1.02           1.56          -0.53  (VIOLATED) 
     PIN : u_core/rvx_core_instance/rvx_core_alu_instance/sra_34/U0/U_97/S0
                                1.02           1.56          -0.53  (VIOLATED) 
     PIN : u_core/rvx_core_instance/rvx_core_alu_instance/sra_34/U0/U_99/S0
                                1.02           1.56          -0.53  (VIOLATED) 
     PIN : u_core/rvx_core_instance/rvx_core_alu_instance/sra_34/U0/U_101/S0
                                1.02           1.56          -0.53  (VIOLATED) 
     PIN : u_core/rvx_core_instance/rvx_core_alu_instance/sra_34/U0/U_103/S0
                                1.02           1.56          -0.53  (VIOLATED) 
     PIN : u_core/rvx_core_instance/rvx_core_alu_instance/sra_34/U0/U_105/S0
                                1.02           1.56          -0.53  (VIOLATED) 
     PIN : u_core/rvx_core_instance/rvx_core_alu_instance/sra_34/U0/U_107/S0
                                1.02           1.56          -0.53  (VIOLATED) 
     PIN : u_core/rvx_core_instance/rvx_core_alu_instance/sra_34/U0/U_173/S0
                                1.02           1.56          -0.53  (VIOLATED) 
     PIN : u_core/rvx_core_instance/rvx_core_alu_instance/sra_34/U0/U_111/S0
                                1.02           1.56          -0.53  (VIOLATED) 
     PIN : u_core/rvx_core_instance/rvx_core_alu_instance/sra_34/U0/U_113/S0
                                1.02           1.56          -0.53  (VIOLATED) 
     PIN : u_core/rvx_core_instance/rvx_core_alu_instance/sra_34/U0/U_115/S0
                                1.02           1.56          -0.53  (VIOLATED) 
     PIN : u_core/rvx_core_instance/rvx_core_alu_instance/sra_34/U0/U_117/S0
                                1.02           1.56          -0.53  (VIOLATED) 
     PIN : u_core/rvx_core_instance/rvx_core_alu_instance/sra_34/U0/U_119/S0
                                1.02           1.56          -0.53  (VIOLATED) 
     PIN : u_core/rvx_core_instance/rvx_core_alu_instance/sra_34/U0/U_121/S0
                                1.02           1.56          -0.53  (VIOLATED) 
     PIN : u_core/rvx_core_instance/rvx_core_alu_instance/sra_34/U0/U_123/S0
                                1.02           1.56          -0.53  (VIOLATED) 
     PIN : u_core/rvx_core_instance/rvx_core_alu_instance/sra_34/U0/U_125/S0
                                1.02           1.56          -0.53  (VIOLATED) 
     PIN : u_core/rvx_core_instance/rvx_core_alu_instance/sra_34/U0/U_127/S0
                                1.02           1.56          -0.53  (VIOLATED) 

   u_core/rvx_core_instance/rvx_core_alu_instance/srl_36/U0/N_0
                                0.19           1.56          -1.36  (VIOLATED) 
     PIN : u_core/rvx_core_instance/rvx_core_alu_instance/srl_36/U0/U_0/Y
                                0.19           1.56          -1.36  (VIOLATED) 
     PIN : u_core/rvx_core_instance/rvx_core_alu_instance/srl_36/U0/U_215/A
                                1.02           1.56          -0.53  (VIOLATED) 
     PIN : u_core/rvx_core_instance/rvx_core_alu_instance/srl_36/U0/U_253/S0
                                1.02           1.56          -0.53  (VIOLATED) 
     PIN : u_core/rvx_core_instance/rvx_core_alu_instance/srl_36/U0/U_217/A
                                1.02           1.56          -0.53  (VIOLATED) 
     PIN : u_core/rvx_core_instance/rvx_core_alu_instance/srl_36/U0/U_219/A
                                1.02           1.56          -0.53  (VIOLATED) 
     PIN : u_core/rvx_core_instance/rvx_core_alu_instance/srl_36/U0/U_221/A
                                1.02           1.56          -0.53  (VIOLATED) 
     PIN : u_core/rvx_core_instance/rvx_core_alu_instance/srl_36/U0/U_223/A
                                1.02           1.56          -0.53  (VIOLATED) 
     PIN : u_core/rvx_core_instance/rvx_core_alu_instance/srl_36/U0/U_225/A
                                1.02           1.56          -0.53  (VIOLATED) 
     PIN : u_core/rvx_core_instance/rvx_core_alu_instance/srl_36/U0/U_227/A
                                1.02           1.56          -0.53  (VIOLATED) 
     PIN : u_core/rvx_core_instance/rvx_core_alu_instance/srl_36/U0/U_229/S0
                                1.02           1.56          -0.53  (VIOLATED) 
     PIN : u_core/rvx_core_instance/rvx_core_alu_instance/srl_36/U0/U_231/S0
                                1.02           1.56          -0.53  (VIOLATED) 
     PIN : u_core/rvx_core_instance/rvx_core_alu_instance/srl_36/U0/U_233/S0
                                1.02           1.56          -0.53  (VIOLATED) 
     PIN : u_core/rvx_core_instance/rvx_core_alu_instance/srl_36/U0/U_235/S0
                                1.02           1.56          -0.53  (VIOLATED) 
     PIN : u_core/rvx_core_instance/rvx_core_alu_instance/srl_36/U0/U_237/S0
                                1.02           1.56          -0.53  (VIOLATED) 
     PIN : u_core/rvx_core_instance/rvx_core_alu_instance/srl_36/U0/U_239/S0
                                1.02           1.56          -0.53  (VIOLATED) 
     PIN : u_core/rvx_core_instance/rvx_core_alu_instance/srl_36/U0/U_241/S0
                                1.02           1.56          -0.53  (VIOLATED) 
     PIN : u_core/rvx_core_instance/rvx_core_alu_instance/srl_36/U0/U_243/S0
                                1.02           1.56          -0.53  (VIOLATED) 
     PIN : u_core/rvx_core_instance/rvx_core_alu_instance/srl_36/U0/U_245/S0
                                1.02           1.56          -0.53  (VIOLATED) 
     PIN : u_core/rvx_core_instance/rvx_core_alu_instance/srl_36/U0/U_247/S0
                                1.02           1.56          -0.53  (VIOLATED) 
     PIN : u_core/rvx_core_instance/rvx_core_alu_instance/srl_36/U0/U_249/S0
                                1.02           1.56          -0.53  (VIOLATED) 
     PIN : u_core/rvx_core_instance/rvx_core_alu_instance/srl_36/U0/U_251/S0
                                1.02           1.56          -0.53  (VIOLATED) 
     PIN : u_core/rvx_core_instance/rvx_core_alu_instance/srl_36/U0/U_255/S0
                                1.02           1.56          -0.53  (VIOLATED) 
     PIN : u_core/rvx_core_instance/rvx_core_alu_instance/srl_36/U0/U_193/S0
                                1.02           1.56          -0.53  (VIOLATED) 
     PIN : u_core/rvx_core_instance/rvx_core_alu_instance/srl_36/U0/U_175/S0
                                1.02           1.56          -0.53  (VIOLATED) 
     PIN : u_core/rvx_core_instance/rvx_core_alu_instance/srl_36/U0/U_177/S0
                                1.02           1.56          -0.53  (VIOLATED) 
     PIN : u_core/rvx_core_instance/rvx_core_alu_instance/srl_36/U0/U_179/S0
                                1.02           1.56          -0.53  (VIOLATED) 
     PIN : u_core/rvx_core_instance/rvx_core_alu_instance/srl_36/U0/U_181/S0
                                1.02           1.56          -0.53  (VIOLATED) 
     PIN : u_core/rvx_core_instance/rvx_core_alu_instance/srl_36/U0/U_183/S0
                                1.02           1.56          -0.53  (VIOLATED) 
     PIN : u_core/rvx_core_instance/rvx_core_alu_instance/srl_36/U0/U_185/S0
                                1.02           1.56          -0.53  (VIOLATED) 
     PIN : u_core/rvx_core_instance/rvx_core_alu_instance/srl_36/U0/U_187/S0
                                1.02           1.56          -0.53  (VIOLATED) 
     PIN : u_core/rvx_core_instance/rvx_core_alu_instance/srl_36/U0/U_189/S0
                                1.02           1.56          -0.53  (VIOLATED) 
     PIN : u_core/rvx_core_instance/rvx_core_alu_instance/srl_36/U0/U_191/S0
                                1.02           1.56          -0.53  (VIOLATED) 
     PIN : u_core/rvx_core_instance/rvx_core_alu_instance/srl_36/U0/U_213/A
                                1.02           1.56          -0.53  (VIOLATED) 
     PIN : u_core/rvx_core_instance/rvx_core_alu_instance/srl_36/U0/U_195/S0
                                1.02           1.56          -0.53  (VIOLATED) 
     PIN : u_core/rvx_core_instance/rvx_core_alu_instance/srl_36/U0/U_197/S0
                                1.02           1.56          -0.53  (VIOLATED) 
     PIN : u_core/rvx_core_instance/rvx_core_alu_instance/srl_36/U0/U_199/S0
                                1.02           1.56          -0.53  (VIOLATED) 
     PIN : u_core/rvx_core_instance/rvx_core_alu_instance/srl_36/U0/U_201/S0
                                1.02           1.56          -0.53  (VIOLATED) 
     PIN : u_core/rvx_core_instance/rvx_core_alu_instance/srl_36/U0/U_203/S0
                                1.02           1.56          -0.53  (VIOLATED) 
     PIN : u_core/rvx_core_instance/rvx_core_alu_instance/srl_36/U0/U_205/S0
                                1.02           1.56          -0.53  (VIOLATED) 
     PIN : u_core/rvx_core_instance/rvx_core_alu_instance/srl_36/U0/U_207/S0
                                1.02           1.56          -0.53  (VIOLATED) 
     PIN : u_core/rvx_core_instance/rvx_core_alu_instance/srl_36/U0/U_209/S0
                                1.02           1.56          -0.53  (VIOLATED) 
     PIN : u_core/rvx_core_instance/rvx_core_alu_instance/srl_36/U0/U_211/S0
                                1.02           1.56          -0.53  (VIOLATED) 
     PIN : u_core/rvx_core_instance/rvx_core_alu_instance/srl_36/U0/U_319/S0
                                1.02           1.56          -0.53  (VIOLATED) 
     PIN : u_core/rvx_core_instance/rvx_core_alu_instance/srl_36/U0/U_299/A
                                1.02           1.56          -0.53  (VIOLATED) 
     PIN : u_core/rvx_core_instance/rvx_core_alu_instance/srl_36/U0/U_301/A
                                1.02           1.56          -0.53  (VIOLATED) 
     PIN : u_core/rvx_core_instance/rvx_core_alu_instance/srl_36/U0/U_303/A
                                1.02           1.56          -0.53  (VIOLATED) 
     PIN : u_core/rvx_core_instance/rvx_core_alu_instance/srl_36/U0/U_305/A
                                1.02           1.56          -0.53  (VIOLATED) 
     PIN : u_core/rvx_core_instance/rvx_core_alu_instance/srl_36/U0/U_307/A
                                1.02           1.56          -0.53  (VIOLATED) 
     PIN : u_core/rvx_core_instance/rvx_core_alu_instance/srl_36/U0/U_309/S0
                                1.02           1.56          -0.53  (VIOLATED) 
     PIN : u_core/rvx_core_instance/rvx_core_alu_instance/srl_36/U0/U_311/S0
                                1.02           1.56          -0.53  (VIOLATED) 
     PIN : u_core/rvx_core_instance/rvx_core_alu_instance/srl_36/U0/U_313/S0
                                1.02           1.56          -0.53  (VIOLATED) 
     PIN : u_core/rvx_core_instance/rvx_core_alu_instance/srl_36/U0/U_315/S0
                                1.02           1.56          -0.53  (VIOLATED) 
     PIN : u_core/rvx_core_instance/rvx_core_alu_instance/srl_36/U0/U_317/S0
                                1.02           1.56          -0.53  (VIOLATED) 
     PIN : u_core/rvx_core_instance/rvx_core_alu_instance/srl_36/U0/U_297/A
                                1.02           1.56          -0.53  (VIOLATED) 
     PIN : u_core/rvx_core_instance/rvx_core_alu_instance/srl_36/U0/U_321/S0
                                1.02           1.56          -0.53  (VIOLATED) 
     PIN : u_core/rvx_core_instance/rvx_core_alu_instance/srl_36/U0/U_323/S0
                                1.02           1.56          -0.53  (VIOLATED) 
     PIN : u_core/rvx_core_instance/rvx_core_alu_instance/srl_36/U0/U_325/S0
                                1.02           1.56          -0.53  (VIOLATED) 
     PIN : u_core/rvx_core_instance/rvx_core_alu_instance/srl_36/U0/U_327/S0
                                1.02           1.56          -0.53  (VIOLATED) 
     PIN : u_core/rvx_core_instance/rvx_core_alu_instance/srl_36/U0/U_329/S0
                                1.02           1.56          -0.53  (VIOLATED) 
     PIN : u_core/rvx_core_instance/rvx_core_alu_instance/srl_36/U0/U_331/S0
                                1.02           1.56          -0.53  (VIOLATED) 
     PIN : u_core/rvx_core_instance/rvx_core_alu_instance/srl_36/U0/U_333/S0
                                1.02           1.56          -0.53  (VIOLATED) 
     PIN : u_core/rvx_core_instance/rvx_core_alu_instance/srl_36/U0/U_335/S0
                                1.02           1.56          -0.53  (VIOLATED) 
     PIN : u_core/rvx_core_instance/rvx_core_alu_instance/srl_36/U0/U_337/S0
                                1.02           1.56          -0.53  (VIOLATED) 
     PIN : u_core/rvx_core_instance/rvx_core_alu_instance/srl_36/U0/U_277/A
                                1.02           1.56          -0.53  (VIOLATED) 
     PIN : u_core/rvx_core_instance/rvx_core_alu_instance/srl_36/U0/U_257/S0
                                1.02           1.56          -0.53  (VIOLATED) 
     PIN : u_core/rvx_core_instance/rvx_core_alu_instance/srl_36/U0/U_259/S0
                                1.02           1.56          -0.53  (VIOLATED) 
     PIN : u_core/rvx_core_instance/rvx_core_alu_instance/srl_36/U0/U_261/S0
                                1.02           1.56          -0.53  (VIOLATED) 
     PIN : u_core/rvx_core_instance/rvx_core_alu_instance/srl_36/U0/U_263/S0
                                1.02           1.56          -0.53  (VIOLATED) 
     PIN : u_core/rvx_core_instance/rvx_core_alu_instance/srl_36/U0/U_265/S0
                                1.02           1.56          -0.53  (VIOLATED) 
     PIN : u_core/rvx_core_instance/rvx_core_alu_instance/srl_36/U0/U_267/S0
                                1.02           1.56          -0.53  (VIOLATED) 
     PIN : u_core/rvx_core_instance/rvx_core_alu_instance/srl_36/U0/U_269/S0
                                1.02           1.56          -0.53  (VIOLATED) 
     PIN : u_core/rvx_core_instance/rvx_core_alu_instance/srl_36/U0/U_271/S0
                                1.02           1.56          -0.53  (VIOLATED) 
     PIN : u_core/rvx_core_instance/rvx_core_alu_instance/srl_36/U0/U_273/S0
                                1.02           1.56          -0.53  (VIOLATED) 
     PIN : u_core/rvx_core_instance/rvx_core_alu_instance/srl_36/U0/U_275/S0
                                1.02           1.56          -0.53  (VIOLATED) 
     PIN : u_core/rvx_core_instance/rvx_core_alu_instance/srl_36/U0/U_171/S0
                                1.02           1.56          -0.53  (VIOLATED) 
     PIN : u_core/rvx_core_instance/rvx_core_alu_instance/srl_36/U0/U_279/A
                                1.02           1.56          -0.53  (VIOLATED) 
     PIN : u_core/rvx_core_instance/rvx_core_alu_instance/srl_36/U0/U_281/A
                                1.02           1.56          -0.53  (VIOLATED) 
     PIN : u_core/rvx_core_instance/rvx_core_alu_instance/srl_36/U0/U_283/A
                                1.02           1.56          -0.53  (VIOLATED) 
     PIN : u_core/rvx_core_instance/rvx_core_alu_instance/srl_36/U0/U_285/A
                                1.02           1.56          -0.53  (VIOLATED) 
     PIN : u_core/rvx_core_instance/rvx_core_alu_instance/srl_36/U0/U_287/A
                                1.02           1.56          -0.53  (VIOLATED) 
     PIN : u_core/rvx_core_instance/rvx_core_alu_instance/srl_36/U0/U_289/A
                                1.02           1.56          -0.53  (VIOLATED) 
     PIN : u_core/rvx_core_instance/rvx_core_alu_instance/srl_36/U0/U_291/A
                                1.02           1.56          -0.53  (VIOLATED) 
     PIN : u_core/rvx_core_instance/rvx_core_alu_instance/srl_36/U0/U_293/A
                                1.02           1.56          -0.53  (VIOLATED) 
     PIN : u_core/rvx_core_instance/rvx_core_alu_instance/srl_36/U0/U_295/A
                                1.02           1.56          -0.53  (VIOLATED) 
     PIN : u_core/rvx_core_instance/rvx_core_alu_instance/srl_36/U0/U_69/S0
                                1.02           1.56          -0.53  (VIOLATED) 
     PIN : u_core/rvx_core_instance/rvx_core_alu_instance/srl_36/U0/U_49/S0
                                1.02           1.56          -0.53  (VIOLATED) 
     PIN : u_core/rvx_core_instance/rvx_core_alu_instance/srl_36/U0/U_51/S0
                                1.02           1.56          -0.53  (VIOLATED) 
     PIN : u_core/rvx_core_instance/rvx_core_alu_instance/srl_36/U0/U_53/S0
                                1.02           1.56          -0.53  (VIOLATED) 
     PIN : u_core/rvx_core_instance/rvx_core_alu_instance/srl_36/U0/U_55/S0
                                1.02           1.56          -0.53  (VIOLATED) 
     PIN : u_core/rvx_core_instance/rvx_core_alu_instance/srl_36/U0/U_57/S0
                                1.02           1.56          -0.53  (VIOLATED) 
     PIN : u_core/rvx_core_instance/rvx_core_alu_instance/srl_36/U0/U_59/S0
                                1.02           1.56          -0.53  (VIOLATED) 
     PIN : u_core/rvx_core_instance/rvx_core_alu_instance/srl_36/U0/U_61/S0
                                1.02           1.56          -0.53  (VIOLATED) 
     PIN : u_core/rvx_core_instance/rvx_core_alu_instance/srl_36/U0/U_63/S0
                                1.02           1.56          -0.53  (VIOLATED) 
     PIN : u_core/rvx_core_instance/rvx_core_alu_instance/srl_36/U0/U_65/S0
                                1.02           1.56          -0.53  (VIOLATED) 
     PIN : u_core/rvx_core_instance/rvx_core_alu_instance/srl_36/U0/U_67/S0
                                1.02           1.56          -0.53  (VIOLATED) 
     PIN : u_core/rvx_core_instance/rvx_core_alu_instance/srl_36/U0/U_47/S0
                                1.02           1.56          -0.53  (VIOLATED) 
     PIN : u_core/rvx_core_instance/rvx_core_alu_instance/srl_36/U0/U_71/S0
                                1.02           1.56          -0.53  (VIOLATED) 
     PIN : u_core/rvx_core_instance/rvx_core_alu_instance/srl_36/U0/U_73/S0
                                1.02           1.56          -0.53  (VIOLATED) 
     PIN : u_core/rvx_core_instance/rvx_core_alu_instance/srl_36/U0/U_75/S0
                                1.02           1.56          -0.53  (VIOLATED) 
     PIN : u_core/rvx_core_instance/rvx_core_alu_instance/srl_36/U0/U_77/S0
                                1.02           1.56          -0.53  (VIOLATED) 
     PIN : u_core/rvx_core_instance/rvx_core_alu_instance/srl_36/U0/U_79/S0
                                1.02           1.56          -0.53  (VIOLATED) 
     PIN : u_core/rvx_core_instance/rvx_core_alu_instance/srl_36/U0/U_81/S0
                                1.02           1.56          -0.53  (VIOLATED) 
     PIN : u_core/rvx_core_instance/rvx_core_alu_instance/srl_36/U0/U_83/S0
                                1.02           1.56          -0.53  (VIOLATED) 
     PIN : u_core/rvx_core_instance/rvx_core_alu_instance/srl_36/U0/U_85/A
                                1.02           1.56          -0.53  (VIOLATED) 
     PIN : u_core/rvx_core_instance/rvx_core_alu_instance/srl_36/U0/U_87/A
                                1.02           1.56          -0.53  (VIOLATED) 
     PIN : u_core/rvx_core_instance/rvx_core_alu_instance/srl_36/U0/U_27/S0
                                1.02           1.56          -0.53  (VIOLATED) 
     PIN : u_core/rvx_core_instance/rvx_core_alu_instance/srl_36/U0/U_339/S0
                                1.02           1.56          -0.53  (VIOLATED) 
     PIN : u_core/rvx_core_instance/rvx_core_alu_instance/srl_36/U0/U_1/A2
                                1.02           1.56          -0.53  (VIOLATED) 
     PIN : u_core/rvx_core_instance/rvx_core_alu_instance/srl_36/U0/U_2/A2
                                1.02           1.56          -0.53  (VIOLATED) 
     PIN : u_core/rvx_core_instance/rvx_core_alu_instance/srl_36/U0/U_3/A2
                                1.02           1.56          -0.53  (VIOLATED) 
     PIN : u_core/rvx_core_instance/rvx_core_alu_instance/srl_36/U0/U_4/A2
                                1.02           1.56          -0.53  (VIOLATED) 
     PIN : u_core/rvx_core_instance/rvx_core_alu_instance/srl_36/U0/U_5/A2
                                1.02           1.56          -0.53  (VIOLATED) 
     PIN : u_core/rvx_core_instance/rvx_core_alu_instance/srl_36/U0/U_6/A0
                                1.02           1.56          -0.53  (VIOLATED) 
     PIN : u_core/rvx_core_instance/rvx_core_alu_instance/srl_36/U0/U_21/A
                                1.02           1.56          -0.53  (VIOLATED) 
     PIN : u_core/rvx_core_instance/rvx_core_alu_instance/srl_36/U0/U_23/S0
                                1.02           1.56          -0.53  (VIOLATED) 
     PIN : u_core/rvx_core_instance/rvx_core_alu_instance/srl_36/U0/U_25/S0
                                1.02           1.56          -0.53  (VIOLATED) 
     PIN : u_core/rvx_core_instance/rvx_core_alu_instance/srl_36/U0/U_89/S0
                                1.02           1.56          -0.53  (VIOLATED) 
     PIN : u_core/rvx_core_instance/rvx_core_alu_instance/srl_36/U0/U_29/S0
                                1.02           1.56          -0.53  (VIOLATED) 
     PIN : u_core/rvx_core_instance/rvx_core_alu_instance/srl_36/U0/U_31/S0
                                1.02           1.56          -0.53  (VIOLATED) 
     PIN : u_core/rvx_core_instance/rvx_core_alu_instance/srl_36/U0/U_33/S0
                                1.02           1.56          -0.53  (VIOLATED) 
     PIN : u_core/rvx_core_instance/rvx_core_alu_instance/srl_36/U0/U_35/S0
                                1.02           1.56          -0.53  (VIOLATED) 
     PIN : u_core/rvx_core_instance/rvx_core_alu_instance/srl_36/U0/U_37/S0
                                1.02           1.56          -0.53  (VIOLATED) 
     PIN : u_core/rvx_core_instance/rvx_core_alu_instance/srl_36/U0/U_39/S0
                                1.02           1.56          -0.53  (VIOLATED) 
     PIN : u_core/rvx_core_instance/rvx_core_alu_instance/srl_36/U0/U_41/S0
                                1.02           1.56          -0.53  (VIOLATED) 
     PIN : u_core/rvx_core_instance/rvx_core_alu_instance/srl_36/U0/U_43/S0
                                1.02           1.56          -0.53  (VIOLATED) 
     PIN : u_core/rvx_core_instance/rvx_core_alu_instance/srl_36/U0/U_45/S0
                                1.02           1.56          -0.53  (VIOLATED) 
     PIN : u_core/rvx_core_instance/rvx_core_alu_instance/srl_36/U0/U_151/A
                                1.02           1.56          -0.53  (VIOLATED) 
     PIN : u_core/rvx_core_instance/rvx_core_alu_instance/srl_36/U0/U_131/S0
                                1.02           1.56          -0.53  (VIOLATED) 
     PIN : u_core/rvx_core_instance/rvx_core_alu_instance/srl_36/U0/U_133/S0
                                1.02           1.56          -0.53  (VIOLATED) 
     PIN : u_core/rvx_core_instance/rvx_core_alu_instance/srl_36/U0/U_135/S0
                                1.02           1.56          -0.53  (VIOLATED) 
     PIN : u_core/rvx_core_instance/rvx_core_alu_instance/srl_36/U0/U_137/S0
                                1.02           1.56          -0.53  (VIOLATED) 
     PIN : u_core/rvx_core_instance/rvx_core_alu_instance/srl_36/U0/U_139/S0
                                1.02           1.56          -0.53  (VIOLATED) 
     PIN : u_core/rvx_core_instance/rvx_core_alu_instance/srl_36/U0/U_141/S0
                                1.02           1.56          -0.53  (VIOLATED) 
     PIN : u_core/rvx_core_instance/rvx_core_alu_instance/srl_36/U0/U_143/S0
                                1.02           1.56          -0.53  (VIOLATED) 
     PIN : u_core/rvx_core_instance/rvx_core_alu_instance/srl_36/U0/U_145/S0
                                1.02           1.56          -0.53  (VIOLATED) 
     PIN : u_core/rvx_core_instance/rvx_core_alu_instance/srl_36/U0/U_147/S0
                                1.02           1.56          -0.53  (VIOLATED) 
     PIN : u_core/rvx_core_instance/rvx_core_alu_instance/srl_36/U0/U_149/A
                                1.02           1.56          -0.53  (VIOLATED) 
     PIN : u_core/rvx_core_instance/rvx_core_alu_instance/srl_36/U0/U_129/S0
                                1.02           1.56          -0.53  (VIOLATED) 
     PIN : u_core/rvx_core_instance/rvx_core_alu_instance/srl_36/U0/U_153/A
                                1.02           1.56          -0.53  (VIOLATED) 
     PIN : u_core/rvx_core_instance/rvx_core_alu_instance/srl_36/U0/U_155/A
                                1.02           1.56          -0.53  (VIOLATED) 
     PIN : u_core/rvx_core_instance/rvx_core_alu_instance/srl_36/U0/U_157/S0
                                1.02           1.56          -0.53  (VIOLATED) 
     PIN : u_core/rvx_core_instance/rvx_core_alu_instance/srl_36/U0/U_159/S0
                                1.02           1.56          -0.53  (VIOLATED) 
     PIN : u_core/rvx_core_instance/rvx_core_alu_instance/srl_36/U0/U_161/S0
                                1.02           1.56          -0.53  (VIOLATED) 
     PIN : u_core/rvx_core_instance/rvx_core_alu_instance/srl_36/U0/U_163/S0
                                1.02           1.56          -0.53  (VIOLATED) 
     PIN : u_core/rvx_core_instance/rvx_core_alu_instance/srl_36/U0/U_165/S0
                                1.02           1.56          -0.53  (VIOLATED) 
     PIN : u_core/rvx_core_instance/rvx_core_alu_instance/srl_36/U0/U_167/S0
                                1.02           1.56          -0.53  (VIOLATED) 
     PIN : u_core/rvx_core_instance/rvx_core_alu_instance/srl_36/U0/U_169/S0
                                1.02           1.56          -0.53  (VIOLATED) 
     PIN : u_core/rvx_core_instance/rvx_core_alu_instance/srl_36/U0/U_109/S0
                                1.02           1.56          -0.53  (VIOLATED) 
     PIN : u_core/rvx_core_instance/rvx_core_alu_instance/srl_36/U0/U_91/S0
                                1.02           1.56          -0.53  (VIOLATED) 
     PIN : u_core/rvx_core_instance/rvx_core_alu_instance/srl_36/U0/U_93/S0
                                1.02           1.56          -0.53  (VIOLATED) 
     PIN : u_core/rvx_core_instance/rvx_core_alu_instance/srl_36/U0/U_95/S0
                                1.02           1.56          -0.53  (VIOLATED) 
     PIN : u_core/rvx_core_instance/rvx_core_alu_instance/srl_36/U0/U_97/S0
                                1.02           1.56          -0.53  (VIOLATED) 
     PIN : u_core/rvx_core_instance/rvx_core_alu_instance/srl_36/U0/U_99/S0
                                1.02           1.56          -0.53  (VIOLATED) 
     PIN : u_core/rvx_core_instance/rvx_core_alu_instance/srl_36/U0/U_101/S0
                                1.02           1.56          -0.53  (VIOLATED) 
     PIN : u_core/rvx_core_instance/rvx_core_alu_instance/srl_36/U0/U_103/S0
                                1.02           1.56          -0.53  (VIOLATED) 
     PIN : u_core/rvx_core_instance/rvx_core_alu_instance/srl_36/U0/U_105/S0
                                1.02           1.56          -0.53  (VIOLATED) 
     PIN : u_core/rvx_core_instance/rvx_core_alu_instance/srl_36/U0/U_107/S0
                                1.02           1.56          -0.53  (VIOLATED) 
     PIN : u_core/rvx_core_instance/rvx_core_alu_instance/srl_36/U0/U_173/S0
                                1.02           1.56          -0.53  (VIOLATED) 
     PIN : u_core/rvx_core_instance/rvx_core_alu_instance/srl_36/U0/U_111/S0
                                1.02           1.56          -0.53  (VIOLATED) 
     PIN : u_core/rvx_core_instance/rvx_core_alu_instance/srl_36/U0/U_113/S0
                                1.02           1.56          -0.53  (VIOLATED) 
     PIN : u_core/rvx_core_instance/rvx_core_alu_instance/srl_36/U0/U_115/S0
                                1.02           1.56          -0.53  (VIOLATED) 
     PIN : u_core/rvx_core_instance/rvx_core_alu_instance/srl_36/U0/U_117/S0
                                1.02           1.56          -0.53  (VIOLATED) 
     PIN : u_core/rvx_core_instance/rvx_core_alu_instance/srl_36/U0/U_119/S0
                                1.02           1.56          -0.53  (VIOLATED) 
     PIN : u_core/rvx_core_instance/rvx_core_alu_instance/srl_36/U0/U_121/S0
                                1.02           1.56          -0.53  (VIOLATED) 
     PIN : u_core/rvx_core_instance/rvx_core_alu_instance/srl_36/U0/U_123/S0
                                1.02           1.56          -0.53  (VIOLATED) 
     PIN : u_core/rvx_core_instance/rvx_core_alu_instance/srl_36/U0/U_125/S0
                                1.02           1.56          -0.53  (VIOLATED) 
     PIN : u_core/rvx_core_instance/rvx_core_alu_instance/srl_36/U0/U_127/S0
                                1.02           1.56          -0.53  (VIOLATED) 

   u_core/rvx_core_instance/rvx_core_alu_instance/sll_53/U0/N_0
                                0.19           1.49          -1.30  (VIOLATED) 
     PIN : u_core/rvx_core_instance/rvx_core_alu_instance/sll_53/U0/U_0/Y
                                0.19           1.49          -1.30  (VIOLATED) 
     PIN : u_core/rvx_core_instance/rvx_core_alu_instance/sll_53/U0/U_215/A2
                                1.02           1.49          -0.47  (VIOLATED) 
     PIN : u_core/rvx_core_instance/rvx_core_alu_instance/sll_53/U0/U_253/S0
                                1.02           1.49          -0.47  (VIOLATED) 
     PIN : u_core/rvx_core_instance/rvx_core_alu_instance/sll_53/U0/U_217/A2
                                1.02           1.49          -0.47  (VIOLATED) 
     PIN : u_core/rvx_core_instance/rvx_core_alu_instance/sll_53/U0/U_219/A2
                                1.02           1.49          -0.47  (VIOLATED) 
     PIN : u_core/rvx_core_instance/rvx_core_alu_instance/sll_53/U0/U_221/A2
                                1.02           1.49          -0.47  (VIOLATED) 
     PIN : u_core/rvx_core_instance/rvx_core_alu_instance/sll_53/U0/U_223/A2
                                1.02           1.49          -0.47  (VIOLATED) 
     PIN : u_core/rvx_core_instance/rvx_core_alu_instance/sll_53/U0/U_225/A2
                                1.02           1.49          -0.47  (VIOLATED) 
     PIN : u_core/rvx_core_instance/rvx_core_alu_instance/sll_53/U0/U_227/A2
                                1.02           1.49          -0.47  (VIOLATED) 
     PIN : u_core/rvx_core_instance/rvx_core_alu_instance/sll_53/U0/U_229/S0
                                1.02           1.49          -0.47  (VIOLATED) 
     PIN : u_core/rvx_core_instance/rvx_core_alu_instance/sll_53/U0/U_231/S0
                                1.02           1.49          -0.47  (VIOLATED) 
     PIN : u_core/rvx_core_instance/rvx_core_alu_instance/sll_53/U0/U_233/S0
                                1.02           1.49          -0.47  (VIOLATED) 
     PIN : u_core/rvx_core_instance/rvx_core_alu_instance/sll_53/U0/U_235/S0
                                1.02           1.49          -0.47  (VIOLATED) 
     PIN : u_core/rvx_core_instance/rvx_core_alu_instance/sll_53/U0/U_237/S0
                                1.02           1.49          -0.47  (VIOLATED) 
     PIN : u_core/rvx_core_instance/rvx_core_alu_instance/sll_53/U0/U_239/S0
                                1.02           1.49          -0.47  (VIOLATED) 
     PIN : u_core/rvx_core_instance/rvx_core_alu_instance/sll_53/U0/U_241/S0
                                1.02           1.49          -0.47  (VIOLATED) 
     PIN : u_core/rvx_core_instance/rvx_core_alu_instance/sll_53/U0/U_243/S0
                                1.02           1.49          -0.47  (VIOLATED) 
     PIN : u_core/rvx_core_instance/rvx_core_alu_instance/sll_53/U0/U_245/S0
                                1.02           1.49          -0.47  (VIOLATED) 
     PIN : u_core/rvx_core_instance/rvx_core_alu_instance/sll_53/U0/U_247/S0
                                1.02           1.49          -0.47  (VIOLATED) 
     PIN : u_core/rvx_core_instance/rvx_core_alu_instance/sll_53/U0/U_249/S0
                                1.02           1.49          -0.47  (VIOLATED) 
     PIN : u_core/rvx_core_instance/rvx_core_alu_instance/sll_53/U0/U_251/S0
                                1.02           1.49          -0.47  (VIOLATED) 
     PIN : u_core/rvx_core_instance/rvx_core_alu_instance/sll_53/U0/U_255/S0
                                1.02           1.49          -0.47  (VIOLATED) 
     PIN : u_core/rvx_core_instance/rvx_core_alu_instance/sll_53/U0/U_193/S0
                                1.02           1.49          -0.47  (VIOLATED) 
     PIN : u_core/rvx_core_instance/rvx_core_alu_instance/sll_53/U0/U_175/S0
                                1.02           1.49          -0.47  (VIOLATED) 
     PIN : u_core/rvx_core_instance/rvx_core_alu_instance/sll_53/U0/U_177/S0
                                1.02           1.49          -0.47  (VIOLATED) 
     PIN : u_core/rvx_core_instance/rvx_core_alu_instance/sll_53/U0/U_179/S0
                                1.02           1.49          -0.47  (VIOLATED) 
     PIN : u_core/rvx_core_instance/rvx_core_alu_instance/sll_53/U0/U_181/S0
                                1.02           1.49          -0.47  (VIOLATED) 
     PIN : u_core/rvx_core_instance/rvx_core_alu_instance/sll_53/U0/U_183/S0
                                1.02           1.49          -0.47  (VIOLATED) 
     PIN : u_core/rvx_core_instance/rvx_core_alu_instance/sll_53/U0/U_185/S0
                                1.02           1.49          -0.47  (VIOLATED) 
     PIN : u_core/rvx_core_instance/rvx_core_alu_instance/sll_53/U0/U_187/S0
                                1.02           1.49          -0.47  (VIOLATED) 
     PIN : u_core/rvx_core_instance/rvx_core_alu_instance/sll_53/U0/U_189/S0
                                1.02           1.49          -0.47  (VIOLATED) 
     PIN : u_core/rvx_core_instance/rvx_core_alu_instance/sll_53/U0/U_191/S0
                                1.02           1.49          -0.47  (VIOLATED) 
     PIN : u_core/rvx_core_instance/rvx_core_alu_instance/sll_53/U0/U_213/A2
                                1.02           1.49          -0.47  (VIOLATED) 
     PIN : u_core/rvx_core_instance/rvx_core_alu_instance/sll_53/U0/U_195/S0
                                1.02           1.49          -0.47  (VIOLATED) 
     PIN : u_core/rvx_core_instance/rvx_core_alu_instance/sll_53/U0/U_197/S0
                                1.02           1.49          -0.47  (VIOLATED) 
     PIN : u_core/rvx_core_instance/rvx_core_alu_instance/sll_53/U0/U_199/S0
                                1.02           1.49          -0.47  (VIOLATED) 
     PIN : u_core/rvx_core_instance/rvx_core_alu_instance/sll_53/U0/U_201/S0
                                1.02           1.49          -0.47  (VIOLATED) 
     PIN : u_core/rvx_core_instance/rvx_core_alu_instance/sll_53/U0/U_203/S0
                                1.02           1.49          -0.47  (VIOLATED) 
     PIN : u_core/rvx_core_instance/rvx_core_alu_instance/sll_53/U0/U_205/S0
                                1.02           1.49          -0.47  (VIOLATED) 
     PIN : u_core/rvx_core_instance/rvx_core_alu_instance/sll_53/U0/U_207/S0
                                1.02           1.49          -0.47  (VIOLATED) 
     PIN : u_core/rvx_core_instance/rvx_core_alu_instance/sll_53/U0/U_209/S0
                                1.02           1.49          -0.47  (VIOLATED) 
     PIN : u_core/rvx_core_instance/rvx_core_alu_instance/sll_53/U0/U_211/S0
                                1.02           1.49          -0.47  (VIOLATED) 
     PIN : u_core/rvx_core_instance/rvx_core_alu_instance/sll_53/U0/U_319/S0
                                1.02           1.49          -0.47  (VIOLATED) 
     PIN : u_core/rvx_core_instance/rvx_core_alu_instance/sll_53/U0/U_299/A2
                                1.02           1.49          -0.47  (VIOLATED) 
     PIN : u_core/rvx_core_instance/rvx_core_alu_instance/sll_53/U0/U_301/A2
                                1.02           1.49          -0.47  (VIOLATED) 
     PIN : u_core/rvx_core_instance/rvx_core_alu_instance/sll_53/U0/U_303/A2
                                1.02           1.49          -0.47  (VIOLATED) 
     PIN : u_core/rvx_core_instance/rvx_core_alu_instance/sll_53/U0/U_305/A2
                                1.02           1.49          -0.47  (VIOLATED) 
     PIN : u_core/rvx_core_instance/rvx_core_alu_instance/sll_53/U0/U_307/A2
                                1.02           1.49          -0.47  (VIOLATED) 
     PIN : u_core/rvx_core_instance/rvx_core_alu_instance/sll_53/U0/U_309/S0
                                1.02           1.49          -0.47  (VIOLATED) 
     PIN : u_core/rvx_core_instance/rvx_core_alu_instance/sll_53/U0/U_311/S0
                                1.02           1.49          -0.47  (VIOLATED) 
     PIN : u_core/rvx_core_instance/rvx_core_alu_instance/sll_53/U0/U_313/S0
                                1.02           1.49          -0.47  (VIOLATED) 
     PIN : u_core/rvx_core_instance/rvx_core_alu_instance/sll_53/U0/U_315/S0
                                1.02           1.49          -0.47  (VIOLATED) 
     PIN : u_core/rvx_core_instance/rvx_core_alu_instance/sll_53/U0/U_317/S0
                                1.02           1.49          -0.47  (VIOLATED) 
     PIN : u_core/rvx_core_instance/rvx_core_alu_instance/sll_53/U0/U_297/A2
                                1.02           1.49          -0.47  (VIOLATED) 
     PIN : u_core/rvx_core_instance/rvx_core_alu_instance/sll_53/U0/U_321/S0
                                1.02           1.49          -0.47  (VIOLATED) 
     PIN : u_core/rvx_core_instance/rvx_core_alu_instance/sll_53/U0/U_323/S0
                                1.02           1.49          -0.47  (VIOLATED) 
     PIN : u_core/rvx_core_instance/rvx_core_alu_instance/sll_53/U0/U_325/S0
                                1.02           1.49          -0.47  (VIOLATED) 
     PIN : u_core/rvx_core_instance/rvx_core_alu_instance/sll_53/U0/U_327/S0
                                1.02           1.49          -0.47  (VIOLATED) 
     PIN : u_core/rvx_core_instance/rvx_core_alu_instance/sll_53/U0/U_329/S0
                                1.02           1.49          -0.47  (VIOLATED) 
     PIN : u_core/rvx_core_instance/rvx_core_alu_instance/sll_53/U0/U_331/S0
                                1.02           1.49          -0.47  (VIOLATED) 
     PIN : u_core/rvx_core_instance/rvx_core_alu_instance/sll_53/U0/U_333/S0
                                1.02           1.49          -0.47  (VIOLATED) 
     PIN : u_core/rvx_core_instance/rvx_core_alu_instance/sll_53/U0/U_335/S0
                                1.02           1.49          -0.47  (VIOLATED) 
     PIN : u_core/rvx_core_instance/rvx_core_alu_instance/sll_53/U0/U_337/S0
                                1.02           1.49          -0.47  (VIOLATED) 
     PIN : u_core/rvx_core_instance/rvx_core_alu_instance/sll_53/U0/U_277/A2
                                1.02           1.49          -0.47  (VIOLATED) 
     PIN : u_core/rvx_core_instance/rvx_core_alu_instance/sll_53/U0/U_257/S0
                                1.02           1.49          -0.47  (VIOLATED) 
     PIN : u_core/rvx_core_instance/rvx_core_alu_instance/sll_53/U0/U_259/S0
                                1.02           1.49          -0.47  (VIOLATED) 
     PIN : u_core/rvx_core_instance/rvx_core_alu_instance/sll_53/U0/U_261/S0
                                1.02           1.49          -0.47  (VIOLATED) 
     PIN : u_core/rvx_core_instance/rvx_core_alu_instance/sll_53/U0/U_263/S0
                                1.02           1.49          -0.47  (VIOLATED) 
     PIN : u_core/rvx_core_instance/rvx_core_alu_instance/sll_53/U0/U_265/S0
                                1.02           1.49          -0.47  (VIOLATED) 
     PIN : u_core/rvx_core_instance/rvx_core_alu_instance/sll_53/U0/U_267/S0
                                1.02           1.49          -0.47  (VIOLATED) 
     PIN : u_core/rvx_core_instance/rvx_core_alu_instance/sll_53/U0/U_269/S0
                                1.02           1.49          -0.47  (VIOLATED) 
     PIN : u_core/rvx_core_instance/rvx_core_alu_instance/sll_53/U0/U_271/S0
                                1.02           1.49          -0.47  (VIOLATED) 
     PIN : u_core/rvx_core_instance/rvx_core_alu_instance/sll_53/U0/U_273/S0
                                1.02           1.49          -0.47  (VIOLATED) 
     PIN : u_core/rvx_core_instance/rvx_core_alu_instance/sll_53/U0/U_275/S0
                                1.02           1.49          -0.47  (VIOLATED) 
     PIN : u_core/rvx_core_instance/rvx_core_alu_instance/sll_53/U0/U_171/S0
                                1.02           1.49          -0.47  (VIOLATED) 
     PIN : u_core/rvx_core_instance/rvx_core_alu_instance/sll_53/U0/U_279/A2
                                1.02           1.49          -0.47  (VIOLATED) 
     PIN : u_core/rvx_core_instance/rvx_core_alu_instance/sll_53/U0/U_281/A2
                                1.02           1.49          -0.47  (VIOLATED) 
     PIN : u_core/rvx_core_instance/rvx_core_alu_instance/sll_53/U0/U_283/A2
                                1.02           1.49          -0.47  (VIOLATED) 
     PIN : u_core/rvx_core_instance/rvx_core_alu_instance/sll_53/U0/U_285/A2
                                1.02           1.49          -0.47  (VIOLATED) 
     PIN : u_core/rvx_core_instance/rvx_core_alu_instance/sll_53/U0/U_287/A2
                                1.02           1.49          -0.47  (VIOLATED) 
     PIN : u_core/rvx_core_instance/rvx_core_alu_instance/sll_53/U0/U_289/A2
                                1.02           1.49          -0.47  (VIOLATED) 
     PIN : u_core/rvx_core_instance/rvx_core_alu_instance/sll_53/U0/U_291/A2
                                1.02           1.49          -0.47  (VIOLATED) 
     PIN : u_core/rvx_core_instance/rvx_core_alu_instance/sll_53/U0/U_293/A2
                                1.02           1.49          -0.47  (VIOLATED) 
     PIN : u_core/rvx_core_instance/rvx_core_alu_instance/sll_53/U0/U_295/A2
                                1.02           1.49          -0.47  (VIOLATED) 
     PIN : u_core/rvx_core_instance/rvx_core_alu_instance/sll_53/U0/U_69/S0
                                1.02           1.49          -0.47  (VIOLATED) 
     PIN : u_core/rvx_core_instance/rvx_core_alu_instance/sll_53/U0/U_49/S0
                                1.02           1.49          -0.47  (VIOLATED) 
     PIN : u_core/rvx_core_instance/rvx_core_alu_instance/sll_53/U0/U_51/S0
                                1.02           1.49          -0.47  (VIOLATED) 
     PIN : u_core/rvx_core_instance/rvx_core_alu_instance/sll_53/U0/U_53/S0
                                1.02           1.49          -0.47  (VIOLATED) 
     PIN : u_core/rvx_core_instance/rvx_core_alu_instance/sll_53/U0/U_55/S0
                                1.02           1.49          -0.47  (VIOLATED) 
     PIN : u_core/rvx_core_instance/rvx_core_alu_instance/sll_53/U0/U_57/S0
                                1.02           1.49          -0.47  (VIOLATED) 
     PIN : u_core/rvx_core_instance/rvx_core_alu_instance/sll_53/U0/U_59/S0
                                1.02           1.49          -0.47  (VIOLATED) 
     PIN : u_core/rvx_core_instance/rvx_core_alu_instance/sll_53/U0/U_61/S0
                                1.02           1.49          -0.47  (VIOLATED) 
     PIN : u_core/rvx_core_instance/rvx_core_alu_instance/sll_53/U0/U_63/S0
                                1.02           1.49          -0.47  (VIOLATED) 
     PIN : u_core/rvx_core_instance/rvx_core_alu_instance/sll_53/U0/U_65/S0
                                1.02           1.49          -0.47  (VIOLATED) 
     PIN : u_core/rvx_core_instance/rvx_core_alu_instance/sll_53/U0/U_67/S0
                                1.02           1.49          -0.47  (VIOLATED) 
     PIN : u_core/rvx_core_instance/rvx_core_alu_instance/sll_53/U0/U_47/S0
                                1.02           1.49          -0.47  (VIOLATED) 
     PIN : u_core/rvx_core_instance/rvx_core_alu_instance/sll_53/U0/U_71/S0
                                1.02           1.49          -0.47  (VIOLATED) 
     PIN : u_core/rvx_core_instance/rvx_core_alu_instance/sll_53/U0/U_73/S0
                                1.02           1.49          -0.47  (VIOLATED) 
     PIN : u_core/rvx_core_instance/rvx_core_alu_instance/sll_53/U0/U_75/S0
                                1.02           1.49          -0.47  (VIOLATED) 
     PIN : u_core/rvx_core_instance/rvx_core_alu_instance/sll_53/U0/U_77/S0
                                1.02           1.49          -0.47  (VIOLATED) 
     PIN : u_core/rvx_core_instance/rvx_core_alu_instance/sll_53/U0/U_79/S0
                                1.02           1.49          -0.47  (VIOLATED) 
     PIN : u_core/rvx_core_instance/rvx_core_alu_instance/sll_53/U0/U_81/S0
                                1.02           1.49          -0.47  (VIOLATED) 
     PIN : u_core/rvx_core_instance/rvx_core_alu_instance/sll_53/U0/U_83/S0
                                1.02           1.49          -0.47  (VIOLATED) 
     PIN : u_core/rvx_core_instance/rvx_core_alu_instance/sll_53/U0/U_85/A2
                                1.02           1.49          -0.47  (VIOLATED) 
     PIN : u_core/rvx_core_instance/rvx_core_alu_instance/sll_53/U0/U_87/A2
                                1.02           1.49          -0.47  (VIOLATED) 
     PIN : u_core/rvx_core_instance/rvx_core_alu_instance/sll_53/U0/U_27/S0
                                1.02           1.49          -0.47  (VIOLATED) 
     PIN : u_core/rvx_core_instance/rvx_core_alu_instance/sll_53/U0/U_339/S0
                                1.02           1.49          -0.47  (VIOLATED) 
     PIN : u_core/rvx_core_instance/rvx_core_alu_instance/sll_53/U0/U_1/A2
                                1.02           1.49          -0.47  (VIOLATED) 
     PIN : u_core/rvx_core_instance/rvx_core_alu_instance/sll_53/U0/U_2/A2
                                1.02           1.49          -0.47  (VIOLATED) 
     PIN : u_core/rvx_core_instance/rvx_core_alu_instance/sll_53/U0/U_3/A2
                                1.02           1.49          -0.47  (VIOLATED) 
     PIN : u_core/rvx_core_instance/rvx_core_alu_instance/sll_53/U0/U_4/A2
                                1.02           1.49          -0.47  (VIOLATED) 
     PIN : u_core/rvx_core_instance/rvx_core_alu_instance/sll_53/U0/U_5/A2
                                1.02           1.49          -0.47  (VIOLATED) 
     PIN : u_core/rvx_core_instance/rvx_core_alu_instance/sll_53/U0/U_6/A0
                                1.02           1.49          -0.47  (VIOLATED) 
     PIN : u_core/rvx_core_instance/rvx_core_alu_instance/sll_53/U0/U_21/A2
                                1.02           1.49          -0.47  (VIOLATED) 
     PIN : u_core/rvx_core_instance/rvx_core_alu_instance/sll_53/U0/U_23/S0
                                1.02           1.49          -0.47  (VIOLATED) 
     PIN : u_core/rvx_core_instance/rvx_core_alu_instance/sll_53/U0/U_25/S0
                                1.02           1.49          -0.47  (VIOLATED) 
     PIN : u_core/rvx_core_instance/rvx_core_alu_instance/sll_53/U0/U_89/S0
                                1.02           1.49          -0.47  (VIOLATED) 
     PIN : u_core/rvx_core_instance/rvx_core_alu_instance/sll_53/U0/U_29/S0
                                1.02           1.49          -0.47  (VIOLATED) 
     PIN : u_core/rvx_core_instance/rvx_core_alu_instance/sll_53/U0/U_31/S0
                                1.02           1.49          -0.47  (VIOLATED) 
     PIN : u_core/rvx_core_instance/rvx_core_alu_instance/sll_53/U0/U_33/S0
                                1.02           1.49          -0.47  (VIOLATED) 
     PIN : u_core/rvx_core_instance/rvx_core_alu_instance/sll_53/U0/U_35/S0
                                1.02           1.49          -0.47  (VIOLATED) 
     PIN : u_core/rvx_core_instance/rvx_core_alu_instance/sll_53/U0/U_37/S0
                                1.02           1.49          -0.47  (VIOLATED) 
     PIN : u_core/rvx_core_instance/rvx_core_alu_instance/sll_53/U0/U_39/S0
                                1.02           1.49          -0.47  (VIOLATED) 
     PIN : u_core/rvx_core_instance/rvx_core_alu_instance/sll_53/U0/U_41/S0
                                1.02           1.49          -0.47  (VIOLATED) 
     PIN : u_core/rvx_core_instance/rvx_core_alu_instance/sll_53/U0/U_43/S0
                                1.02           1.49          -0.47  (VIOLATED) 
     PIN : u_core/rvx_core_instance/rvx_core_alu_instance/sll_53/U0/U_45/S0
                                1.02           1.49          -0.47  (VIOLATED) 
     PIN : u_core/rvx_core_instance/rvx_core_alu_instance/sll_53/U0/U_151/A2
                                1.02           1.49          -0.47  (VIOLATED) 
     PIN : u_core/rvx_core_instance/rvx_core_alu_instance/sll_53/U0/U_131/S0
                                1.02           1.49          -0.47  (VIOLATED) 
     PIN : u_core/rvx_core_instance/rvx_core_alu_instance/sll_53/U0/U_133/S0
                                1.02           1.49          -0.47  (VIOLATED) 
     PIN : u_core/rvx_core_instance/rvx_core_alu_instance/sll_53/U0/U_135/S0
                                1.02           1.49          -0.47  (VIOLATED) 
     PIN : u_core/rvx_core_instance/rvx_core_alu_instance/sll_53/U0/U_137/S0
                                1.02           1.49          -0.47  (VIOLATED) 
     PIN : u_core/rvx_core_instance/rvx_core_alu_instance/sll_53/U0/U_139/S0
                                1.02           1.49          -0.47  (VIOLATED) 
     PIN : u_core/rvx_core_instance/rvx_core_alu_instance/sll_53/U0/U_141/S0
                                1.02           1.49          -0.47  (VIOLATED) 
     PIN : u_core/rvx_core_instance/rvx_core_alu_instance/sll_53/U0/U_143/S0
                                1.02           1.49          -0.47  (VIOLATED) 
     PIN : u_core/rvx_core_instance/rvx_core_alu_instance/sll_53/U0/U_145/S0
                                1.02           1.49          -0.47  (VIOLATED) 
     PIN : u_core/rvx_core_instance/rvx_core_alu_instance/sll_53/U0/U_147/S0
                                1.02           1.49          -0.47  (VIOLATED) 
     PIN : u_core/rvx_core_instance/rvx_core_alu_instance/sll_53/U0/U_149/A2
                                1.02           1.49          -0.47  (VIOLATED) 
     PIN : u_core/rvx_core_instance/rvx_core_alu_instance/sll_53/U0/U_129/S0
                                1.02           1.49          -0.47  (VIOLATED) 
     PIN : u_core/rvx_core_instance/rvx_core_alu_instance/sll_53/U0/U_153/A2
                                1.02           1.49          -0.47  (VIOLATED) 
     PIN : u_core/rvx_core_instance/rvx_core_alu_instance/sll_53/U0/U_155/A2
                                1.02           1.49          -0.47  (VIOLATED) 
     PIN : u_core/rvx_core_instance/rvx_core_alu_instance/sll_53/U0/U_157/S0
                                1.02           1.49          -0.47  (VIOLATED) 
     PIN : u_core/rvx_core_instance/rvx_core_alu_instance/sll_53/U0/U_159/S0
                                1.02           1.49          -0.47  (VIOLATED) 
     PIN : u_core/rvx_core_instance/rvx_core_alu_instance/sll_53/U0/U_161/S0
                                1.02           1.49          -0.47  (VIOLATED) 
     PIN : u_core/rvx_core_instance/rvx_core_alu_instance/sll_53/U0/U_163/S0
                                1.02           1.49          -0.47  (VIOLATED) 
     PIN : u_core/rvx_core_instance/rvx_core_alu_instance/sll_53/U0/U_165/S0
                                1.02           1.49          -0.47  (VIOLATED) 
     PIN : u_core/rvx_core_instance/rvx_core_alu_instance/sll_53/U0/U_167/S0
                                1.02           1.49          -0.47  (VIOLATED) 
     PIN : u_core/rvx_core_instance/rvx_core_alu_instance/sll_53/U0/U_169/S0
                                1.02           1.49          -0.47  (VIOLATED) 
     PIN : u_core/rvx_core_instance/rvx_core_alu_instance/sll_53/U0/U_109/S0
                                1.02           1.49          -0.47  (VIOLATED) 
     PIN : u_core/rvx_core_instance/rvx_core_alu_instance/sll_53/U0/U_91/S0
                                1.02           1.49          -0.47  (VIOLATED) 
     PIN : u_core/rvx_core_instance/rvx_core_alu_instance/sll_53/U0/U_93/S0
                                1.02           1.49          -0.47  (VIOLATED) 
     PIN : u_core/rvx_core_instance/rvx_core_alu_instance/sll_53/U0/U_95/S0
                                1.02           1.49          -0.47  (VIOLATED) 
     PIN : u_core/rvx_core_instance/rvx_core_alu_instance/sll_53/U0/U_97/S0
                                1.02           1.49          -0.47  (VIOLATED) 
     PIN : u_core/rvx_core_instance/rvx_core_alu_instance/sll_53/U0/U_99/S0
                                1.02           1.49          -0.47  (VIOLATED) 
     PIN : u_core/rvx_core_instance/rvx_core_alu_instance/sll_53/U0/U_101/S0
                                1.02           1.49          -0.47  (VIOLATED) 
     PIN : u_core/rvx_core_instance/rvx_core_alu_instance/sll_53/U0/U_103/S0
                                1.02           1.49          -0.47  (VIOLATED) 
     PIN : u_core/rvx_core_instance/rvx_core_alu_instance/sll_53/U0/U_105/S0
                                1.02           1.49          -0.47  (VIOLATED) 
     PIN : u_core/rvx_core_instance/rvx_core_alu_instance/sll_53/U0/U_107/S0
                                1.02           1.49          -0.47  (VIOLATED) 
     PIN : u_core/rvx_core_instance/rvx_core_alu_instance/sll_53/U0/U_173/S0
                                1.02           1.49          -0.47  (VIOLATED) 
     PIN : u_core/rvx_core_instance/rvx_core_alu_instance/sll_53/U0/U_111/S0
                                1.02           1.49          -0.47  (VIOLATED) 
     PIN : u_core/rvx_core_instance/rvx_core_alu_instance/sll_53/U0/U_113/S0
                                1.02           1.49          -0.47  (VIOLATED) 
     PIN : u_core/rvx_core_instance/rvx_core_alu_instance/sll_53/U0/U_115/S0
                                1.02           1.49          -0.47  (VIOLATED) 
     PIN : u_core/rvx_core_instance/rvx_core_alu_instance/sll_53/U0/U_117/S0
                                1.02           1.49          -0.47  (VIOLATED) 
     PIN : u_core/rvx_core_instance/rvx_core_alu_instance/sll_53/U0/U_119/S0
                                1.02           1.49          -0.47  (VIOLATED) 
     PIN : u_core/rvx_core_instance/rvx_core_alu_instance/sll_53/U0/U_121/S0
                                1.02           1.49          -0.47  (VIOLATED) 
     PIN : u_core/rvx_core_instance/rvx_core_alu_instance/sll_53/U0/U_123/S0
                                1.02           1.49          -0.47  (VIOLATED) 
     PIN : u_core/rvx_core_instance/rvx_core_alu_instance/sll_53/U0/U_125/S0
                                1.02           1.49          -0.47  (VIOLATED) 
     PIN : u_core/rvx_core_instance/rvx_core_alu_instance/sll_53/U0/U_127/S0
                                1.02           1.49          -0.47  (VIOLATED) 

   reset_n_c                    0.00           1.27          -1.27  (VIOLATED) 
     PIN : u_core/rvx_timer_instance/C852/I1
                                0.00           1.27          -1.27  (VIOLATED) 
     PIN : u_core/rvx_spi_instance/C843/CONTROL2[0]
                                0.00           1.27          -1.27  (VIOLATED) 
     PIN : u_core/rvx_spi_instance/C842/CONTROL2[0]
                                0.00           1.27          -1.27  (VIOLATED) 
     PIN : u_core/rvx_spi_instance/C841/CONTROL2[0]
                                0.00           1.27          -1.27  (VIOLATED) 
     PIN : u_core/rvx_spi_instance/C840/CONTROL2[0]
                                0.00           1.27          -1.27  (VIOLATED) 
     PIN : u_core/rvx_gpio_instance/C374/I1
                                0.00           1.27          -1.27  (VIOLATED) 
     PIN : u_core/rvx_gpio_instance/I_4/I
                                0.00           1.27          -1.27  (VIOLATED) 
     PIN : u_core/rvx_timer_instance/C878/I1
                                0.00           1.27          -1.27  (VIOLATED) 
     PIN : u_core/rvx_timer_instance/C867/I0
                                0.00           1.27          -1.27  (VIOLATED) 
     PIN : u_core/rvx_timer_instance/C865/I1
                                0.00           1.27          -1.27  (VIOLATED) 
     PIN : u_core/rvx_spi_instance/C844/CONTROL2[0]
                                0.00           1.27          -1.27  (VIOLATED) 
     PIN : u_core/rvx_timer_instance/I_8/I
                                0.00           1.27          -1.27  (VIOLATED) 
     PIN : u_core/rvx_uart_instance/C865/I1
                                0.00           1.27          -1.27  (VIOLATED) 
     PIN : u_core/rvx_uart_instance/I_15/I
                                0.00           1.27          -1.27  (VIOLATED) 
     PIN : u_core/rvx_tightly_coupled_memory_instance/C37574/I1
                                0.00           1.27          -1.27  (VIOLATED) 
     PIN : u_core/rvx_tightly_coupled_memory_instance/C37573/I1
                                0.00           1.27          -1.27  (VIOLATED) 
     PIN : u_core/rvx_tightly_coupled_memory_instance/I_39/I
                                0.00           1.27          -1.27  (VIOLATED) 
     PIN : u_core/rvx_bootloader_rom_instance/I_0/I
                                0.00           1.27          -1.27  (VIOLATED) 
     PIN : u_core/rvx_bootloader_rom_instance/C3738/CONTROL2[0]
                                0.00           1.27          -1.27  (VIOLATED) 
     PIN : u_core/rvx_spi_instance/C911/I1
                                0.00           1.27          -1.27  (VIOLATED) 
     PIN : u_core/rvx_i2c_instance/C1030/I1
                                0.00           1.27          -1.27  (VIOLATED) 
     PIN : u_core/rvx_i2c_instance/C1020/I1
                                0.00           1.27          -1.27  (VIOLATED) 
     PIN : u_core/rvx_i2c_instance/C946/I0
                                0.00           1.27          -1.27  (VIOLATED) 
     PIN : u_core/rvx_i2c_instance/C944/I1
                                0.00           1.27          -1.27  (VIOLATED) 
     PIN : u_core/rvx_i2c_instance/C914/I1
                                0.00           1.27          -1.27  (VIOLATED) 
     PIN : u_core/rvx_i2c_instance/I_15/I
                                0.00           1.27          -1.27  (VIOLATED) 
     PIN : u_core/rvx_spi_instance/C1012/I1
                                0.00           1.27          -1.27  (VIOLATED) 
     PIN : u_core/rvx_spi_instance/B_0/I
                                0.00           1.27          -1.27  (VIOLATED) 
     PIN : u_core/rvx_interconnect_instance/C370/I1
                                0.00           1.27          -1.27  (VIOLATED) 
     PIN : u_core/rvx_spi_instance/C899/I1
                                0.00           1.27          -1.27  (VIOLATED) 
     PIN : u_core/rvx_spi_instance/I_18/I
                                0.00           1.27          -1.27  (VIOLATED) 
     PIN : u_core/rvx_spi_instance/C850/CONTROL2[0]
                                0.00           1.27          -1.27  (VIOLATED) 
     PIN : u_core/rvx_spi_instance/C849/CONTROL2[0]
                                0.00           1.27          -1.27  (VIOLATED) 
     PIN : u_core/rvx_spi_instance/C848/CONTROL2[0]
                                0.00           1.27          -1.27  (VIOLATED) 
     PIN : u_core/rvx_spi_instance/C847/CONTROL2[0]
                                0.00           1.27          -1.27  (VIOLATED) 
     PIN : u_core/rvx_spi_instance/C846/CONTROL2[0]
                                0.00           1.27          -1.27  (VIOLATED) 
     PIN : u_core/rvx_spi_instance/C845/CONTROL2[0]
                                0.00           1.27          -1.27  (VIOLATED) 
     PIN : u_core/rvx_core_instance/rvx_core_bus_controller_instance/C594/I1
                                0.00           1.27          -1.27  (VIOLATED) 
     PIN : u_core/rvx_core_instance/rvx_core_csr_file_instance/C2347/CONTROL2[0]
                                0.00           1.27          -1.27  (VIOLATED) 
     PIN : u_core/rvx_core_instance/rvx_core_csr_file_instance/C2346/CONTROL2[0]
                                0.00           1.27          -1.27  (VIOLATED) 
     PIN : u_core/rvx_core_instance/rvx_core_integer_file_instance/C2626/I1
                                0.00           1.27          -1.27  (VIOLATED) 
     PIN : u_core/rvx_core_instance/rvx_core_integer_file_instance/I_25/I
                                0.00           1.27          -1.27  (VIOLATED) 
     PIN : u_core/rvx_core_instance/rvx_core_state_instance/C114/I1
                                0.00           1.27          -1.27  (VIOLATED) 
     PIN : u_core/rvx_core_instance/rvx_core_state_instance/I_1/I
                                0.00           1.27          -1.27  (VIOLATED) 
     PIN : u_core/rvx_core_instance/rvx_core_bus_controller_instance/C606/I1
                                0.00           1.27          -1.27  (VIOLATED) 
     PIN : u_core/rvx_core_instance/rvx_core_bus_controller_instance/C600/I1
                                0.00           1.27          -1.27  (VIOLATED) 
     PIN : u_core/rvx_core_instance/rvx_core_csr_file_instance/C2348/CONTROL2[0]
                                0.00           1.27          -1.27  (VIOLATED) 
     PIN : u_core/rvx_core_instance/rvx_core_bus_controller_instance/C590/I1
                                0.00           1.27          -1.27  (VIOLATED) 
     PIN : u_core/rvx_core_instance/rvx_core_bus_controller_instance/C586/I1
                                0.00           1.27          -1.27  (VIOLATED) 
     PIN : u_core/rvx_core_instance/rvx_core_bus_controller_instance/C582/I1
                                0.00           1.27          -1.27  (VIOLATED) 
     PIN : u_core/rvx_core_instance/rvx_core_bus_controller_instance/C568/I1
                                0.00           1.27          -1.27  (VIOLATED) 
     PIN : u_core/rvx_core_instance/rvx_core_bus_controller_instance/I_9/I
                                0.00           1.27          -1.27  (VIOLATED) 
     PIN : u_core/rvx_core_instance/rvx_core_bus_controller_instance/C552/I1
                                0.00           1.27          -1.27  (VIOLATED) 
     PIN : u_core/rvx_core_instance/rvx_core_bus_controller_instance/C547/I1
                                0.00           1.27          -1.27  (VIOLATED) 
     PIN : u_core/rvx_core_instance/rvx_core_bus_controller_instance/C518/CONTROL2[0]
                                0.00           1.27          -1.27  (VIOLATED) 
     PIN : u_core/rvx_core_instance/rvx_core_csr_file_instance/C2671/I0
                                0.00           1.27          -1.27  (VIOLATED) 
     PIN : u_core/rvx_interconnect_instance/I_0/I
                                0.00           1.27          -1.27  (VIOLATED) 
     PIN : u_core/rvx_core_instance/I_15/I
                                0.00           1.27          -1.27  (VIOLATED) 
     PIN : u_core/rvx_core_instance/I_3/I
                                0.00           1.27          -1.27  (VIOLATED) 
     PIN : u_core/rvx_core_instance/I_0/I
                                0.00           1.27          -1.27  (VIOLATED) 
     PIN : u_core/rvx_core_instance/rvx_core_csr_file_instance/C2904/I1
                                0.00           1.27          -1.27  (VIOLATED) 
     PIN : u_core/rvx_core_instance/rvx_core_csr_file_instance/C2889/I1
                                0.00           1.27          -1.27  (VIOLATED) 
     PIN : u_core/rvx_core_instance/rvx_core_csr_file_instance/C2712/I1
                                0.00           1.27          -1.27  (VIOLATED) 
     PIN : u_core/rvx_core_instance/rvx_core_csr_file_instance/C2695/I1
                                0.00           1.27          -1.27  (VIOLATED) 
     PIN : u_core/rvx_i2c_instance/C1032/I0
                                0.00           1.27          -1.27  (VIOLATED) 
     PIN : u_core/rvx_core_instance/rvx_core_csr_file_instance/C2669/I1
                                0.00           1.27          -1.27  (VIOLATED) 
     PIN : u_core/rvx_core_instance/rvx_core_csr_file_instance/C2668/I1
                                0.00           1.27          -1.27  (VIOLATED) 
     PIN : u_core/rvx_core_instance/rvx_core_csr_file_instance/C2654/I1
                                0.00           1.27          -1.27  (VIOLATED) 
     PIN : u_core/rvx_core_instance/rvx_core_csr_file_instance/C2644/I1
                                0.00           1.27          -1.27  (VIOLATED) 
     PIN : u_core/rvx_core_instance/rvx_core_csr_file_instance/I_105/I
                                0.00           1.27          -1.27  (VIOLATED) 
     PIN : u_core/rvx_core_instance/rvx_core_csr_file_instance/C2630/I1
                                0.00           1.27          -1.27  (VIOLATED) 
     PIN : u_core/rvx_core_instance/rvx_core_csr_file_instance/C2624/I1
                                0.00           1.27          -1.27  (VIOLATED) 
     PIN : u_core/rvx_core_instance/rvx_core_csr_file_instance/C2349/CONTROL2[0]
                                0.00           1.27          -1.27  (VIOLATED) 

   gpio_in_c[5]                 0.00           0.92          -0.92  (VIOLATED) 
     PIN : u_core/rvx_gpio_instance/C303/I1
                                0.00           0.92          -0.92  (VIOLATED) 

   gpio_in_c[4]                 0.00           0.78          -0.78  (VIOLATED) 
     PIN : u_core/rvx_gpio_instance/C307/I1
                                0.00           0.78          -0.78  (VIOLATED) 

   u_core/rvx_core_instance/rvx_core_alu_instance/sll_53/U0/N_40
                                0.20           0.33          -0.13  (VIOLATED) 
     PIN : u_core/rvx_core_instance/rvx_core_alu_instance/sll_53/U0/U_16/Y
                                0.20           0.33          -0.13  (VIOLATED) 

   u_core/rvx_core_instance/rvx_core_alu_instance/srl_36/U0/N_40
                                0.20           0.33          -0.13  (VIOLATED) 
     PIN : u_core/rvx_core_instance/rvx_core_alu_instance/srl_36/U0/U_16/Y
                                0.20           0.33          -0.13  (VIOLATED) 

   u_core/rvx_core_instance/rvx_core_alu_instance/sra_34/U0/N_40
                                0.20           0.33          -0.13  (VIOLATED) 
     PIN : u_core/rvx_core_instance/rvx_core_alu_instance/sra_34/U0/U_16/Y
                                0.20           0.33          -0.13  (VIOLATED) 

   u_core/rvx_core_instance/rvx_core_alu_instance/sll_53/U0/N_33
                                0.20           0.32          -0.12  (VIOLATED) 
     PIN : u_core/rvx_core_instance/rvx_core_alu_instance/sll_53/U0/U_11/SO
                                0.20           0.32          -0.12  (VIOLATED) 

   u_core/rvx_core_instance/rvx_core_alu_instance/srl_36/U0/N_33
                                0.20           0.32          -0.12  (VIOLATED) 
     PIN : u_core/rvx_core_instance/rvx_core_alu_instance/srl_36/U0/U_11/SO
                                0.20           0.32          -0.12  (VIOLATED) 

   u_core/rvx_core_instance/rvx_core_alu_instance/sra_34/U0/N_33
                                0.20           0.32          -0.12  (VIOLATED) 
     PIN : u_core/rvx_core_instance/rvx_core_alu_instance/sra_34/U0/U_11/SO
                                0.20           0.32          -0.12  (VIOLATED) 

   u_core/rvx_core_instance/rvx_core_alu_instance/srl_36/U0/N_26
                                0.20           0.32          -0.12  (VIOLATED) 
     PIN : u_core/rvx_core_instance/rvx_core_alu_instance/srl_36/U0/U_6/SO
                                0.20           0.32          -0.12  (VIOLATED) 

   u_core/rvx_core_instance/rvx_core_alu_instance/sra_34/U0/N_26
                                0.20           0.32          -0.12  (VIOLATED) 
     PIN : u_core/rvx_core_instance/rvx_core_alu_instance/sra_34/U0/U_6/SO
                                0.20           0.32          -0.12  (VIOLATED) 

   u_core/rvx_core_instance/rvx_core_alu_instance/sll_53/U0/N_26
                                0.20           0.32          -0.12  (VIOLATED) 
     PIN : u_core/rvx_core_instance/rvx_core_alu_instance/sll_53/U0/U_6/SO
                                0.20           0.32          -0.12  (VIOLATED) 

   u_core/rvx_core_instance/rvx_core_alu_instance/sra_34/U0/N_30
                                0.20           0.32          -0.12  (VIOLATED) 
     PIN : u_core/rvx_core_instance/rvx_core_alu_instance/sra_34/U0/U_9/SO
                                0.20           0.32          -0.12  (VIOLATED) 

   u_core/rvx_core_instance/rvx_core_alu_instance/sll_53/U0/N_37
                                0.20           0.32          -0.12  (VIOLATED) 
     PIN : u_core/rvx_core_instance/rvx_core_alu_instance/sll_53/U0/U_14/SO
                                0.20           0.32          -0.12  (VIOLATED) 

   u_core/rvx_core_instance/rvx_core_alu_instance/sll_53/U0/N_30
                                0.20           0.32          -0.12  (VIOLATED) 
     PIN : u_core/rvx_core_instance/rvx_core_alu_instance/sll_53/U0/U_9/SO
                                0.20           0.32          -0.12  (VIOLATED) 

   u_core/rvx_core_instance/rvx_core_alu_instance/srl_36/U0/N_30
                                0.20           0.32          -0.12  (VIOLATED) 
     PIN : u_core/rvx_core_instance/rvx_core_alu_instance/srl_36/U0/U_9/SO
                                0.20           0.32          -0.12  (VIOLATED) 

   u_core/rvx_core_instance/rvx_core_alu_instance/srl_36/U0/N_37
                                0.20           0.32          -0.12  (VIOLATED) 
     PIN : u_core/rvx_core_instance/rvx_core_alu_instance/srl_36/U0/U_14/SO
                                0.20           0.32          -0.12  (VIOLATED) 

   u_core/rvx_core_instance/rvx_core_alu_instance/sra_34/U0/N_37
                                0.20           0.32          -0.12  (VIOLATED) 
     PIN : u_core/rvx_core_instance/rvx_core_alu_instance/sra_34/U0/U_14/SO
                                0.20           0.32          -0.12  (VIOLATED) 

   u_core/rvx_core_instance/rvx_core_alu_instance/srl_36/U0/N0
                                0.43           0.52          -0.09  (VIOLATED) 
     PIN : u_core/rvx_core_instance/rvx_core_alu_instance/srl_36/U0/U_21/Y
                                0.43           0.52          -0.09  (VIOLATED) 

   u_core/rvx_core_instance/rvx_core_alu_instance/srl_36/U0/N4
                                0.43           0.52          -0.09  (VIOLATED) 
     PIN : u_core/rvx_core_instance/rvx_core_alu_instance/srl_36/U0/U_151/Y
                                0.43           0.52          -0.09  (VIOLATED) 

   u_core/rvx_core_instance/rvx_core_alu_instance/srl_36/U0/N1
                                0.43           0.52          -0.09  (VIOLATED) 
     PIN : u_core/rvx_core_instance/rvx_core_alu_instance/srl_36/U0/U_85/Y
                                0.43           0.52          -0.09  (VIOLATED) 

   u_core/rvx_core_instance/rvx_core_alu_instance/srl_36/U0/N2
                                0.43           0.52          -0.09  (VIOLATED) 
     PIN : u_core/rvx_core_instance/rvx_core_alu_instance/srl_36/U0/U_87/Y
                                0.43           0.52          -0.09  (VIOLATED) 

   u_core/rvx_core_instance/rvx_core_alu_instance/srl_36/U0/N3
                                0.43           0.52          -0.09  (VIOLATED) 
     PIN : u_core/rvx_core_instance/rvx_core_alu_instance/srl_36/U0/U_149/Y
                                0.43           0.52          -0.09  (VIOLATED) 

   u_core/rvx_core_instance/rvx_core_alu_instance/sra_34/U0/N26
                                0.43           0.52          -0.09  (VIOLATED) 
     PIN : u_core/rvx_core_instance/rvx_core_alu_instance/sra_34/U0/U_299/Y
                                0.43           0.52          -0.09  (VIOLATED) 

   u_core/rvx_core_instance/rvx_core_alu_instance/sra_34/U0/N30
                                0.43           0.52          -0.09  (VIOLATED) 
     PIN : u_core/rvx_core_instance/rvx_core_alu_instance/sra_34/U0/U_307/Y
                                0.43           0.52          -0.09  (VIOLATED) 

   u_core/rvx_core_instance/rvx_core_alu_instance/sra_34/U0/N29
                                0.43           0.52          -0.09  (VIOLATED) 
     PIN : u_core/rvx_core_instance/rvx_core_alu_instance/sra_34/U0/U_305/Y
                                0.43           0.52          -0.09  (VIOLATED) 

   u_core/rvx_core_instance/rvx_core_alu_instance/sra_34/U0/N28
                                0.43           0.52          -0.09  (VIOLATED) 
     PIN : u_core/rvx_core_instance/rvx_core_alu_instance/sra_34/U0/U_303/Y
                                0.43           0.52          -0.09  (VIOLATED) 

   u_core/rvx_core_instance/rvx_core_alu_instance/sra_34/U0/N27
                                0.43           0.52          -0.09  (VIOLATED) 
     PIN : u_core/rvx_core_instance/rvx_core_alu_instance/sra_34/U0/U_301/Y
                                0.43           0.52          -0.09  (VIOLATED) 

   u_core/rvx_core_instance/rvx_core_alu_instance/sra_34/U0/N25
                                0.43           0.52          -0.09  (VIOLATED) 
     PIN : u_core/rvx_core_instance/rvx_core_alu_instance/sra_34/U0/U_297/Y
                                0.43           0.52          -0.09  (VIOLATED) 

   u_core/rvx_core_instance/rvx_core_alu_instance/sra_34/U0/N24
                                0.43           0.52          -0.09  (VIOLATED) 
     PIN : u_core/rvx_core_instance/rvx_core_alu_instance/sra_34/U0/U_295/Y
                                0.43           0.52          -0.09  (VIOLATED) 

   u_core/rvx_core_instance/rvx_core_alu_instance/sra_34/U0/N23
                                0.43           0.52          -0.09  (VIOLATED) 
     PIN : u_core/rvx_core_instance/rvx_core_alu_instance/sra_34/U0/U_293/Y
                                0.43           0.52          -0.09  (VIOLATED) 

   u_core/rvx_core_instance/rvx_core_alu_instance/sra_34/U0/N22
                                0.43           0.52          -0.09  (VIOLATED) 
     PIN : u_core/rvx_core_instance/rvx_core_alu_instance/sra_34/U0/U_291/Y
                                0.43           0.52          -0.09  (VIOLATED) 

   u_core/rvx_core_instance/rvx_core_alu_instance/sra_34/U0/N21
                                0.43           0.52          -0.09  (VIOLATED) 
     PIN : u_core/rvx_core_instance/rvx_core_alu_instance/sra_34/U0/U_289/Y
                                0.43           0.52          -0.09  (VIOLATED) 

   u_core/rvx_core_instance/rvx_core_alu_instance/sra_34/U0/N10
                                0.43           0.52          -0.09  (VIOLATED) 
     PIN : u_core/rvx_core_instance/rvx_core_alu_instance/sra_34/U0/U_219/Y
                                0.43           0.52          -0.09  (VIOLATED) 

   u_core/rvx_core_instance/rvx_core_alu_instance/sra_34/U0/N0
                                0.43           0.52          -0.09  (VIOLATED) 
     PIN : u_core/rvx_core_instance/rvx_core_alu_instance/sra_34/U0/U_21/Y
                                0.43           0.52          -0.09  (VIOLATED) 

   u_core/rvx_core_instance/rvx_core_alu_instance/sra_34/U0/N1
                                0.43           0.52          -0.09  (VIOLATED) 
     PIN : u_core/rvx_core_instance/rvx_core_alu_instance/sra_34/U0/U_85/Y
                                0.43           0.52          -0.09  (VIOLATED) 

   u_core/rvx_core_instance/rvx_core_alu_instance/sra_34/U0/N2
                                0.43           0.52          -0.09  (VIOLATED) 
     PIN : u_core/rvx_core_instance/rvx_core_alu_instance/sra_34/U0/U_87/Y
                                0.43           0.52          -0.09  (VIOLATED) 

   u_core/rvx_core_instance/rvx_core_alu_instance/sra_34/U0/N3
                                0.43           0.52          -0.09  (VIOLATED) 
     PIN : u_core/rvx_core_instance/rvx_core_alu_instance/sra_34/U0/U_149/Y
                                0.43           0.52          -0.09  (VIOLATED) 

   u_core/rvx_core_instance/rvx_core_alu_instance/sra_34/U0/N4
                                0.43           0.52          -0.09  (VIOLATED) 
     PIN : u_core/rvx_core_instance/rvx_core_alu_instance/sra_34/U0/U_151/Y
                                0.43           0.52          -0.09  (VIOLATED) 

   u_core/rvx_core_instance/rvx_core_alu_instance/sra_34/U0/N5
                                0.43           0.52          -0.09  (VIOLATED) 
     PIN : u_core/rvx_core_instance/rvx_core_alu_instance/sra_34/U0/U_153/Y
                                0.43           0.52          -0.09  (VIOLATED) 

   u_core/rvx_core_instance/rvx_core_alu_instance/sra_34/U0/N6
                                0.43           0.52          -0.09  (VIOLATED) 
     PIN : u_core/rvx_core_instance/rvx_core_alu_instance/sra_34/U0/U_155/Y
                                0.43           0.52          -0.09  (VIOLATED) 

   u_core/rvx_core_instance/rvx_core_alu_instance/sra_34/U0/N7
                                0.43           0.52          -0.09  (VIOLATED) 
     PIN : u_core/rvx_core_instance/rvx_core_alu_instance/sra_34/U0/U_213/Y
                                0.43           0.52          -0.09  (VIOLATED) 

   u_core/rvx_core_instance/rvx_core_alu_instance/sra_34/U0/N8
                                0.43           0.52          -0.09  (VIOLATED) 
     PIN : u_core/rvx_core_instance/rvx_core_alu_instance/sra_34/U0/U_215/Y
                                0.43           0.52          -0.09  (VIOLATED) 

   u_core/rvx_core_instance/rvx_core_alu_instance/sra_34/U0/N9
                                0.43           0.52          -0.09  (VIOLATED) 
     PIN : u_core/rvx_core_instance/rvx_core_alu_instance/sra_34/U0/U_217/Y
                                0.43           0.52          -0.09  (VIOLATED) 

   u_core/rvx_core_instance/rvx_core_alu_instance/sra_34/U0/N20
                                0.43           0.52          -0.09  (VIOLATED) 
     PIN : u_core/rvx_core_instance/rvx_core_alu_instance/sra_34/U0/U_287/Y
                                0.43           0.52          -0.09  (VIOLATED) 

   u_core/rvx_core_instance/rvx_core_alu_instance/sra_34/U0/N11
                                0.43           0.52          -0.09  (VIOLATED) 
     PIN : u_core/rvx_core_instance/rvx_core_alu_instance/sra_34/U0/U_221/Y
                                0.43           0.52          -0.09  (VIOLATED) 

   u_core/rvx_core_instance/rvx_core_alu_instance/sra_34/U0/N12
                                0.43           0.52          -0.09  (VIOLATED) 
     PIN : u_core/rvx_core_instance/rvx_core_alu_instance/sra_34/U0/U_223/Y
                                0.43           0.52          -0.09  (VIOLATED) 

   u_core/rvx_core_instance/rvx_core_alu_instance/sra_34/U0/N13
                                0.43           0.52          -0.09  (VIOLATED) 
     PIN : u_core/rvx_core_instance/rvx_core_alu_instance/sra_34/U0/U_225/Y
                                0.43           0.52          -0.09  (VIOLATED) 

   u_core/rvx_core_instance/rvx_core_alu_instance/sra_34/U0/N14
                                0.43           0.52          -0.09  (VIOLATED) 
     PIN : u_core/rvx_core_instance/rvx_core_alu_instance/sra_34/U0/U_227/Y
                                0.43           0.52          -0.09  (VIOLATED) 

   u_core/rvx_core_instance/rvx_core_alu_instance/sra_34/U0/N15
                                0.43           0.52          -0.09  (VIOLATED) 
     PIN : u_core/rvx_core_instance/rvx_core_alu_instance/sra_34/U0/U_277/Y
                                0.43           0.52          -0.09  (VIOLATED) 

   u_core/rvx_core_instance/rvx_core_alu_instance/sra_34/U0/N16
                                0.43           0.52          -0.09  (VIOLATED) 
     PIN : u_core/rvx_core_instance/rvx_core_alu_instance/sra_34/U0/U_279/Y
                                0.43           0.52          -0.09  (VIOLATED) 

   u_core/rvx_core_instance/rvx_core_alu_instance/sra_34/U0/N17
                                0.43           0.52          -0.09  (VIOLATED) 
     PIN : u_core/rvx_core_instance/rvx_core_alu_instance/sra_34/U0/U_281/Y
                                0.43           0.52          -0.09  (VIOLATED) 

   u_core/rvx_core_instance/rvx_core_alu_instance/sra_34/U0/N18
                                0.43           0.52          -0.09  (VIOLATED) 
     PIN : u_core/rvx_core_instance/rvx_core_alu_instance/sra_34/U0/U_283/Y
                                0.43           0.52          -0.09  (VIOLATED) 

   u_core/rvx_core_instance/rvx_core_alu_instance/sra_34/U0/N19
                                0.43           0.52          -0.09  (VIOLATED) 
     PIN : u_core/rvx_core_instance/rvx_core_alu_instance/sra_34/U0/U_285/Y
                                0.43           0.52          -0.09  (VIOLATED) 

   u_core/rvx_core_instance/rvx_core_alu_instance/srl_36/U0/N6
                                0.43           0.52          -0.09  (VIOLATED) 
     PIN : u_core/rvx_core_instance/rvx_core_alu_instance/srl_36/U0/U_155/Y
                                0.43           0.52          -0.09  (VIOLATED) 

   u_core/rvx_core_instance/rvx_core_alu_instance/srl_36/U0/N30
                                0.43           0.52          -0.09  (VIOLATED) 
     PIN : u_core/rvx_core_instance/rvx_core_alu_instance/srl_36/U0/U_307/Y
                                0.43           0.52          -0.09  (VIOLATED) 

   u_core/rvx_core_instance/rvx_core_alu_instance/srl_36/U0/N29
                                0.43           0.52          -0.09  (VIOLATED) 
     PIN : u_core/rvx_core_instance/rvx_core_alu_instance/srl_36/U0/U_305/Y
                                0.43           0.52          -0.09  (VIOLATED) 

   u_core/rvx_core_instance/rvx_core_alu_instance/srl_36/U0/N28
                                0.43           0.52          -0.09  (VIOLATED) 
     PIN : u_core/rvx_core_instance/rvx_core_alu_instance/srl_36/U0/U_303/Y
                                0.43           0.52          -0.09  (VIOLATED) 

   u_core/rvx_core_instance/rvx_core_alu_instance/srl_36/U0/N27
                                0.43           0.52          -0.09  (VIOLATED) 
     PIN : u_core/rvx_core_instance/rvx_core_alu_instance/srl_36/U0/U_301/Y
                                0.43           0.52          -0.09  (VIOLATED) 

   u_core/rvx_core_instance/rvx_core_alu_instance/srl_36/U0/N26
                                0.43           0.52          -0.09  (VIOLATED) 
     PIN : u_core/rvx_core_instance/rvx_core_alu_instance/srl_36/U0/U_299/Y
                                0.43           0.52          -0.09  (VIOLATED) 

   u_core/rvx_core_instance/rvx_core_alu_instance/srl_36/U0/N25
                                0.43           0.52          -0.09  (VIOLATED) 
     PIN : u_core/rvx_core_instance/rvx_core_alu_instance/srl_36/U0/U_297/Y
                                0.43           0.52          -0.09  (VIOLATED) 

   u_core/rvx_core_instance/rvx_core_alu_instance/srl_36/U0/N24
                                0.43           0.52          -0.09  (VIOLATED) 
     PIN : u_core/rvx_core_instance/rvx_core_alu_instance/srl_36/U0/U_295/Y
                                0.43           0.52          -0.09  (VIOLATED) 

   u_core/rvx_core_instance/rvx_core_alu_instance/srl_36/U0/N23
                                0.43           0.52          -0.09  (VIOLATED) 
     PIN : u_core/rvx_core_instance/rvx_core_alu_instance/srl_36/U0/U_293/Y
                                0.43           0.52          -0.09  (VIOLATED) 

   u_core/rvx_core_instance/rvx_core_alu_instance/srl_36/U0/N22
                                0.43           0.52          -0.09  (VIOLATED) 
     PIN : u_core/rvx_core_instance/rvx_core_alu_instance/srl_36/U0/U_291/Y
                                0.43           0.52          -0.09  (VIOLATED) 

   u_core/rvx_core_instance/rvx_core_alu_instance/srl_36/U0/N21
                                0.43           0.52          -0.09  (VIOLATED) 
     PIN : u_core/rvx_core_instance/rvx_core_alu_instance/srl_36/U0/U_289/Y
                                0.43           0.52          -0.09  (VIOLATED) 

   u_core/rvx_core_instance/rvx_core_alu_instance/srl_36/U0/N20
                                0.43           0.52          -0.09  (VIOLATED) 
     PIN : u_core/rvx_core_instance/rvx_core_alu_instance/srl_36/U0/U_287/Y
                                0.43           0.52          -0.09  (VIOLATED) 

   u_core/rvx_core_instance/rvx_core_alu_instance/srl_36/U0/N19
                                0.43           0.52          -0.09  (VIOLATED) 
     PIN : u_core/rvx_core_instance/rvx_core_alu_instance/srl_36/U0/U_285/Y
                                0.43           0.52          -0.09  (VIOLATED) 

   u_core/rvx_core_instance/rvx_core_alu_instance/srl_36/U0/N18
                                0.43           0.52          -0.09  (VIOLATED) 
     PIN : u_core/rvx_core_instance/rvx_core_alu_instance/srl_36/U0/U_283/Y
                                0.43           0.52          -0.09  (VIOLATED) 

   u_core/rvx_core_instance/rvx_core_alu_instance/srl_36/U0/N17
                                0.43           0.52          -0.09  (VIOLATED) 
     PIN : u_core/rvx_core_instance/rvx_core_alu_instance/srl_36/U0/U_281/Y
                                0.43           0.52          -0.09  (VIOLATED) 

   u_core/rvx_core_instance/rvx_core_alu_instance/srl_36/U0/N16
                                0.43           0.52          -0.09  (VIOLATED) 
     PIN : u_core/rvx_core_instance/rvx_core_alu_instance/srl_36/U0/U_279/Y
                                0.43           0.52          -0.09  (VIOLATED) 

   u_core/rvx_core_instance/rvx_core_alu_instance/srl_36/U0/N12
                                0.43           0.52          -0.09  (VIOLATED) 
     PIN : u_core/rvx_core_instance/rvx_core_alu_instance/srl_36/U0/U_223/Y
                                0.43           0.52          -0.09  (VIOLATED) 

   u_core/rvx_core_instance/rvx_core_alu_instance/srl_36/U0/N11
                                0.43           0.52          -0.09  (VIOLATED) 
     PIN : u_core/rvx_core_instance/rvx_core_alu_instance/srl_36/U0/U_221/Y
                                0.43           0.52          -0.09  (VIOLATED) 

   u_core/rvx_core_instance/rvx_core_alu_instance/srl_36/U0/N13
                                0.43           0.52          -0.09  (VIOLATED) 
     PIN : u_core/rvx_core_instance/rvx_core_alu_instance/srl_36/U0/U_225/Y
                                0.43           0.52          -0.09  (VIOLATED) 

   u_core/rvx_core_instance/rvx_core_alu_instance/srl_36/U0/N10
                                0.43           0.52          -0.09  (VIOLATED) 
     PIN : u_core/rvx_core_instance/rvx_core_alu_instance/srl_36/U0/U_219/Y
                                0.43           0.52          -0.09  (VIOLATED) 

   u_core/rvx_core_instance/rvx_core_alu_instance/srl_36/U0/N14
                                0.43           0.52          -0.09  (VIOLATED) 
     PIN : u_core/rvx_core_instance/rvx_core_alu_instance/srl_36/U0/U_227/Y
                                0.43           0.52          -0.09  (VIOLATED) 

   u_core/rvx_core_instance/rvx_core_alu_instance/srl_36/U0/N9
                                0.43           0.52          -0.09  (VIOLATED) 
     PIN : u_core/rvx_core_instance/rvx_core_alu_instance/srl_36/U0/U_217/Y
                                0.43           0.52          -0.09  (VIOLATED) 

   u_core/rvx_core_instance/rvx_core_alu_instance/srl_36/U0/N15
                                0.43           0.52          -0.09  (VIOLATED) 
     PIN : u_core/rvx_core_instance/rvx_core_alu_instance/srl_36/U0/U_277/Y
                                0.43           0.52          -0.09  (VIOLATED) 

   u_core/rvx_core_instance/rvx_core_alu_instance/srl_36/U0/N8
                                0.43           0.52          -0.09  (VIOLATED) 
     PIN : u_core/rvx_core_instance/rvx_core_alu_instance/srl_36/U0/U_215/Y
                                0.43           0.52          -0.09  (VIOLATED) 

   u_core/rvx_core_instance/rvx_core_alu_instance/srl_36/U0/N7
                                0.43           0.52          -0.09  (VIOLATED) 
     PIN : u_core/rvx_core_instance/rvx_core_alu_instance/srl_36/U0/U_213/Y
                                0.43           0.52          -0.09  (VIOLATED) 

   u_core/rvx_core_instance/rvx_core_alu_instance/srl_36/U0/N5
                                0.43           0.52          -0.09  (VIOLATED) 
     PIN : u_core/rvx_core_instance/rvx_core_alu_instance/srl_36/U0/U_153/Y
                                0.43           0.52          -0.09  (VIOLATED) 

   u_core/rvx_core_instance/gen_rvx_core_mdu.rvx_core_mdu_instance/mult_23/U0/N_317
                                0.10           0.18          -0.07  (VIOLATED) 
     PIN : u_core/rvx_core_instance/gen_rvx_core_mdu.rvx_core_mdu_instance/mult_23/U0/U_121/Y
                                0.10           0.18          -0.07  (VIOLATED) 

   u_core/rvx_core_instance/gen_rvx_core_mdu.rvx_core_mdu_instance/mult_23/U0/N_380
                                0.10           0.17          -0.07  (VIOLATED) 
     PIN : u_core/rvx_core_instance/gen_rvx_core_mdu.rvx_core_mdu_instance/mult_23/U0/U_184/Y
                                0.10           0.17          -0.07  (VIOLATED) 

   u_core/rvx_core_instance/gen_rvx_core_mdu.rvx_core_mdu_instance/mult_23/U0/N_366
                                0.10           0.17          -0.07  (VIOLATED) 
     PIN : u_core/rvx_core_instance/gen_rvx_core_mdu.rvx_core_mdu_instance/mult_23/U0/U_170/Y
                                0.10           0.17          -0.07  (VIOLATED) 

   u_core/rvx_core_instance/gen_rvx_core_mdu.rvx_core_mdu_instance/mult_23/U0/N_324
                                0.10           0.17          -0.07  (VIOLATED) 
     PIN : u_core/rvx_core_instance/gen_rvx_core_mdu.rvx_core_mdu_instance/mult_23/U0/U_128/Y
                                0.10           0.17          -0.07  (VIOLATED) 

   u_core/rvx_core_instance/gen_rvx_core_mdu.rvx_core_mdu_instance/mult_23/U0/N_331
                                0.10           0.17          -0.07  (VIOLATED) 
     PIN : u_core/rvx_core_instance/gen_rvx_core_mdu.rvx_core_mdu_instance/mult_23/U0/U_135/Y
                                0.10           0.17          -0.07  (VIOLATED) 

   u_core/rvx_core_instance/gen_rvx_core_mdu.rvx_core_mdu_instance/mult_23/U0/N_338
                                0.10           0.17          -0.07  (VIOLATED) 
     PIN : u_core/rvx_core_instance/gen_rvx_core_mdu.rvx_core_mdu_instance/mult_23/U0/U_142/Y
                                0.10           0.17          -0.07  (VIOLATED) 

   u_core/rvx_core_instance/gen_rvx_core_mdu.rvx_core_mdu_instance/mult_23/U0/N_345
                                0.10           0.17          -0.07  (VIOLATED) 
     PIN : u_core/rvx_core_instance/gen_rvx_core_mdu.rvx_core_mdu_instance/mult_23/U0/U_149/Y
                                0.10           0.17          -0.07  (VIOLATED) 

   u_core/rvx_core_instance/gen_rvx_core_mdu.rvx_core_mdu_instance/mult_23/U0/N_352
                                0.10           0.17          -0.07  (VIOLATED) 
     PIN : u_core/rvx_core_instance/gen_rvx_core_mdu.rvx_core_mdu_instance/mult_23/U0/U_156/Y
                                0.10           0.17          -0.07  (VIOLATED) 

   u_core/rvx_core_instance/gen_rvx_core_mdu.rvx_core_mdu_instance/mult_23/U0/N_359
                                0.10           0.17          -0.07  (VIOLATED) 
     PIN : u_core/rvx_core_instance/gen_rvx_core_mdu.rvx_core_mdu_instance/mult_23/U0/U_163/Y
                                0.10           0.17          -0.07  (VIOLATED) 

   u_core/rvx_core_instance/gen_rvx_core_mdu.rvx_core_mdu_instance/mult_23/U0/N_373
                                0.10           0.17          -0.07  (VIOLATED) 
     PIN : u_core/rvx_core_instance/gen_rvx_core_mdu.rvx_core_mdu_instance/mult_23/U0/U_177/Y
                                0.10           0.17          -0.07  (VIOLATED) 

   u_core/rvx_core_instance/gen_rvx_core_mdu.rvx_core_mdu_instance/mult_22/U0/N_309
                                0.10           0.17          -0.07  (VIOLATED) 
     PIN : u_core/rvx_core_instance/gen_rvx_core_mdu.rvx_core_mdu_instance/mult_22/U0/U_117/Y
                                0.10           0.17          -0.07  (VIOLATED) 

   u_core/rvx_core_instance/gen_rvx_core_mdu.rvx_core_mdu_instance/mult_22/U0/N_365
                                0.10           0.17          -0.07  (VIOLATED) 
     PIN : u_core/rvx_core_instance/gen_rvx_core_mdu.rvx_core_mdu_instance/mult_22/U0/U_173/Y
                                0.10           0.17          -0.07  (VIOLATED) 

   u_core/rvx_core_instance/gen_rvx_core_mdu.rvx_core_mdu_instance/mult_22/U0/N_316
                                0.10           0.17          -0.07  (VIOLATED) 
     PIN : u_core/rvx_core_instance/gen_rvx_core_mdu.rvx_core_mdu_instance/mult_22/U0/U_124/Y
                                0.10           0.17          -0.07  (VIOLATED) 

   u_core/rvx_core_instance/gen_rvx_core_mdu.rvx_core_mdu_instance/mult_22/U0/N_323
                                0.10           0.17          -0.07  (VIOLATED) 
     PIN : u_core/rvx_core_instance/gen_rvx_core_mdu.rvx_core_mdu_instance/mult_22/U0/U_131/Y
                                0.10           0.17          -0.07  (VIOLATED) 

   u_core/rvx_core_instance/gen_rvx_core_mdu.rvx_core_mdu_instance/mult_22/U0/N_330
                                0.10           0.17          -0.07  (VIOLATED) 
     PIN : u_core/rvx_core_instance/gen_rvx_core_mdu.rvx_core_mdu_instance/mult_22/U0/U_138/Y
                                0.10           0.17          -0.07  (VIOLATED) 

   u_core/rvx_core_instance/gen_rvx_core_mdu.rvx_core_mdu_instance/mult_22/U0/N_337
                                0.10           0.17          -0.07  (VIOLATED) 
     PIN : u_core/rvx_core_instance/gen_rvx_core_mdu.rvx_core_mdu_instance/mult_22/U0/U_145/Y
                                0.10           0.17          -0.07  (VIOLATED) 

   u_core/rvx_core_instance/gen_rvx_core_mdu.rvx_core_mdu_instance/mult_22/U0/N_344
                                0.10           0.17          -0.07  (VIOLATED) 
     PIN : u_core/rvx_core_instance/gen_rvx_core_mdu.rvx_core_mdu_instance/mult_22/U0/U_152/Y
                                0.10           0.17          -0.07  (VIOLATED) 

   u_core/rvx_core_instance/gen_rvx_core_mdu.rvx_core_mdu_instance/mult_22/U0/N_372
                                0.10           0.17          -0.07  (VIOLATED) 
     PIN : u_core/rvx_core_instance/gen_rvx_core_mdu.rvx_core_mdu_instance/mult_22/U0/U_180/Y
                                0.10           0.17          -0.07  (VIOLATED) 

   u_core/rvx_core_instance/gen_rvx_core_mdu.rvx_core_mdu_instance/mult_22/U0/N_351
                                0.10           0.17          -0.07  (VIOLATED) 
     PIN : u_core/rvx_core_instance/gen_rvx_core_mdu.rvx_core_mdu_instance/mult_22/U0/U_159/Y
                                0.10           0.17          -0.07  (VIOLATED) 

   u_core/rvx_core_instance/gen_rvx_core_mdu.rvx_core_mdu_instance/mult_22/U0/N_358
                                0.10           0.17          -0.07  (VIOLATED) 
     PIN : u_core/rvx_core_instance/gen_rvx_core_mdu.rvx_core_mdu_instance/mult_22/U0/U_166/Y
                                0.10           0.17          -0.07  (VIOLATED) 

   u_core/rvx_core_instance/rvx_core_alu_instance/alu_srl_result_s2[22]
                                0.00           0.06          -0.06  (VIOLATED) 
     PIN : u_core/rvx_core_instance/rvx_core_alu_instance/C304/DATA2[22]
                                0.00           0.06          -0.06  (VIOLATED) 

   u_core/rvx_core_instance/rvx_core_alu_instance/N26
                                0.00           0.06          -0.06  (VIOLATED) 
     PIN : u_core/rvx_core_instance/rvx_core_alu_instance/C306/DATA8[9]
                                0.00           0.06          -0.06  (VIOLATED) 

   u_core/rvx_core_instance/rvx_core_alu_instance/N25
                                0.00           0.06          -0.06  (VIOLATED) 
     PIN : u_core/rvx_core_instance/rvx_core_alu_instance/C306/DATA8[8]
                                0.00           0.06          -0.06  (VIOLATED) 

   u_core/rvx_core_instance/rvx_core_alu_instance/N24
                                0.00           0.06          -0.06  (VIOLATED) 
     PIN : u_core/rvx_core_instance/rvx_core_alu_instance/C306/DATA8[7]
                                0.00           0.06          -0.06  (VIOLATED) 

   u_core/rvx_core_instance/rvx_core_alu_instance/N23
                                0.00           0.06          -0.06  (VIOLATED) 
     PIN : u_core/rvx_core_instance/rvx_core_alu_instance/C306/DATA8[6]
                                0.00           0.06          -0.06  (VIOLATED) 

   u_core/rvx_core_instance/rvx_core_alu_instance/N22
                                0.00           0.06          -0.06  (VIOLATED) 
     PIN : u_core/rvx_core_instance/rvx_core_alu_instance/C306/DATA8[5]
                                0.00           0.06          -0.06  (VIOLATED) 

   u_core/rvx_core_instance/rvx_core_alu_instance/N21
                                0.00           0.06          -0.06  (VIOLATED) 
     PIN : u_core/rvx_core_instance/rvx_core_alu_instance/C306/DATA8[4]
                                0.00           0.06          -0.06  (VIOLATED) 

   u_core/rvx_core_instance/rvx_core_alu_instance/N20
                                0.00           0.06          -0.06  (VIOLATED) 
     PIN : u_core/rvx_core_instance/rvx_core_alu_instance/C306/DATA8[3]
                                0.00           0.06          -0.06  (VIOLATED) 

   u_core/rvx_core_instance/rvx_core_alu_instance/N19
                                0.00           0.06          -0.06  (VIOLATED) 
     PIN : u_core/rvx_core_instance/rvx_core_alu_instance/C306/DATA8[2]
                                0.00           0.06          -0.06  (VIOLATED) 

   u_core/rvx_core_instance/rvx_core_alu_instance/N18
                                0.00           0.06          -0.06  (VIOLATED) 
     PIN : u_core/rvx_core_instance/rvx_core_alu_instance/C306/DATA8[1]
                                0.00           0.06          -0.06  (VIOLATED) 

   u_core/rvx_core_instance/rvx_core_alu_instance/N17
                                0.00           0.06          -0.06  (VIOLATED) 
     PIN : u_core/rvx_core_instance/rvx_core_alu_instance/C306/DATA8[0]
                                0.00           0.06          -0.06  (VIOLATED) 

   u_core/rvx_core_instance/rvx_core_alu_instance/alu_srl_result_s2[26]
                                0.00           0.06          -0.06  (VIOLATED) 
     PIN : u_core/rvx_core_instance/rvx_core_alu_instance/C304/DATA2[26]
                                0.00           0.06          -0.06  (VIOLATED) 

   u_core/rvx_core_instance/rvx_core_alu_instance/alu_srl_result_s2[25]
                                0.00           0.06          -0.06  (VIOLATED) 
     PIN : u_core/rvx_core_instance/rvx_core_alu_instance/C304/DATA2[25]
                                0.00           0.06          -0.06  (VIOLATED) 

   u_core/rvx_core_instance/rvx_core_alu_instance/alu_srl_result_s2[24]
                                0.00           0.06          -0.06  (VIOLATED) 
     PIN : u_core/rvx_core_instance/rvx_core_alu_instance/C304/DATA2[24]
                                0.00           0.06          -0.06  (VIOLATED) 

   u_core/rvx_core_instance/rvx_core_alu_instance/alu_srl_result_s2[23]
                                0.00           0.06          -0.06  (VIOLATED) 
     PIN : u_core/rvx_core_instance/rvx_core_alu_instance/C304/DATA2[23]
                                0.00           0.06          -0.06  (VIOLATED) 

   u_core/rvx_core_instance/rvx_core_alu_instance/alu_srl_result_s2[20]
                                0.00           0.06          -0.06  (VIOLATED) 
     PIN : u_core/rvx_core_instance/rvx_core_alu_instance/C304/DATA2[20]
                                0.00           0.06          -0.06  (VIOLATED) 

   u_core/rvx_core_instance/rvx_core_alu_instance/N38
                                0.00           0.06          -0.06  (VIOLATED) 
     PIN : u_core/rvx_core_instance/rvx_core_alu_instance/C306/DATA8[21]
                                0.00           0.06          -0.06  (VIOLATED) 

   u_core/rvx_core_instance/rvx_core_alu_instance/N48
                                0.00           0.06          -0.06  (VIOLATED) 
     PIN : u_core/rvx_core_instance/rvx_core_alu_instance/C306/DATA8[31]
                                0.00           0.06          -0.06  (VIOLATED) 

   u_core/rvx_core_instance/rvx_core_alu_instance/N47
                                0.00           0.06          -0.06  (VIOLATED) 
     PIN : u_core/rvx_core_instance/rvx_core_alu_instance/C306/DATA8[30]
                                0.00           0.06          -0.06  (VIOLATED) 

   u_core/rvx_core_instance/rvx_core_alu_instance/N46
                                0.00           0.06          -0.06  (VIOLATED) 
     PIN : u_core/rvx_core_instance/rvx_core_alu_instance/C306/DATA8[29]
                                0.00           0.06          -0.06  (VIOLATED) 

   u_core/rvx_core_instance/rvx_core_alu_instance/N45
                                0.00           0.06          -0.06  (VIOLATED) 
     PIN : u_core/rvx_core_instance/rvx_core_alu_instance/C306/DATA8[28]
                                0.00           0.06          -0.06  (VIOLATED) 

   u_core/rvx_core_instance/rvx_core_alu_instance/N44
                                0.00           0.06          -0.06  (VIOLATED) 
     PIN : u_core/rvx_core_instance/rvx_core_alu_instance/C306/DATA8[27]
                                0.00           0.06          -0.06  (VIOLATED) 

   u_core/rvx_core_instance/rvx_core_alu_instance/N43
                                0.00           0.06          -0.06  (VIOLATED) 
     PIN : u_core/rvx_core_instance/rvx_core_alu_instance/C306/DATA8[26]
                                0.00           0.06          -0.06  (VIOLATED) 

   u_core/rvx_core_instance/rvx_core_alu_instance/N42
                                0.00           0.06          -0.06  (VIOLATED) 
     PIN : u_core/rvx_core_instance/rvx_core_alu_instance/C306/DATA8[25]
                                0.00           0.06          -0.06  (VIOLATED) 

   u_core/rvx_core_instance/rvx_core_alu_instance/N41
                                0.00           0.06          -0.06  (VIOLATED) 
     PIN : u_core/rvx_core_instance/rvx_core_alu_instance/C306/DATA8[24]
                                0.00           0.06          -0.06  (VIOLATED) 

   u_core/rvx_core_instance/rvx_core_alu_instance/N40
                                0.00           0.06          -0.06  (VIOLATED) 
     PIN : u_core/rvx_core_instance/rvx_core_alu_instance/C306/DATA8[23]
                                0.00           0.06          -0.06  (VIOLATED) 

   u_core/rvx_core_instance/rvx_core_alu_instance/N39
                                0.00           0.06          -0.06  (VIOLATED) 
     PIN : u_core/rvx_core_instance/rvx_core_alu_instance/C306/DATA8[22]
                                0.00           0.06          -0.06  (VIOLATED) 

   u_core/rvx_core_instance/rvx_core_alu_instance/N27
                                0.00           0.06          -0.06  (VIOLATED) 
     PIN : u_core/rvx_core_instance/rvx_core_alu_instance/C306/DATA8[10]
                                0.00           0.06          -0.06  (VIOLATED) 

   u_core/rvx_core_instance/rvx_core_alu_instance/N37
                                0.00           0.06          -0.06  (VIOLATED) 
     PIN : u_core/rvx_core_instance/rvx_core_alu_instance/C306/DATA8[20]
                                0.00           0.06          -0.06  (VIOLATED) 

   u_core/rvx_core_instance/rvx_core_alu_instance/N36
                                0.00           0.06          -0.06  (VIOLATED) 
     PIN : u_core/rvx_core_instance/rvx_core_alu_instance/C306/DATA8[19]
                                0.00           0.06          -0.06  (VIOLATED) 

   u_core/rvx_core_instance/rvx_core_alu_instance/N35
                                0.00           0.06          -0.06  (VIOLATED) 
     PIN : u_core/rvx_core_instance/rvx_core_alu_instance/C306/DATA8[18]
                                0.00           0.06          -0.06  (VIOLATED) 

   u_core/rvx_core_instance/rvx_core_alu_instance/N34
                                0.00           0.06          -0.06  (VIOLATED) 
     PIN : u_core/rvx_core_instance/rvx_core_alu_instance/C306/DATA8[17]
                                0.00           0.06          -0.06  (VIOLATED) 

   u_core/rvx_core_instance/rvx_core_alu_instance/N33
                                0.00           0.06          -0.06  (VIOLATED) 
     PIN : u_core/rvx_core_instance/rvx_core_alu_instance/C306/DATA8[16]
                                0.00           0.06          -0.06  (VIOLATED) 

   u_core/rvx_core_instance/rvx_core_alu_instance/N32
                                0.00           0.06          -0.06  (VIOLATED) 
     PIN : u_core/rvx_core_instance/rvx_core_alu_instance/C306/DATA8[15]
                                0.00           0.06          -0.06  (VIOLATED) 

   u_core/rvx_core_instance/rvx_core_alu_instance/N31
                                0.00           0.06          -0.06  (VIOLATED) 
     PIN : u_core/rvx_core_instance/rvx_core_alu_instance/C306/DATA8[14]
                                0.00           0.06          -0.06  (VIOLATED) 

   u_core/rvx_core_instance/rvx_core_alu_instance/N30
                                0.00           0.06          -0.06  (VIOLATED) 
     PIN : u_core/rvx_core_instance/rvx_core_alu_instance/C306/DATA8[13]
                                0.00           0.06          -0.06  (VIOLATED) 

   u_core/rvx_core_instance/rvx_core_alu_instance/N29
                                0.00           0.06          -0.06  (VIOLATED) 
     PIN : u_core/rvx_core_instance/rvx_core_alu_instance/C306/DATA8[12]
                                0.00           0.06          -0.06  (VIOLATED) 

   u_core/rvx_core_instance/rvx_core_alu_instance/N28
                                0.00           0.06          -0.06  (VIOLATED) 
     PIN : u_core/rvx_core_instance/rvx_core_alu_instance/C306/DATA8[11]
                                0.00           0.06          -0.06  (VIOLATED) 

   u_core/rvx_core_instance/rvx_core_alu_instance/alu_sra_result_s2[27]
                                0.00           0.06          -0.06  (VIOLATED) 
     PIN : u_core/rvx_core_instance/rvx_core_alu_instance/C304/DATA1[27]
                                0.00           0.06          -0.06  (VIOLATED) 

   u_core/rvx_core_instance/rvx_core_alu_instance/alu_sra_result_s2[30]
                                0.00           0.06          -0.06  (VIOLATED) 
     PIN : u_core/rvx_core_instance/rvx_core_alu_instance/C304/DATA1[30]
                                0.00           0.06          -0.06  (VIOLATED) 

   u_core/rvx_core_instance/rvx_core_alu_instance/alu_sra_result_s2[7]
                                0.00           0.06          -0.06  (VIOLATED) 
     PIN : u_core/rvx_core_instance/rvx_core_alu_instance/C304/DATA1[7]
                                0.00           0.06          -0.06  (VIOLATED) 

   u_core/rvx_core_instance/rvx_core_alu_instance/alu_srl_result_s2[3]
                                0.00           0.06          -0.06  (VIOLATED) 
     PIN : u_core/rvx_core_instance/rvx_core_alu_instance/C304/DATA2[3]
                                0.00           0.06          -0.06  (VIOLATED) 

   u_core/rvx_core_instance/rvx_core_alu_instance/alu_sra_result_s2[8]
                                0.00           0.06          -0.06  (VIOLATED) 
     PIN : u_core/rvx_core_instance/rvx_core_alu_instance/C304/DATA1[8]
                                0.00           0.06          -0.06  (VIOLATED) 

   u_core/rvx_core_instance/rvx_core_alu_instance/alu_sra_result_s2[29]
                                0.00           0.06          -0.06  (VIOLATED) 
     PIN : u_core/rvx_core_instance/rvx_core_alu_instance/C304/DATA1[29]
                                0.00           0.06          -0.06  (VIOLATED) 

   u_core/rvx_core_instance/rvx_core_alu_instance/alu_sra_result_s2[9]
                                0.00           0.06          -0.06  (VIOLATED) 
     PIN : u_core/rvx_core_instance/rvx_core_alu_instance/C304/DATA1[9]
                                0.00           0.06          -0.06  (VIOLATED) 

   u_core/rvx_core_instance/rvx_core_alu_instance/alu_srl_result_s2[2]
                                0.00           0.06          -0.06  (VIOLATED) 
     PIN : u_core/rvx_core_instance/rvx_core_alu_instance/C304/DATA2[2]
                                0.00           0.06          -0.06  (VIOLATED) 

   u_core/rvx_core_instance/rvx_core_alu_instance/alu_sra_result_s2[10]
                                0.00           0.06          -0.06  (VIOLATED) 
     PIN : u_core/rvx_core_instance/rvx_core_alu_instance/C304/DATA1[10]
                                0.00           0.06          -0.06  (VIOLATED) 

   u_core/rvx_core_instance/rvx_core_alu_instance/alu_srl_result_s2[27]
                                0.00           0.06          -0.06  (VIOLATED) 
     PIN : u_core/rvx_core_instance/rvx_core_alu_instance/C304/DATA2[27]
                                0.00           0.06          -0.06  (VIOLATED) 

   u_core/rvx_core_instance/rvx_core_alu_instance/alu_sra_result_s2[11]
                                0.00           0.06          -0.06  (VIOLATED) 
     PIN : u_core/rvx_core_instance/rvx_core_alu_instance/C304/DATA1[11]
                                0.00           0.06          -0.06  (VIOLATED) 

   u_core/rvx_core_instance/rvx_core_alu_instance/alu_sra_result_s2[28]
                                0.00           0.06          -0.06  (VIOLATED) 
     PIN : u_core/rvx_core_instance/rvx_core_alu_instance/C304/DATA1[28]
                                0.00           0.06          -0.06  (VIOLATED) 

   u_core/rvx_core_instance/rvx_core_alu_instance/alu_sra_result_s2[12]
                                0.00           0.06          -0.06  (VIOLATED) 
     PIN : u_core/rvx_core_instance/rvx_core_alu_instance/C304/DATA1[12]
                                0.00           0.06          -0.06  (VIOLATED) 

   u_core/rvx_core_instance/rvx_core_alu_instance/alu_srl_result_s2[1]
                                0.00           0.06          -0.06  (VIOLATED) 
     PIN : u_core/rvx_core_instance/rvx_core_alu_instance/C304/DATA2[1]
                                0.00           0.06          -0.06  (VIOLATED) 

   u_core/rvx_core_instance/rvx_core_alu_instance/alu_sra_result_s2[13]
                                0.00           0.06          -0.06  (VIOLATED) 
     PIN : u_core/rvx_core_instance/rvx_core_alu_instance/C304/DATA1[13]
                                0.00           0.06          -0.06  (VIOLATED) 

   u_core/rvx_core_instance/rvx_core_alu_instance/alu_sra_result_s2[6]
                                0.00           0.06          -0.06  (VIOLATED) 
     PIN : u_core/rvx_core_instance/rvx_core_alu_instance/C304/DATA1[6]
                                0.00           0.06          -0.06  (VIOLATED) 

   u_core/rvx_core_instance/rvx_core_alu_instance/alu_sra_result_s2[14]
                                0.00           0.06          -0.06  (VIOLATED) 
     PIN : u_core/rvx_core_instance/rvx_core_alu_instance/C304/DATA1[14]
                                0.00           0.06          -0.06  (VIOLATED) 

   u_core/rvx_core_instance/rvx_core_alu_instance/alu_srl_result_s2[0]
                                0.00           0.06          -0.06  (VIOLATED) 
     PIN : u_core/rvx_core_instance/rvx_core_alu_instance/C304/DATA2[0]
                                0.00           0.06          -0.06  (VIOLATED) 

   u_core/rvx_core_instance/rvx_core_alu_instance/alu_sra_result_s2[15]
                                0.00           0.06          -0.06  (VIOLATED) 
     PIN : u_core/rvx_core_instance/rvx_core_alu_instance/C304/DATA1[15]
                                0.00           0.06          -0.06  (VIOLATED) 

   u_core/rvx_core_instance/rvx_core_alu_instance/alu_sra_result_s2[16]
                                0.00           0.06          -0.06  (VIOLATED) 
     PIN : u_core/rvx_core_instance/rvx_core_alu_instance/C304/DATA1[16]
                                0.00           0.06          -0.06  (VIOLATED) 

   u_core/rvx_core_instance/rvx_core_alu_instance/alu_sra_result_s2[17]
                                0.00           0.06          -0.06  (VIOLATED) 
     PIN : u_core/rvx_core_instance/rvx_core_alu_instance/C304/DATA1[17]
                                0.00           0.06          -0.06  (VIOLATED) 

   u_core/rvx_core_instance/rvx_core_alu_instance/alu_sra_result_s2[18]
                                0.00           0.06          -0.06  (VIOLATED) 
     PIN : u_core/rvx_core_instance/rvx_core_alu_instance/C304/DATA1[18]
                                0.00           0.06          -0.06  (VIOLATED) 

   u_core/rvx_core_instance/rvx_core_alu_instance/alu_sra_result_s2[19]
                                0.00           0.06          -0.06  (VIOLATED) 
     PIN : u_core/rvx_core_instance/rvx_core_alu_instance/C304/DATA1[19]
                                0.00           0.06          -0.06  (VIOLATED) 

   u_core/rvx_core_instance/rvx_core_alu_instance/alu_sra_result_s2[20]
                                0.00           0.06          -0.06  (VIOLATED) 
     PIN : u_core/rvx_core_instance/rvx_core_alu_instance/C304/DATA1[20]
                                0.00           0.06          -0.06  (VIOLATED) 

   u_core/rvx_core_instance/rvx_core_alu_instance/alu_sra_result_s2[21]
                                0.00           0.06          -0.06  (VIOLATED) 
     PIN : u_core/rvx_core_instance/rvx_core_alu_instance/C304/DATA1[21]
                                0.00           0.06          -0.06  (VIOLATED) 

   u_core/rvx_core_instance/rvx_core_alu_instance/alu_sra_result_s2[22]
                                0.00           0.06          -0.06  (VIOLATED) 
     PIN : u_core/rvx_core_instance/rvx_core_alu_instance/C304/DATA1[22]
                                0.00           0.06          -0.06  (VIOLATED) 

   u_core/rvx_core_instance/rvx_core_alu_instance/alu_sra_result_s2[23]
                                0.00           0.06          -0.06  (VIOLATED) 
     PIN : u_core/rvx_core_instance/rvx_core_alu_instance/C304/DATA1[23]
                                0.00           0.06          -0.06  (VIOLATED) 

   u_core/rvx_core_instance/rvx_core_alu_instance/alu_sra_result_s2[24]
                                0.00           0.06          -0.06  (VIOLATED) 
     PIN : u_core/rvx_core_instance/rvx_core_alu_instance/C304/DATA1[24]
                                0.00           0.06          -0.06  (VIOLATED) 

   u_core/rvx_core_instance/rvx_core_alu_instance/alu_sra_result_s2[25]
                                0.00           0.06          -0.06  (VIOLATED) 
     PIN : u_core/rvx_core_instance/rvx_core_alu_instance/C304/DATA1[25]
                                0.00           0.06          -0.06  (VIOLATED) 

   u_core/rvx_core_instance/rvx_core_alu_instance/alu_srl_result_s2[10]
                                0.00           0.06          -0.06  (VIOLATED) 
     PIN : u_core/rvx_core_instance/rvx_core_alu_instance/C304/DATA2[10]
                                0.00           0.06          -0.06  (VIOLATED) 

   u_core/rvx_core_instance/rvx_core_alu_instance/alu_srl_result_s2[31]
                                0.00           0.06          -0.06  (VIOLATED) 
     PIN : u_core/rvx_core_instance/rvx_core_alu_instance/C304/DATA2[31]
                                0.00           0.06          -0.06  (VIOLATED) 

   u_core/rvx_core_instance/rvx_core_alu_instance/alu_srl_result_s2[30]
                                0.00           0.06          -0.06  (VIOLATED) 
     PIN : u_core/rvx_core_instance/rvx_core_alu_instance/C304/DATA2[30]
                                0.00           0.06          -0.06  (VIOLATED) 

   u_core/rvx_core_instance/rvx_core_alu_instance/alu_srl_result_s2[29]
                                0.00           0.06          -0.06  (VIOLATED) 
     PIN : u_core/rvx_core_instance/rvx_core_alu_instance/C304/DATA2[29]
                                0.00           0.06          -0.06  (VIOLATED) 

   u_core/rvx_core_instance/rvx_core_alu_instance/alu_srl_result_s2[28]
                                0.00           0.06          -0.06  (VIOLATED) 
     PIN : u_core/rvx_core_instance/rvx_core_alu_instance/C304/DATA2[28]
                                0.00           0.06          -0.06  (VIOLATED) 

   u_core/rvx_core_instance/rvx_core_alu_instance/alu_sra_result_s2[26]
                                0.00           0.06          -0.06  (VIOLATED) 
     PIN : u_core/rvx_core_instance/rvx_core_alu_instance/C304/DATA1[26]
                                0.00           0.06          -0.06  (VIOLATED) 

   u_core/rvx_core_instance/rvx_core_alu_instance/alu_srl_result_s2[19]
                                0.00           0.06          -0.06  (VIOLATED) 
     PIN : u_core/rvx_core_instance/rvx_core_alu_instance/C304/DATA2[19]
                                0.00           0.06          -0.06  (VIOLATED) 

   u_core/rvx_core_instance/rvx_core_alu_instance/alu_srl_result_s2[18]
                                0.00           0.06          -0.06  (VIOLATED) 
     PIN : u_core/rvx_core_instance/rvx_core_alu_instance/C304/DATA2[18]
                                0.00           0.06          -0.06  (VIOLATED) 

   u_core/rvx_core_instance/rvx_core_alu_instance/alu_srl_result_s2[17]
                                0.00           0.06          -0.06  (VIOLATED) 
     PIN : u_core/rvx_core_instance/rvx_core_alu_instance/C304/DATA2[17]
                                0.00           0.06          -0.06  (VIOLATED) 

   u_core/rvx_core_instance/rvx_core_alu_instance/alu_srl_result_s2[16]
                                0.00           0.06          -0.06  (VIOLATED) 
     PIN : u_core/rvx_core_instance/rvx_core_alu_instance/C304/DATA2[16]
                                0.00           0.06          -0.06  (VIOLATED) 

   u_core/rvx_core_instance/rvx_core_alu_instance/alu_srl_result_s2[15]
                                0.00           0.06          -0.06  (VIOLATED) 
     PIN : u_core/rvx_core_instance/rvx_core_alu_instance/C304/DATA2[15]
                                0.00           0.06          -0.06  (VIOLATED) 

   u_core/rvx_core_instance/rvx_core_alu_instance/alu_srl_result_s2[14]
                                0.00           0.06          -0.06  (VIOLATED) 
     PIN : u_core/rvx_core_instance/rvx_core_alu_instance/C304/DATA2[14]
                                0.00           0.06          -0.06  (VIOLATED) 

   u_core/rvx_core_instance/rvx_core_alu_instance/alu_srl_result_s2[13]
                                0.00           0.06          -0.06  (VIOLATED) 
     PIN : u_core/rvx_core_instance/rvx_core_alu_instance/C304/DATA2[13]
                                0.00           0.06          -0.06  (VIOLATED) 

   u_core/rvx_core_instance/rvx_core_alu_instance/alu_srl_result_s2[12]
                                0.00           0.06          -0.06  (VIOLATED) 
     PIN : u_core/rvx_core_instance/rvx_core_alu_instance/C304/DATA2[12]
                                0.00           0.06          -0.06  (VIOLATED) 

   u_core/rvx_core_instance/rvx_core_alu_instance/alu_srl_result_s2[11]
                                0.00           0.06          -0.06  (VIOLATED) 
     PIN : u_core/rvx_core_instance/rvx_core_alu_instance/C304/DATA2[11]
                                0.00           0.06          -0.06  (VIOLATED) 

   u_core/rvx_core_instance/rvx_core_alu_instance/alu_srl_result_s2[21]
                                0.00           0.06          -0.06  (VIOLATED) 
     PIN : u_core/rvx_core_instance/rvx_core_alu_instance/C304/DATA2[21]
                                0.00           0.06          -0.06  (VIOLATED) 

   u_core/rvx_core_instance/rvx_core_alu_instance/alu_srl_result_s2[9]
                                0.00           0.06          -0.06  (VIOLATED) 
     PIN : u_core/rvx_core_instance/rvx_core_alu_instance/C304/DATA2[9]
                                0.00           0.06          -0.06  (VIOLATED) 

   u_core/rvx_core_instance/rvx_core_alu_instance/alu_srl_result_s2[8]
                                0.00           0.06          -0.06  (VIOLATED) 
     PIN : u_core/rvx_core_instance/rvx_core_alu_instance/C304/DATA2[8]
                                0.00           0.06          -0.06  (VIOLATED) 

   u_core/rvx_core_instance/rvx_core_alu_instance/alu_srl_result_s2[7]
                                0.00           0.06          -0.06  (VIOLATED) 
     PIN : u_core/rvx_core_instance/rvx_core_alu_instance/C304/DATA2[7]
                                0.00           0.06          -0.06  (VIOLATED) 

   u_core/rvx_core_instance/rvx_core_alu_instance/alu_sra_result_s2[0]
                                0.00           0.06          -0.06  (VIOLATED) 
     PIN : u_core/rvx_core_instance/rvx_core_alu_instance/C304/DATA1[0]
                                0.00           0.06          -0.06  (VIOLATED) 

   u_core/rvx_core_instance/rvx_core_alu_instance/alu_sra_result_s2[1]
                                0.00           0.06          -0.06  (VIOLATED) 
     PIN : u_core/rvx_core_instance/rvx_core_alu_instance/C304/DATA1[1]
                                0.00           0.06          -0.06  (VIOLATED) 

   u_core/rvx_core_instance/rvx_core_alu_instance/alu_srl_result_s2[6]
                                0.00           0.06          -0.06  (VIOLATED) 
     PIN : u_core/rvx_core_instance/rvx_core_alu_instance/C304/DATA2[6]
                                0.00           0.06          -0.06  (VIOLATED) 

   u_core/rvx_core_instance/rvx_core_alu_instance/alu_sra_result_s2[2]
                                0.00           0.06          -0.06  (VIOLATED) 
     PIN : u_core/rvx_core_instance/rvx_core_alu_instance/C304/DATA1[2]
                                0.00           0.06          -0.06  (VIOLATED) 

   u_core/rvx_core_instance/rvx_core_alu_instance/alu_sra_result_s2[3]
                                0.00           0.06          -0.06  (VIOLATED) 
     PIN : u_core/rvx_core_instance/rvx_core_alu_instance/C304/DATA1[3]
                                0.00           0.06          -0.06  (VIOLATED) 

   u_core/rvx_core_instance/rvx_core_alu_instance/alu_srl_result_s2[5]
                                0.00           0.06          -0.06  (VIOLATED) 
     PIN : u_core/rvx_core_instance/rvx_core_alu_instance/C304/DATA2[5]
                                0.00           0.06          -0.06  (VIOLATED) 

   u_core/rvx_core_instance/rvx_core_alu_instance/alu_sra_result_s2[4]
                                0.00           0.06          -0.06  (VIOLATED) 
     PIN : u_core/rvx_core_instance/rvx_core_alu_instance/C304/DATA1[4]
                                0.00           0.06          -0.06  (VIOLATED) 

   u_core/rvx_core_instance/rvx_core_alu_instance/alu_sra_result_s2[31]
                                0.00           0.06          -0.06  (VIOLATED) 
     PIN : u_core/rvx_core_instance/rvx_core_alu_instance/C304/DATA1[31]
                                0.00           0.06          -0.06  (VIOLATED) 

   u_core/rvx_core_instance/rvx_core_alu_instance/alu_sra_result_s2[5]
                                0.00           0.06          -0.06  (VIOLATED) 
     PIN : u_core/rvx_core_instance/rvx_core_alu_instance/C304/DATA1[5]
                                0.00           0.06          -0.06  (VIOLATED) 

   u_core/rvx_core_instance/rvx_core_alu_instance/alu_srl_result_s2[4]
                                0.00           0.06          -0.06  (VIOLATED) 
     PIN : u_core/rvx_core_instance/rvx_core_alu_instance/C304/DATA2[4]
                                0.00           0.06          -0.06  (VIOLATED) 

   u_core/rvx_core_instance/gen_rvx_core_mdu.rvx_core_mdu_instance/mult_24/U0/N_319
                                0.10           0.16          -0.06  (VIOLATED) 
     PIN : u_core/rvx_core_instance/gen_rvx_core_mdu.rvx_core_mdu_instance/mult_24/U0/U_189/Y
                                0.10           0.16          -0.06  (VIOLATED) 

   u_core/rvx_core_instance/gen_rvx_core_mdu.rvx_core_mdu_instance/mult_24/U0/N_250
                                0.10           0.16          -0.06  (VIOLATED) 
     PIN : u_core/rvx_core_instance/gen_rvx_core_mdu.rvx_core_mdu_instance/mult_24/U0/U_120/Y
                                0.10           0.16          -0.06  (VIOLATED) 

   u_core/rvx_core_instance/gen_rvx_core_mdu.rvx_core_mdu_instance/mult_24/U0/N_257
                                0.10           0.16          -0.06  (VIOLATED) 
     PIN : u_core/rvx_core_instance/gen_rvx_core_mdu.rvx_core_mdu_instance/mult_24/U0/U_127/Y
                                0.10           0.16          -0.06  (VIOLATED) 

   u_core/rvx_core_instance/gen_rvx_core_mdu.rvx_core_mdu_instance/mult_24/U0/N_264
                                0.10           0.16          -0.06  (VIOLATED) 
     PIN : u_core/rvx_core_instance/gen_rvx_core_mdu.rvx_core_mdu_instance/mult_24/U0/U_134/Y
                                0.10           0.16          -0.06  (VIOLATED) 

   u_core/rvx_core_instance/gen_rvx_core_mdu.rvx_core_mdu_instance/mult_24/U0/N_271
                                0.10           0.16          -0.06  (VIOLATED) 
     PIN : u_core/rvx_core_instance/gen_rvx_core_mdu.rvx_core_mdu_instance/mult_24/U0/U_141/Y
                                0.10           0.16          -0.06  (VIOLATED) 

   u_core/rvx_core_instance/gen_rvx_core_mdu.rvx_core_mdu_instance/mult_24/U0/N_278
                                0.10           0.16          -0.06  (VIOLATED) 
     PIN : u_core/rvx_core_instance/gen_rvx_core_mdu.rvx_core_mdu_instance/mult_24/U0/U_148/Y
                                0.10           0.16          -0.06  (VIOLATED) 

   u_core/rvx_core_instance/gen_rvx_core_mdu.rvx_core_mdu_instance/mult_24/U0/N_285
                                0.10           0.16          -0.06  (VIOLATED) 
     PIN : u_core/rvx_core_instance/gen_rvx_core_mdu.rvx_core_mdu_instance/mult_24/U0/U_155/Y
                                0.10           0.16          -0.06  (VIOLATED) 

   u_core/rvx_core_instance/gen_rvx_core_mdu.rvx_core_mdu_instance/mult_24/U0/N_292
                                0.10           0.16          -0.06  (VIOLATED) 
     PIN : u_core/rvx_core_instance/gen_rvx_core_mdu.rvx_core_mdu_instance/mult_24/U0/U_162/Y
                                0.10           0.16          -0.06  (VIOLATED) 

   u_core/rvx_core_instance/gen_rvx_core_mdu.rvx_core_mdu_instance/mult_24/U0/N_299
                                0.10           0.16          -0.06  (VIOLATED) 
     PIN : u_core/rvx_core_instance/gen_rvx_core_mdu.rvx_core_mdu_instance/mult_24/U0/U_169/Y
                                0.10           0.16          -0.06  (VIOLATED) 

   u_core/rvx_core_instance/gen_rvx_core_mdu.rvx_core_mdu_instance/mult_24/U0/N_306
                                0.10           0.16          -0.06  (VIOLATED) 
     PIN : u_core/rvx_core_instance/gen_rvx_core_mdu.rvx_core_mdu_instance/mult_24/U0/U_176/Y
                                0.10           0.16          -0.06  (VIOLATED) 

   u_core/rvx_core_instance/gen_rvx_core_mdu.rvx_core_mdu_instance/mult_24/U0/N_313
                                0.10           0.16          -0.06  (VIOLATED) 
     PIN : u_core/rvx_core_instance/gen_rvx_core_mdu.rvx_core_mdu_instance/mult_24/U0/U_183/Y
                                0.10           0.16          -0.06  (VIOLATED) 

   u_core/rvx_core_instance/gen_rvx_core_mdu.rvx_core_mdu_instance/result_uu[63]
                                0.00           0.06          -0.06  (VIOLATED) 
     PIN : u_core/rvx_core_instance/gen_rvx_core_mdu.rvx_core_mdu_instance/C91/DATA4[31]
                                0.00           0.06          -0.06  (VIOLATED) 

   u_core/rvx_core_instance/gen_rvx_core_mdu.rvx_core_mdu_instance/result_ss[63]
                                0.00           0.06          -0.06  (VIOLATED) 
     PIN : u_core/rvx_core_instance/gen_rvx_core_mdu.rvx_core_mdu_instance/C91/DATA2[31]
                                0.00           0.06          -0.06  (VIOLATED) 

   u_core/rvx_core_instance/rvx_core_address_gen_instance/N75
                                0.00           0.04          -0.04  (VIOLATED) 
     PIN : u_core/rvx_core_instance/rvx_core_address_gen_instance/C91/DATA2[5]
                                0.00           0.04          -0.04  (VIOLATED) 

   u_core/rvx_core_instance/rvx_core_alu_instance/N70
                                0.00           0.04          -0.04  (VIOLATED) 
     PIN : u_core/rvx_core_instance/rvx_core_alu_instance/C306/DATA1[21]
                                0.00           0.04          -0.04  (VIOLATED) 

   u_core/rvx_core_instance/rvx_core_address_gen_instance/N21
                                0.00           0.04          -0.04  (VIOLATED) 
     PIN : u_core/rvx_core_instance/rvx_core_address_gen_instance/C91/DATA1[21]
                                0.00           0.04          -0.04  (VIOLATED) 

   u_core/rvx_core_instance/rvx_core_alu_instance/N72
                                0.00           0.04          -0.04  (VIOLATED) 
     PIN : u_core/rvx_core_instance/rvx_core_alu_instance/C306/DATA1[23]
                                0.00           0.04          -0.04  (VIOLATED) 

   u_core/rvx_core_instance/rvx_core_address_gen_instance/N23
                                0.00           0.04          -0.04  (VIOLATED) 
     PIN : u_core/rvx_core_instance/rvx_core_address_gen_instance/C91/DATA1[23]
                                0.00           0.04          -0.04  (VIOLATED) 

   u_core/rvx_core_instance/rvx_core_address_gen_instance/N19
                                0.00           0.04          -0.04  (VIOLATED) 
     PIN : u_core/rvx_core_instance/rvx_core_address_gen_instance/C91/DATA1[19]
                                0.00           0.04          -0.04  (VIOLATED) 

   u_core/rvx_core_instance/rvx_core_alu_instance/N74
                                0.00           0.04          -0.04  (VIOLATED) 
     PIN : u_core/rvx_core_instance/rvx_core_alu_instance/C306/DATA1[25]
                                0.00           0.04          -0.04  (VIOLATED) 

   u_core/rvx_core_instance/rvx_core_address_gen_instance/N17
                                0.00           0.04          -0.04  (VIOLATED) 
     PIN : u_core/rvx_core_instance/rvx_core_address_gen_instance/C91/DATA1[17]
                                0.00           0.04          -0.04  (VIOLATED) 

   u_core/rvx_core_instance/rvx_core_alu_instance/N76
                                0.00           0.04          -0.04  (VIOLATED) 
     PIN : u_core/rvx_core_instance/rvx_core_alu_instance/C306/DATA1[27]
                                0.00           0.04          -0.04  (VIOLATED) 

   u_core/rvx_core_instance/rvx_core_address_gen_instance/N15
                                0.00           0.04          -0.04  (VIOLATED) 
     PIN : u_core/rvx_core_instance/rvx_core_address_gen_instance/C91/DATA1[15]
                                0.00           0.04          -0.04  (VIOLATED) 

   u_core/rvx_core_instance/rvx_core_alu_instance/N78
                                0.00           0.04          -0.04  (VIOLATED) 
     PIN : u_core/rvx_core_instance/rvx_core_alu_instance/C306/DATA1[29]
                                0.00           0.04          -0.04  (VIOLATED) 

   u_core/rvx_core_instance/rvx_core_address_gen_instance/N13
                                0.00           0.04          -0.04  (VIOLATED) 
     PIN : u_core/rvx_core_instance/rvx_core_address_gen_instance/C91/DATA1[13]
                                0.00           0.04          -0.04  (VIOLATED) 

   u_core/rvx_core_instance/rvx_core_alu_instance/N80
                                0.00           0.04          -0.04  (VIOLATED) 
     PIN : u_core/rvx_core_instance/rvx_core_alu_instance/C306/DATA1[31]
                                0.00           0.04          -0.04  (VIOLATED) 

   u_core/rvx_core_instance/rvx_core_address_gen_instance/N11
                                0.00           0.04          -0.04  (VIOLATED) 
     PIN : u_core/rvx_core_instance/rvx_core_address_gen_instance/C91/DATA1[11]
                                0.00           0.04          -0.04  (VIOLATED) 

   u_core/rvx_core_instance/rvx_core_address_gen_instance/N9
                                0.00           0.04          -0.04  (VIOLATED) 
     PIN : u_core/rvx_core_instance/rvx_core_address_gen_instance/C91/DATA1[9]
                                0.00           0.04          -0.04  (VIOLATED) 

   u_core/rvx_core_instance/rvx_core_address_gen_instance/N7
                                0.00           0.04          -0.04  (VIOLATED) 
     PIN : u_core/rvx_core_instance/rvx_core_address_gen_instance/C91/DATA1[7]
                                0.00           0.04          -0.04  (VIOLATED) 

   u_core/rvx_core_instance/rvx_core_address_gen_instance/N5
                                0.00           0.04          -0.04  (VIOLATED) 
     PIN : u_core/rvx_core_instance/rvx_core_address_gen_instance/C91/DATA1[5]
                                0.00           0.04          -0.04  (VIOLATED) 

   u_core/rvx_core_instance/rvx_core_address_gen_instance/N3
                                0.00           0.04          -0.04  (VIOLATED) 
     PIN : u_core/rvx_core_instance/rvx_core_address_gen_instance/C91/DATA1[3]
                                0.00           0.04          -0.04  (VIOLATED) 

   u_core/rvx_core_instance/rvx_core_address_gen_instance/N1
                                0.00           0.04          -0.04  (VIOLATED) 
     PIN : u_core/rvx_core_instance/rvx_core_address_gen_instance/C91/DATA1[1]
                                0.00           0.04          -0.04  (VIOLATED) 

   u_core/rvx_core_instance/rvx_core_address_gen_instance/N25
                                0.00           0.04          -0.04  (VIOLATED) 
     PIN : u_core/rvx_core_instance/rvx_core_address_gen_instance/C91/DATA1[25]
                                0.00           0.04          -0.04  (VIOLATED) 

   u_core/rvx_core_instance/rvx_core_address_gen_instance/N77
                                0.00           0.04          -0.04  (VIOLATED) 
     PIN : u_core/rvx_core_instance/rvx_core_address_gen_instance/C91/DATA2[7]
                                0.00           0.04          -0.04  (VIOLATED) 

   u_core/rvx_core_instance/rvx_core_address_gen_instance/N73
                                0.00           0.04          -0.04  (VIOLATED) 
     PIN : u_core/rvx_core_instance/rvx_core_address_gen_instance/C91/DATA2[3]
                                0.00           0.04          -0.04  (VIOLATED) 

   u_core/rvx_core_instance/rvx_core_address_gen_instance/N71
                                0.00           0.04          -0.04  (VIOLATED) 
     PIN : u_core/rvx_core_instance/rvx_core_address_gen_instance/C91/DATA2[1]
                                0.00           0.04          -0.04  (VIOLATED) 

   u_core/rvx_core_instance/rvx_core_address_gen_instance/N79
                                0.00           0.04          -0.04  (VIOLATED) 
     PIN : u_core/rvx_core_instance/rvx_core_address_gen_instance/C91/DATA2[9]
                                0.00           0.04          -0.04  (VIOLATED) 

   u_core/rvx_core_instance/rvx_core_address_gen_instance/N81
                                0.00           0.04          -0.04  (VIOLATED) 
     PIN : u_core/rvx_core_instance/rvx_core_address_gen_instance/C91/DATA2[11]
                                0.00           0.04          -0.04  (VIOLATED) 

   u_core/rvx_core_instance/rvx_core_address_gen_instance/N83
                                0.00           0.04          -0.04  (VIOLATED) 
     PIN : u_core/rvx_core_instance/rvx_core_address_gen_instance/C91/DATA2[13]
                                0.00           0.04          -0.04  (VIOLATED) 

   u_core/rvx_core_instance/rvx_core_address_gen_instance/N85
                                0.00           0.04          -0.04  (VIOLATED) 
     PIN : u_core/rvx_core_instance/rvx_core_address_gen_instance/C91/DATA2[15]
                                0.00           0.04          -0.04  (VIOLATED) 

   u_core/rvx_core_instance/rvx_core_address_gen_instance/N87
                                0.00           0.04          -0.04  (VIOLATED) 
     PIN : u_core/rvx_core_instance/rvx_core_address_gen_instance/C91/DATA2[17]
                                0.00           0.04          -0.04  (VIOLATED) 

   u_core/rvx_core_instance/rvx_core_csr_file_instance/N641
                                0.00           0.04          -0.04  (VIOLATED) 
     PIN : u_core/rvx_core_instance/rvx_core_csr_file_instance/C2331/DATA1[3]
                                0.00           0.04          -0.04  (VIOLATED) 

   u_core/rvx_core_instance/rvx_core_address_gen_instance/N89
                                0.00           0.04          -0.04  (VIOLATED) 
     PIN : u_core/rvx_core_instance/rvx_core_address_gen_instance/C91/DATA2[19]
                                0.00           0.04          -0.04  (VIOLATED) 

   u_core/rvx_core_instance/rvx_core_csr_file_instance/N643
                                0.00           0.04          -0.04  (VIOLATED) 
     PIN : u_core/rvx_core_instance/rvx_core_csr_file_instance/C2331/DATA1[5]
                                0.00           0.04          -0.04  (VIOLATED) 

   u_core/rvx_core_instance/rvx_core_address_gen_instance/N91
                                0.00           0.04          -0.04  (VIOLATED) 
     PIN : u_core/rvx_core_instance/rvx_core_address_gen_instance/C91/DATA2[21]
                                0.00           0.04          -0.04  (VIOLATED) 

   u_core/rvx_core_instance/rvx_core_address_gen_instance/N93
                                0.00           0.04          -0.04  (VIOLATED) 
     PIN : u_core/rvx_core_instance/rvx_core_address_gen_instance/C91/DATA2[23]
                                0.00           0.04          -0.04  (VIOLATED) 

   u_core/rvx_core_instance/rvx_core_address_gen_instance/N95
                                0.00           0.04          -0.04  (VIOLATED) 
     PIN : u_core/rvx_core_instance/rvx_core_address_gen_instance/C91/DATA2[25]
                                0.00           0.04          -0.04  (VIOLATED) 

   u_core/rvx_core_instance/rvx_core_address_gen_instance/N97
                                0.00           0.04          -0.04  (VIOLATED) 
     PIN : u_core/rvx_core_instance/rvx_core_address_gen_instance/C91/DATA2[27]
                                0.00           0.04          -0.04  (VIOLATED) 

   u_core/rvx_core_instance/rvx_core_address_gen_instance/N101
                                0.00           0.04          -0.04  (VIOLATED) 
     PIN : u_core/rvx_core_instance/rvx_core_address_gen_instance/C91/DATA2[31]
                                0.00           0.04          -0.04  (VIOLATED) 

   u_core/rvx_core_instance/rvx_core_alu_instance/N68
                                0.00           0.04          -0.04  (VIOLATED) 
     PIN : u_core/rvx_core_instance/rvx_core_alu_instance/C306/DATA1[19]
                                0.00           0.04          -0.04  (VIOLATED) 

   u_core/rvx_core_instance/rvx_core_alu_instance/N66
                                0.00           0.04          -0.04  (VIOLATED) 
     PIN : u_core/rvx_core_instance/rvx_core_alu_instance/C306/DATA1[17]
                                0.00           0.04          -0.04  (VIOLATED) 

   u_core/rvx_core_instance/rvx_core_address_gen_instance/N27
                                0.00           0.04          -0.04  (VIOLATED) 
     PIN : u_core/rvx_core_instance/rvx_core_address_gen_instance/C91/DATA1[27]
                                0.00           0.04          -0.04  (VIOLATED) 

   u_core/rvx_core_instance/rvx_core_alu_instance/N64
                                0.00           0.04          -0.04  (VIOLATED) 
     PIN : u_core/rvx_core_instance/rvx_core_alu_instance/C306/DATA1[15]
                                0.00           0.04          -0.04  (VIOLATED) 

   u_core/rvx_core_instance/rvx_core_address_gen_instance/N29
                                0.00           0.04          -0.04  (VIOLATED) 
     PIN : u_core/rvx_core_instance/rvx_core_address_gen_instance/C91/DATA1[29]
                                0.00           0.04          -0.04  (VIOLATED) 

   u_core/rvx_core_instance/rvx_core_alu_instance/N62
                                0.00           0.04          -0.04  (VIOLATED) 
     PIN : u_core/rvx_core_instance/rvx_core_alu_instance/C306/DATA1[13]
                                0.00           0.04          -0.04  (VIOLATED) 

   u_core/rvx_core_instance/rvx_core_address_gen_instance/N31
                                0.00           0.04          -0.04  (VIOLATED) 
     PIN : u_core/rvx_core_instance/rvx_core_address_gen_instance/C91/DATA1[31]
                                0.00           0.04          -0.04  (VIOLATED) 

   u_core/rvx_core_instance/rvx_core_alu_instance/N58
                                0.00           0.04          -0.04  (VIOLATED) 
     PIN : u_core/rvx_core_instance/rvx_core_alu_instance/C306/DATA1[9]
                                0.00           0.04          -0.04  (VIOLATED) 

   u_core/rvx_core_instance/rvx_core_alu_instance/N56
                                0.00           0.04          -0.04  (VIOLATED) 
     PIN : u_core/rvx_core_instance/rvx_core_alu_instance/C306/DATA1[7]
                                0.00           0.04          -0.04  (VIOLATED) 

   u_core/rvx_core_instance/rvx_core_alu_instance/N54
                                0.00           0.04          -0.04  (VIOLATED) 
     PIN : u_core/rvx_core_instance/rvx_core_alu_instance/C306/DATA1[5]
                                0.00           0.04          -0.04  (VIOLATED) 

   u_core/rvx_core_instance/rvx_core_alu_instance/N60
                                0.00           0.04          -0.04  (VIOLATED) 
     PIN : u_core/rvx_core_instance/rvx_core_alu_instance/C306/DATA1[11]
                                0.00           0.04          -0.04  (VIOLATED) 

   u_core/rvx_core_instance/rvx_core_alu_instance/N52
                                0.00           0.04          -0.04  (VIOLATED) 
     PIN : u_core/rvx_core_instance/rvx_core_alu_instance/C306/DATA1[3]
                                0.00           0.04          -0.04  (VIOLATED) 

   u_core/rvx_core_instance/rvx_core_alu_instance/N50
                                0.00           0.04          -0.04  (VIOLATED) 
     PIN : u_core/rvx_core_instance/rvx_core_alu_instance/C306/DATA1[1]
                                0.00           0.04          -0.04  (VIOLATED) 

   u_core/rvx_core_instance/rvx_core_address_gen_instance/N99
                                0.00           0.04          -0.04  (VIOLATED) 
     PIN : u_core/rvx_core_instance/rvx_core_address_gen_instance/C91/DATA2[29]
                                0.00           0.04          -0.04  (VIOLATED) 

   u_core/rvx_core_instance/gen_rvx_core_mdu.rvx_core_mdu_instance/result_ss[34]
                                0.00           0.04          -0.04  (VIOLATED) 
     PIN : u_core/rvx_core_instance/gen_rvx_core_mdu.rvx_core_mdu_instance/C91/DATA2[2]
                                0.00           0.04          -0.04  (VIOLATED) 

   u_core/rvx_core_instance/gen_rvx_core_mdu.rvx_core_mdu_instance/result_ss[32]
                                0.00           0.04          -0.04  (VIOLATED) 
     PIN : u_core/rvx_core_instance/gen_rvx_core_mdu.rvx_core_mdu_instance/C91/DATA2[0]
                                0.00           0.04          -0.04  (VIOLATED) 

   u_core/rvx_core_instance/gen_rvx_core_mdu.rvx_core_mdu_instance/result_ss[30]
                                0.00           0.04          -0.04  (VIOLATED) 
     PIN : u_core/rvx_core_instance/gen_rvx_core_mdu.rvx_core_mdu_instance/C92/DATA2[30]
                                0.00           0.04          -0.04  (VIOLATED) 
     PIN : u_core/rvx_core_instance/gen_rvx_core_mdu.rvx_core_mdu_instance/C91/DATA1[30]
                                0.00           0.04          -0.04  (VIOLATED) 

   u_core/rvx_core_instance/gen_rvx_core_mdu.rvx_core_mdu_instance/result_ss[28]
                                0.00           0.04          -0.04  (VIOLATED) 
     PIN : u_core/rvx_core_instance/gen_rvx_core_mdu.rvx_core_mdu_instance/C92/DATA2[28]
                                0.00           0.04          -0.04  (VIOLATED) 
     PIN : u_core/rvx_core_instance/gen_rvx_core_mdu.rvx_core_mdu_instance/C91/DATA1[28]
                                0.00           0.04          -0.04  (VIOLATED) 

   u_core/rvx_core_instance/gen_rvx_core_mdu.rvx_core_mdu_instance/result_ss[26]
                                0.00           0.04          -0.04  (VIOLATED) 
     PIN : u_core/rvx_core_instance/gen_rvx_core_mdu.rvx_core_mdu_instance/C92/DATA2[26]
                                0.00           0.04          -0.04  (VIOLATED) 
     PIN : u_core/rvx_core_instance/gen_rvx_core_mdu.rvx_core_mdu_instance/C91/DATA1[26]
                                0.00           0.04          -0.04  (VIOLATED) 

   u_core/rvx_core_instance/gen_rvx_core_mdu.rvx_core_mdu_instance/result_ss[22]
                                0.00           0.04          -0.04  (VIOLATED) 
     PIN : u_core/rvx_core_instance/gen_rvx_core_mdu.rvx_core_mdu_instance/C92/DATA2[22]
                                0.00           0.04          -0.04  (VIOLATED) 
     PIN : u_core/rvx_core_instance/gen_rvx_core_mdu.rvx_core_mdu_instance/C91/DATA1[22]
                                0.00           0.04          -0.04  (VIOLATED) 

   u_core/rvx_core_instance/gen_rvx_core_mdu.rvx_core_mdu_instance/result_ss[20]
                                0.00           0.04          -0.04  (VIOLATED) 
     PIN : u_core/rvx_core_instance/gen_rvx_core_mdu.rvx_core_mdu_instance/C92/DATA2[20]
                                0.00           0.04          -0.04  (VIOLATED) 
     PIN : u_core/rvx_core_instance/gen_rvx_core_mdu.rvx_core_mdu_instance/C91/DATA1[20]
                                0.00           0.04          -0.04  (VIOLATED) 

   u_core/rvx_core_instance/gen_rvx_core_mdu.rvx_core_mdu_instance/result_ss[18]
                                0.00           0.04          -0.04  (VIOLATED) 
     PIN : u_core/rvx_core_instance/gen_rvx_core_mdu.rvx_core_mdu_instance/C92/DATA2[18]
                                0.00           0.04          -0.04  (VIOLATED) 
     PIN : u_core/rvx_core_instance/gen_rvx_core_mdu.rvx_core_mdu_instance/C91/DATA1[18]
                                0.00           0.04          -0.04  (VIOLATED) 

   u_core/rvx_core_instance/gen_rvx_core_mdu.rvx_core_mdu_instance/result_ss[16]
                                0.00           0.04          -0.04  (VIOLATED) 
     PIN : u_core/rvx_core_instance/gen_rvx_core_mdu.rvx_core_mdu_instance/C92/DATA2[16]
                                0.00           0.04          -0.04  (VIOLATED) 
     PIN : u_core/rvx_core_instance/gen_rvx_core_mdu.rvx_core_mdu_instance/C91/DATA1[16]
                                0.00           0.04          -0.04  (VIOLATED) 

   u_core/rvx_core_instance/gen_rvx_core_mdu.rvx_core_mdu_instance/result_ss[14]
                                0.00           0.04          -0.04  (VIOLATED) 
     PIN : u_core/rvx_core_instance/gen_rvx_core_mdu.rvx_core_mdu_instance/C92/DATA2[14]
                                0.00           0.04          -0.04  (VIOLATED) 
     PIN : u_core/rvx_core_instance/gen_rvx_core_mdu.rvx_core_mdu_instance/C91/DATA1[14]
                                0.00           0.04          -0.04  (VIOLATED) 

   u_core/rvx_core_instance/gen_rvx_core_mdu.rvx_core_mdu_instance/result_ss[12]
                                0.00           0.04          -0.04  (VIOLATED) 
     PIN : u_core/rvx_core_instance/gen_rvx_core_mdu.rvx_core_mdu_instance/C92/DATA2[12]
                                0.00           0.04          -0.04  (VIOLATED) 
     PIN : u_core/rvx_core_instance/gen_rvx_core_mdu.rvx_core_mdu_instance/C91/DATA1[12]
                                0.00           0.04          -0.04  (VIOLATED) 

   u_core/rvx_core_instance/gen_rvx_core_mdu.rvx_core_mdu_instance/result_ss[10]
                                0.00           0.04          -0.04  (VIOLATED) 
     PIN : u_core/rvx_core_instance/gen_rvx_core_mdu.rvx_core_mdu_instance/C92/DATA2[10]
                                0.00           0.04          -0.04  (VIOLATED) 
     PIN : u_core/rvx_core_instance/gen_rvx_core_mdu.rvx_core_mdu_instance/C91/DATA1[10]
                                0.00           0.04          -0.04  (VIOLATED) 

   u_core/rvx_core_instance/gen_rvx_core_mdu.rvx_core_mdu_instance/result_ss[8]
                                0.00           0.04          -0.04  (VIOLATED) 
     PIN : u_core/rvx_core_instance/gen_rvx_core_mdu.rvx_core_mdu_instance/C92/DATA2[8]
                                0.00           0.04          -0.04  (VIOLATED) 
     PIN : u_core/rvx_core_instance/gen_rvx_core_mdu.rvx_core_mdu_instance/C91/DATA1[8]
                                0.00           0.04          -0.04  (VIOLATED) 

   u_core/rvx_core_instance/gen_rvx_core_mdu.rvx_core_mdu_instance/result_ss[24]
                                0.00           0.04          -0.04  (VIOLATED) 
     PIN : u_core/rvx_core_instance/gen_rvx_core_mdu.rvx_core_mdu_instance/C92/DATA2[24]
                                0.00           0.04          -0.04  (VIOLATED) 
     PIN : u_core/rvx_core_instance/gen_rvx_core_mdu.rvx_core_mdu_instance/C91/DATA1[24]
                                0.00           0.04          -0.04  (VIOLATED) 

   u_core/rvx_core_instance/gen_rvx_core_mdu.rvx_core_mdu_instance/result_ss[6]
                                0.00           0.04          -0.04  (VIOLATED) 
     PIN : u_core/rvx_core_instance/gen_rvx_core_mdu.rvx_core_mdu_instance/C92/DATA2[6]
                                0.00           0.04          -0.04  (VIOLATED) 
     PIN : u_core/rvx_core_instance/gen_rvx_core_mdu.rvx_core_mdu_instance/C91/DATA1[6]
                                0.00           0.04          -0.04  (VIOLATED) 

   u_core/rvx_core_instance/gen_rvx_core_mdu.rvx_core_mdu_instance/result_su[37]
                                0.00           0.04          -0.04  (VIOLATED) 
     PIN : u_core/rvx_core_instance/gen_rvx_core_mdu.rvx_core_mdu_instance/C91/DATA3[5]
                                0.00           0.04          -0.04  (VIOLATED) 

   u_core/rvx_core_instance/gen_rvx_core_mdu.rvx_core_mdu_instance/result_uu[49]
                                0.00           0.04          -0.04  (VIOLATED) 
     PIN : u_core/rvx_core_instance/gen_rvx_core_mdu.rvx_core_mdu_instance/C91/DATA4[17]
                                0.00           0.04          -0.04  (VIOLATED) 

   u_core/rvx_core_instance/gen_rvx_core_mdu.rvx_core_mdu_instance/result_uu[51]
                                0.00           0.04          -0.04  (VIOLATED) 
     PIN : u_core/rvx_core_instance/gen_rvx_core_mdu.rvx_core_mdu_instance/C91/DATA4[19]
                                0.00           0.04          -0.04  (VIOLATED) 

   u_core/rvx_core_instance/gen_rvx_core_mdu.rvx_core_mdu_instance/result_uu[45]
                                0.00           0.04          -0.04  (VIOLATED) 
     PIN : u_core/rvx_core_instance/gen_rvx_core_mdu.rvx_core_mdu_instance/C91/DATA4[13]
                                0.00           0.04          -0.04  (VIOLATED) 

   u_core/rvx_core_instance/gen_rvx_core_mdu.rvx_core_mdu_instance/result_uu[43]
                                0.00           0.04          -0.04  (VIOLATED) 
     PIN : u_core/rvx_core_instance/gen_rvx_core_mdu.rvx_core_mdu_instance/C91/DATA4[11]
                                0.00           0.04          -0.04  (VIOLATED) 

   u_core/rvx_core_instance/gen_rvx_core_mdu.rvx_core_mdu_instance/result_uu[55]
                                0.00           0.04          -0.04  (VIOLATED) 
     PIN : u_core/rvx_core_instance/gen_rvx_core_mdu.rvx_core_mdu_instance/C91/DATA4[23]
                                0.00           0.04          -0.04  (VIOLATED) 

   u_core/rvx_core_instance/gen_rvx_core_mdu.rvx_core_mdu_instance/result_uu[57]
                                0.00           0.04          -0.04  (VIOLATED) 
     PIN : u_core/rvx_core_instance/gen_rvx_core_mdu.rvx_core_mdu_instance/C91/DATA4[25]
                                0.00           0.04          -0.04  (VIOLATED) 

   u_core/rvx_core_instance/gen_rvx_core_mdu.rvx_core_mdu_instance/result_uu[39]
                                0.00           0.04          -0.04  (VIOLATED) 
     PIN : u_core/rvx_core_instance/gen_rvx_core_mdu.rvx_core_mdu_instance/C91/DATA4[7]
                                0.00           0.04          -0.04  (VIOLATED) 

   u_core/rvx_core_instance/gen_rvx_core_mdu.rvx_core_mdu_instance/result_uu[61]
                                0.00           0.04          -0.04  (VIOLATED) 
     PIN : u_core/rvx_core_instance/gen_rvx_core_mdu.rvx_core_mdu_instance/C91/DATA4[29]
                                0.00           0.04          -0.04  (VIOLATED) 

   u_core/rvx_core_instance/gen_rvx_core_mdu.rvx_core_mdu_instance/result_uu[37]
                                0.00           0.04          -0.04  (VIOLATED) 
     PIN : u_core/rvx_core_instance/gen_rvx_core_mdu.rvx_core_mdu_instance/C91/DATA4[5]
                                0.00           0.04          -0.04  (VIOLATED) 

   u_core/rvx_core_instance/gen_rvx_core_mdu.rvx_core_mdu_instance/result_su[63]
                                0.00           0.04          -0.04  (VIOLATED) 
     PIN : u_core/rvx_core_instance/gen_rvx_core_mdu.rvx_core_mdu_instance/C91/DATA3[31]
                                0.00           0.04          -0.04  (VIOLATED) 

   u_core/rvx_core_instance/gen_rvx_core_mdu.rvx_core_mdu_instance/result_su[61]
                                0.00           0.04          -0.04  (VIOLATED) 
     PIN : u_core/rvx_core_instance/gen_rvx_core_mdu.rvx_core_mdu_instance/C91/DATA3[29]
                                0.00           0.04          -0.04  (VIOLATED) 

   u_core/rvx_core_instance/gen_rvx_core_mdu.rvx_core_mdu_instance/result_su[33]
                                0.00           0.04          -0.04  (VIOLATED) 
     PIN : u_core/rvx_core_instance/gen_rvx_core_mdu.rvx_core_mdu_instance/C91/DATA3[1]
                                0.00           0.04          -0.04  (VIOLATED) 

   u_core/rvx_core_instance/gen_rvx_core_mdu.rvx_core_mdu_instance/result_uu[33]
                                0.00           0.04          -0.04  (VIOLATED) 
     PIN : u_core/rvx_core_instance/gen_rvx_core_mdu.rvx_core_mdu_instance/C91/DATA4[1]
                                0.00           0.04          -0.04  (VIOLATED) 

   u_core/rvx_core_instance/gen_rvx_core_mdu.rvx_core_mdu_instance/result_ss[60]
                                0.00           0.04          -0.04  (VIOLATED) 
     PIN : u_core/rvx_core_instance/gen_rvx_core_mdu.rvx_core_mdu_instance/C91/DATA2[28]
                                0.00           0.04          -0.04  (VIOLATED) 

   u_core/rvx_core_instance/gen_rvx_core_mdu.rvx_core_mdu_instance/result_ss[62]
                                0.00           0.04          -0.04  (VIOLATED) 
     PIN : u_core/rvx_core_instance/gen_rvx_core_mdu.rvx_core_mdu_instance/C91/DATA2[30]
                                0.00           0.04          -0.04  (VIOLATED) 

   u_core/rvx_core_instance/gen_rvx_core_mdu.rvx_core_mdu_instance/result_su[49]
                                0.00           0.04          -0.04  (VIOLATED) 
     PIN : u_core/rvx_core_instance/gen_rvx_core_mdu.rvx_core_mdu_instance/C91/DATA3[17]
                                0.00           0.04          -0.04  (VIOLATED) 

   u_core/rvx_core_instance/gen_rvx_core_mdu.rvx_core_mdu_instance/result_ss[42]
                                0.00           0.04          -0.04  (VIOLATED) 
     PIN : u_core/rvx_core_instance/gen_rvx_core_mdu.rvx_core_mdu_instance/C91/DATA2[10]
                                0.00           0.04          -0.04  (VIOLATED) 

   u_core/rvx_core_instance/gen_rvx_core_mdu.rvx_core_mdu_instance/result_su[55]
                                0.00           0.04          -0.04  (VIOLATED) 
     PIN : u_core/rvx_core_instance/gen_rvx_core_mdu.rvx_core_mdu_instance/C91/DATA3[23]
                                0.00           0.04          -0.04  (VIOLATED) 

   u_core/rvx_core_instance/gen_rvx_core_mdu.rvx_core_mdu_instance/result_su[43]
                                0.00           0.04          -0.04  (VIOLATED) 
     PIN : u_core/rvx_core_instance/gen_rvx_core_mdu.rvx_core_mdu_instance/C91/DATA3[11]
                                0.00           0.04          -0.04  (VIOLATED) 

   u_core/rvx_core_instance/gen_rvx_core_mdu.rvx_core_mdu_instance/result_ss[54]
                                0.00           0.04          -0.04  (VIOLATED) 
     PIN : u_core/rvx_core_instance/gen_rvx_core_mdu.rvx_core_mdu_instance/C91/DATA2[22]
                                0.00           0.04          -0.04  (VIOLATED) 

   u_core/rvx_core_instance/gen_rvx_core_mdu.rvx_core_mdu_instance/result_ss[36]
                                0.00           0.04          -0.04  (VIOLATED) 
     PIN : u_core/rvx_core_instance/gen_rvx_core_mdu.rvx_core_mdu_instance/C91/DATA2[4]
                                0.00           0.04          -0.04  (VIOLATED) 

   u_core/rvx_core_instance/gen_rvx_core_mdu.rvx_core_mdu_instance/result_ss[48]
                                0.00           0.04          -0.04  (VIOLATED) 
     PIN : u_core/rvx_core_instance/gen_rvx_core_mdu.rvx_core_mdu_instance/C91/DATA2[16]
                                0.00           0.04          -0.04  (VIOLATED) 

   u_core/rvx_core_instance/gen_rvx_core_mdu.rvx_core_mdu_instance/result_su[51]
                                0.00           0.04          -0.04  (VIOLATED) 
     PIN : u_core/rvx_core_instance/gen_rvx_core_mdu.rvx_core_mdu_instance/C91/DATA3[19]
                                0.00           0.04          -0.04  (VIOLATED) 

   u_core/rvx_core_instance/gen_rvx_core_mdu.rvx_core_mdu_instance/result_uu[53]
                                0.00           0.04          -0.04  (VIOLATED) 
     PIN : u_core/rvx_core_instance/gen_rvx_core_mdu.rvx_core_mdu_instance/C91/DATA4[21]
                                0.00           0.04          -0.04  (VIOLATED) 

   u_core/rvx_core_instance/gen_rvx_core_mdu.rvx_core_mdu_instance/result_su[53]
                                0.00           0.04          -0.04  (VIOLATED) 
     PIN : u_core/rvx_core_instance/gen_rvx_core_mdu.rvx_core_mdu_instance/C91/DATA3[21]
                                0.00           0.04          -0.04  (VIOLATED) 

   u_core/rvx_core_instance/gen_rvx_core_mdu.rvx_core_mdu_instance/result_uu[59]
                                0.00           0.04          -0.04  (VIOLATED) 
     PIN : u_core/rvx_core_instance/gen_rvx_core_mdu.rvx_core_mdu_instance/C91/DATA4[27]
                                0.00           0.04          -0.04  (VIOLATED) 

   u_core/rvx_core_instance/gen_rvx_core_mdu.rvx_core_mdu_instance/result_su[47]
                                0.00           0.04          -0.04  (VIOLATED) 
     PIN : u_core/rvx_core_instance/gen_rvx_core_mdu.rvx_core_mdu_instance/C91/DATA3[15]
                                0.00           0.04          -0.04  (VIOLATED) 

   u_core/rvx_core_instance/gen_rvx_core_mdu.rvx_core_mdu_instance/result_su[45]
                                0.00           0.04          -0.04  (VIOLATED) 
     PIN : u_core/rvx_core_instance/gen_rvx_core_mdu.rvx_core_mdu_instance/C91/DATA3[13]
                                0.00           0.04          -0.04  (VIOLATED) 

   u_core/rvx_core_instance/gen_rvx_core_mdu.rvx_core_mdu_instance/result_su[59]
                                0.00           0.04          -0.04  (VIOLATED) 
     PIN : u_core/rvx_core_instance/gen_rvx_core_mdu.rvx_core_mdu_instance/C91/DATA3[27]
                                0.00           0.04          -0.04  (VIOLATED) 

   u_core/rvx_core_instance/gen_rvx_core_mdu.rvx_core_mdu_instance/result_su[57]
                                0.00           0.04          -0.04  (VIOLATED) 
     PIN : u_core/rvx_core_instance/gen_rvx_core_mdu.rvx_core_mdu_instance/C91/DATA3[25]
                                0.00           0.04          -0.04  (VIOLATED) 

   u_core/rvx_core_instance/gen_rvx_core_mdu.rvx_core_mdu_instance/result_su[41]
                                0.00           0.04          -0.04  (VIOLATED) 
     PIN : u_core/rvx_core_instance/gen_rvx_core_mdu.rvx_core_mdu_instance/C91/DATA3[9]
                                0.00           0.04          -0.04  (VIOLATED) 

   u_core/rvx_core_instance/gen_rvx_core_mdu.rvx_core_mdu_instance/result_su[35]
                                0.00           0.04          -0.04  (VIOLATED) 
     PIN : u_core/rvx_core_instance/gen_rvx_core_mdu.rvx_core_mdu_instance/C91/DATA3[3]
                                0.00           0.04          -0.04  (VIOLATED) 

   u_core/rvx_core_instance/gen_rvx_core_mdu.rvx_core_mdu_instance/result_uu[47]
                                0.00           0.04          -0.04  (VIOLATED) 
     PIN : u_core/rvx_core_instance/gen_rvx_core_mdu.rvx_core_mdu_instance/C91/DATA4[15]
                                0.00           0.04          -0.04  (VIOLATED) 

   u_core/rvx_core_instance/gen_rvx_core_mdu.rvx_core_mdu_instance/result_su[39]
                                0.00           0.04          -0.04  (VIOLATED) 
     PIN : u_core/rvx_core_instance/gen_rvx_core_mdu.rvx_core_mdu_instance/C91/DATA3[7]
                                0.00           0.04          -0.04  (VIOLATED) 

   u_core/rvx_core_instance/gen_rvx_core_mdu.rvx_core_mdu_instance/result_ss[38]
                                0.00           0.04          -0.04  (VIOLATED) 
     PIN : u_core/rvx_core_instance/gen_rvx_core_mdu.rvx_core_mdu_instance/C91/DATA2[6]
                                0.00           0.04          -0.04  (VIOLATED) 

   u_core/rvx_core_instance/gen_rvx_core_mdu.rvx_core_mdu_instance/result_ss[4]
                                0.00           0.04          -0.04  (VIOLATED) 
     PIN : u_core/rvx_core_instance/gen_rvx_core_mdu.rvx_core_mdu_instance/C92/DATA2[4]
                                0.00           0.04          -0.04  (VIOLATED) 
     PIN : u_core/rvx_core_instance/gen_rvx_core_mdu.rvx_core_mdu_instance/C91/DATA1[4]
                                0.00           0.04          -0.04  (VIOLATED) 

   u_core/rvx_core_instance/gen_rvx_core_mdu.rvx_core_mdu_instance/result_ss[58]
                                0.00           0.04          -0.04  (VIOLATED) 
     PIN : u_core/rvx_core_instance/gen_rvx_core_mdu.rvx_core_mdu_instance/C91/DATA2[26]
                                0.00           0.04          -0.04  (VIOLATED) 

   u_core/rvx_core_instance/gen_rvx_core_mdu.rvx_core_mdu_instance/result_ss[56]
                                0.00           0.04          -0.04  (VIOLATED) 
     PIN : u_core/rvx_core_instance/gen_rvx_core_mdu.rvx_core_mdu_instance/C91/DATA2[24]
                                0.00           0.04          -0.04  (VIOLATED) 

   u_core/rvx_core_instance/gen_rvx_core_mdu.rvx_core_mdu_instance/result_uu[35]
                                0.00           0.04          -0.04  (VIOLATED) 
     PIN : u_core/rvx_core_instance/gen_rvx_core_mdu.rvx_core_mdu_instance/C91/DATA4[3]
                                0.00           0.04          -0.04  (VIOLATED) 

   u_core/rvx_core_instance/gen_rvx_core_mdu.rvx_core_mdu_instance/result_ss[52]
                                0.00           0.04          -0.04  (VIOLATED) 
     PIN : u_core/rvx_core_instance/gen_rvx_core_mdu.rvx_core_mdu_instance/C91/DATA2[20]
                                0.00           0.04          -0.04  (VIOLATED) 

   u_core/rvx_core_instance/gen_rvx_core_mdu.rvx_core_mdu_instance/result_ss[50]
                                0.00           0.04          -0.04  (VIOLATED) 
     PIN : u_core/rvx_core_instance/gen_rvx_core_mdu.rvx_core_mdu_instance/C91/DATA2[18]
                                0.00           0.04          -0.04  (VIOLATED) 

   u_core/rvx_core_instance/gen_rvx_core_mdu.rvx_core_mdu_instance/result_ss[46]
                                0.00           0.04          -0.04  (VIOLATED) 
     PIN : u_core/rvx_core_instance/gen_rvx_core_mdu.rvx_core_mdu_instance/C91/DATA2[14]
                                0.00           0.04          -0.04  (VIOLATED) 

   u_core/rvx_core_instance/gen_rvx_core_mdu.rvx_core_mdu_instance/result_ss[44]
                                0.00           0.04          -0.04  (VIOLATED) 
     PIN : u_core/rvx_core_instance/gen_rvx_core_mdu.rvx_core_mdu_instance/C91/DATA2[12]
                                0.00           0.04          -0.04  (VIOLATED) 

   u_core/rvx_core_instance/gen_rvx_core_mdu.rvx_core_mdu_instance/result_ss[40]
                                0.00           0.04          -0.04  (VIOLATED) 
     PIN : u_core/rvx_core_instance/gen_rvx_core_mdu.rvx_core_mdu_instance/C91/DATA2[8]
                                0.00           0.04          -0.04  (VIOLATED) 

   u_core/rvx_core_instance/gen_rvx_core_mdu.rvx_core_mdu_instance/result_uu[41]
                                0.00           0.04          -0.04  (VIOLATED) 
     PIN : u_core/rvx_core_instance/gen_rvx_core_mdu.rvx_core_mdu_instance/C91/DATA4[9]
                                0.00           0.04          -0.04  (VIOLATED) 

   u_core/rvx_core_instance/rvx_core_alu_instance/alu_minus_2nd_operand_s2[0]
                                0.00           0.04          -0.04  (VIOLATED) 
     PIN : u_core/rvx_core_instance/rvx_core_alu_instance/C303/DATA1[0]
                                0.00           0.04          -0.04  (VIOLATED) 

   u_core/rvx_core_instance/rvx_core_csr_file_instance/N793
                                0.00           0.04          -0.04  (VIOLATED) 
     PIN : u_core/rvx_core_instance/rvx_core_csr_file_instance/C2356/DATA3[59]
                                0.00           0.04          -0.04  (VIOLATED) 

   u_core/rvx_core_instance/rvx_core_csr_file_instance/N791
                                0.00           0.04          -0.04  (VIOLATED) 
     PIN : u_core/rvx_core_instance/rvx_core_csr_file_instance/C2356/DATA3[57]
                                0.00           0.04          -0.04  (VIOLATED) 

   u_core/rvx_core_instance/rvx_core_csr_file_instance/N795
                                0.00           0.04          -0.04  (VIOLATED) 
     PIN : u_core/rvx_core_instance/rvx_core_csr_file_instance/C2356/DATA3[61]
                                0.00           0.04          -0.04  (VIOLATED) 

   u_core/rvx_core_instance/rvx_core_csr_file_instance/N725
                                0.00           0.04          -0.04  (VIOLATED) 
     PIN : u_core/rvx_core_instance/rvx_core_csr_file_instance/C2356/DATA2[55]
                                0.00           0.04          -0.04  (VIOLATED) 

   u_core/rvx_core_instance/rvx_core_csr_file_instance/N727
                                0.00           0.04          -0.04  (VIOLATED) 
     PIN : u_core/rvx_core_instance/rvx_core_csr_file_instance/C2356/DATA2[57]
                                0.00           0.04          -0.04  (VIOLATED) 

   u_core/rvx_core_instance/rvx_core_csr_file_instance/N807
                                0.00           0.04          -0.04  (VIOLATED) 
     PIN : u_core/rvx_core_instance/rvx_core_csr_file_instance/C2357/DATA1[9]
                                0.00           0.04          -0.04  (VIOLATED) 

   u_core/rvx_core_instance/rvx_core_csr_file_instance/N623
                                0.00           0.04          -0.04  (VIOLATED) 
     PIN : u_core/rvx_core_instance/rvx_core_csr_file_instance/C2359/DATA3[49]
                                0.00           0.04          -0.04  (VIOLATED) 

   u_core/rvx_core_instance/rvx_core_csr_file_instance/N729
                                0.00           0.04          -0.04  (VIOLATED) 
     PIN : u_core/rvx_core_instance/rvx_core_csr_file_instance/C2356/DATA2[59]
                                0.00           0.04          -0.04  (VIOLATED) 

   u_core/rvx_core_instance/rvx_core_csr_file_instance/N797
                                0.00           0.04          -0.04  (VIOLATED) 
     PIN : u_core/rvx_core_instance/rvx_core_csr_file_instance/C2356/DATA3[63]
                                0.00           0.04          -0.04  (VIOLATED) 

   u_core/rvx_core_instance/rvx_core_csr_file_instance/N731
                                0.00           0.04          -0.04  (VIOLATED) 
     PIN : u_core/rvx_core_instance/rvx_core_csr_file_instance/C2356/DATA2[61]
                                0.00           0.04          -0.04  (VIOLATED) 

   u_core/rvx_core_instance/rvx_core_csr_file_instance/N805
                                0.00           0.04          -0.04  (VIOLATED) 
     PIN : u_core/rvx_core_instance/rvx_core_csr_file_instance/C2357/DATA1[7]
                                0.00           0.04          -0.04  (VIOLATED) 

   u_core/rvx_core_instance/rvx_core_csr_file_instance/N741
                                0.00           0.04          -0.04  (VIOLATED) 
     PIN : u_core/rvx_core_instance/rvx_core_csr_file_instance/C2356/DATA3[7]
                                0.00           0.04          -0.04  (VIOLATED) 

   u_core/rvx_core_instance/rvx_core_csr_file_instance/N739
                                0.00           0.04          -0.04  (VIOLATED) 
     PIN : u_core/rvx_core_instance/rvx_core_csr_file_instance/C2356/DATA3[5]
                                0.00           0.04          -0.04  (VIOLATED) 

   u_core/rvx_core_instance/rvx_core_csr_file_instance/N799
                                0.00           0.04          -0.04  (VIOLATED) 
     PIN : u_core/rvx_core_instance/rvx_core_csr_file_instance/C2357/DATA1[1]
                                0.00           0.04          -0.04  (VIOLATED) 

   u_core/rvx_core_instance/rvx_core_csr_file_instance/N737
                                0.00           0.04          -0.04  (VIOLATED) 
     PIN : u_core/rvx_core_instance/rvx_core_csr_file_instance/C2356/DATA3[3]
                                0.00           0.04          -0.04  (VIOLATED) 

   u_core/rvx_core_instance/rvx_core_csr_file_instance/N733
                                0.00           0.04          -0.04  (VIOLATED) 
     PIN : u_core/rvx_core_instance/rvx_core_csr_file_instance/C2356/DATA2[63]
                                0.00           0.04          -0.04  (VIOLATED) 

   u_core/rvx_core_instance/rvx_core_csr_file_instance/N803
                                0.00           0.04          -0.04  (VIOLATED) 
     PIN : u_core/rvx_core_instance/rvx_core_csr_file_instance/C2357/DATA1[5]
                                0.00           0.04          -0.04  (VIOLATED) 

   u_core/rvx_core_instance/rvx_core_csr_file_instance/N735
                                0.00           0.04          -0.04  (VIOLATED) 
     PIN : u_core/rvx_core_instance/rvx_core_csr_file_instance/C2356/DATA3[1]
                                0.00           0.04          -0.04  (VIOLATED) 

   u_core/rvx_core_instance/rvx_core_csr_file_instance/N801
                                0.00           0.04          -0.04  (VIOLATED) 
     PIN : u_core/rvx_core_instance/rvx_core_csr_file_instance/C2357/DATA1[3]
                                0.00           0.04          -0.04  (VIOLATED) 

   u_core/rvx_core_instance/rvx_core_csr_file_instance/N759
                                0.00           0.04          -0.04  (VIOLATED) 
     PIN : u_core/rvx_core_instance/rvx_core_csr_file_instance/C2356/DATA3[25]
                                0.00           0.04          -0.04  (VIOLATED) 

   u_core/rvx_core_instance/rvx_core_csr_file_instance/N723
                                0.00           0.04          -0.04  (VIOLATED) 
     PIN : u_core/rvx_core_instance/rvx_core_csr_file_instance/C2356/DATA2[53]
                                0.00           0.04          -0.04  (VIOLATED) 

   u_core/rvx_core_instance/rvx_core_csr_file_instance/N763
                                0.00           0.04          -0.04  (VIOLATED) 
     PIN : u_core/rvx_core_instance/rvx_core_csr_file_instance/C2356/DATA3[29]
                                0.00           0.04          -0.04  (VIOLATED) 

   u_core/rvx_core_instance/rvx_core_csr_file_instance/N765
                                0.00           0.04          -0.04  (VIOLATED) 
     PIN : u_core/rvx_core_instance/rvx_core_csr_file_instance/C2356/DATA3[31]
                                0.00           0.04          -0.04  (VIOLATED) 

   u_core/rvx_core_instance/rvx_core_csr_file_instance/N767
                                0.00           0.04          -0.04  (VIOLATED) 
     PIN : u_core/rvx_core_instance/rvx_core_csr_file_instance/C2356/DATA3[33]
                                0.00           0.04          -0.04  (VIOLATED) 

   u_core/rvx_core_instance/rvx_core_csr_file_instance/N769
                                0.00           0.04          -0.04  (VIOLATED) 
     PIN : u_core/rvx_core_instance/rvx_core_csr_file_instance/C2356/DATA3[35]
                                0.00           0.04          -0.04  (VIOLATED) 

   u_core/rvx_core_instance/rvx_core_csr_file_instance/N771
                                0.00           0.04          -0.04  (VIOLATED) 
     PIN : u_core/rvx_core_instance/rvx_core_csr_file_instance/C2356/DATA3[37]
                                0.00           0.04          -0.04  (VIOLATED) 

   u_core/rvx_core_instance/rvx_core_csr_file_instance/N773
                                0.00           0.04          -0.04  (VIOLATED) 
     PIN : u_core/rvx_core_instance/rvx_core_csr_file_instance/C2356/DATA3[39]
                                0.00           0.04          -0.04  (VIOLATED) 

   u_core/rvx_core_instance/rvx_core_csr_file_instance/N775
                                0.00           0.04          -0.04  (VIOLATED) 
     PIN : u_core/rvx_core_instance/rvx_core_csr_file_instance/C2356/DATA3[41]
                                0.00           0.04          -0.04  (VIOLATED) 

   u_core/rvx_core_instance/rvx_core_csr_file_instance/N777
                                0.00           0.04          -0.04  (VIOLATED) 
     PIN : u_core/rvx_core_instance/rvx_core_csr_file_instance/C2356/DATA3[43]
                                0.00           0.04          -0.04  (VIOLATED) 

   u_core/rvx_core_instance/rvx_core_csr_file_instance/N779
                                0.00           0.04          -0.04  (VIOLATED) 
     PIN : u_core/rvx_core_instance/rvx_core_csr_file_instance/C2356/DATA3[45]
                                0.00           0.04          -0.04  (VIOLATED) 

   u_core/rvx_core_instance/rvx_core_csr_file_instance/N781
                                0.00           0.04          -0.04  (VIOLATED) 
     PIN : u_core/rvx_core_instance/rvx_core_csr_file_instance/C2356/DATA3[47]
                                0.00           0.04          -0.04  (VIOLATED) 

   u_core/rvx_core_instance/rvx_core_csr_file_instance/N761
                                0.00           0.04          -0.04  (VIOLATED) 
     PIN : u_core/rvx_core_instance/rvx_core_csr_file_instance/C2356/DATA3[27]
                                0.00           0.04          -0.04  (VIOLATED) 

   u_core/rvx_core_instance/rvx_core_csr_file_instance/N789
                                0.00           0.04          -0.04  (VIOLATED) 
     PIN : u_core/rvx_core_instance/rvx_core_csr_file_instance/C2356/DATA3[55]
                                0.00           0.04          -0.04  (VIOLATED) 

   u_core/rvx_core_instance/rvx_core_csr_file_instance/N757
                                0.00           0.04          -0.04  (VIOLATED) 
     PIN : u_core/rvx_core_instance/rvx_core_csr_file_instance/C2356/DATA3[23]
                                0.00           0.04          -0.04  (VIOLATED) 

   u_core/rvx_core_instance/rvx_core_csr_file_instance/N755
                                0.00           0.04          -0.04  (VIOLATED) 
     PIN : u_core/rvx_core_instance/rvx_core_csr_file_instance/C2356/DATA3[21]
                                0.00           0.04          -0.04  (VIOLATED) 

   u_core/rvx_core_instance/rvx_core_csr_file_instance/N753
                                0.00           0.04          -0.04  (VIOLATED) 
     PIN : u_core/rvx_core_instance/rvx_core_csr_file_instance/C2356/DATA3[19]
                                0.00           0.04          -0.04  (VIOLATED) 

   u_core/rvx_core_instance/rvx_core_csr_file_instance/N751
                                0.00           0.04          -0.04  (VIOLATED) 
     PIN : u_core/rvx_core_instance/rvx_core_csr_file_instance/C2356/DATA3[17]
                                0.00           0.04          -0.04  (VIOLATED) 

   u_core/rvx_core_instance/rvx_core_csr_file_instance/N749
                                0.00           0.04          -0.04  (VIOLATED) 
     PIN : u_core/rvx_core_instance/rvx_core_csr_file_instance/C2356/DATA3[15]
                                0.00           0.04          -0.04  (VIOLATED) 

   u_core/rvx_core_instance/rvx_core_csr_file_instance/N747
                                0.00           0.04          -0.04  (VIOLATED) 
     PIN : u_core/rvx_core_instance/rvx_core_csr_file_instance/C2356/DATA3[13]
                                0.00           0.04          -0.04  (VIOLATED) 

   u_core/rvx_core_instance/rvx_core_csr_file_instance/N745
                                0.00           0.04          -0.04  (VIOLATED) 
     PIN : u_core/rvx_core_instance/rvx_core_csr_file_instance/C2356/DATA3[11]
                                0.00           0.04          -0.04  (VIOLATED) 

   u_core/rvx_core_instance/rvx_core_csr_file_instance/N743
                                0.00           0.04          -0.04  (VIOLATED) 
     PIN : u_core/rvx_core_instance/rvx_core_csr_file_instance/C2356/DATA3[9]
                                0.00           0.04          -0.04  (VIOLATED) 

   u_core/rvx_core_instance/rvx_core_csr_file_instance/N783
                                0.00           0.04          -0.04  (VIOLATED) 
     PIN : u_core/rvx_core_instance/rvx_core_csr_file_instance/C2356/DATA3[49]
                                0.00           0.04          -0.04  (VIOLATED) 

   u_core/rvx_core_instance/rvx_core_csr_file_instance/N785
                                0.00           0.04          -0.04  (VIOLATED) 
     PIN : u_core/rvx_core_instance/rvx_core_csr_file_instance/C2356/DATA3[51]
                                0.00           0.04          -0.04  (VIOLATED) 

   u_core/rvx_core_instance/rvx_core_csr_file_instance/N787
                                0.00           0.04          -0.04  (VIOLATED) 
     PIN : u_core/rvx_core_instance/rvx_core_csr_file_instance/C2356/DATA3[53]
                                0.00           0.04          -0.04  (VIOLATED) 

   u_core/rvx_core_instance/rvx_core_csr_file_instance/N897
                                0.00           0.04          -0.04  (VIOLATED) 
     PIN : u_core/rvx_core_instance/rvx_core_csr_file_instance/C2358/DATA1[35]
                                0.00           0.04          -0.04  (VIOLATED) 

   u_core/rvx_core_instance/rvx_core_csr_file_instance/N869
                                0.00           0.04          -0.04  (VIOLATED) 
     PIN : u_core/rvx_core_instance/rvx_core_csr_file_instance/C2358/DATA1[7]
                                0.00           0.04          -0.04  (VIOLATED) 

   u_core/rvx_core_instance/rvx_core_csr_file_instance/N871
                                0.00           0.04          -0.04  (VIOLATED) 
     PIN : u_core/rvx_core_instance/rvx_core_csr_file_instance/C2358/DATA1[9]
                                0.00           0.04          -0.04  (VIOLATED) 

   u_core/rvx_core_instance/rvx_core_csr_file_instance/N873
                                0.00           0.04          -0.04  (VIOLATED) 
     PIN : u_core/rvx_core_instance/rvx_core_csr_file_instance/C2358/DATA1[11]
                                0.00           0.04          -0.04  (VIOLATED) 

   u_core/rvx_core_instance/rvx_core_csr_file_instance/N875
                                0.00           0.04          -0.04  (VIOLATED) 
     PIN : u_core/rvx_core_instance/rvx_core_csr_file_instance/C2358/DATA1[13]
                                0.00           0.04          -0.04  (VIOLATED) 

   u_core/rvx_core_instance/rvx_core_csr_file_instance/N877
                                0.00           0.04          -0.04  (VIOLATED) 
     PIN : u_core/rvx_core_instance/rvx_core_csr_file_instance/C2358/DATA1[15]
                                0.00           0.04          -0.04  (VIOLATED) 

   u_core/rvx_core_instance/rvx_core_csr_file_instance/N879
                                0.00           0.04          -0.04  (VIOLATED) 
     PIN : u_core/rvx_core_instance/rvx_core_csr_file_instance/C2358/DATA1[17]
                                0.00           0.04          -0.04  (VIOLATED) 

   u_core/rvx_core_instance/rvx_core_csr_file_instance/N881
                                0.00           0.04          -0.04  (VIOLATED) 
     PIN : u_core/rvx_core_instance/rvx_core_csr_file_instance/C2358/DATA1[19]
                                0.00           0.04          -0.04  (VIOLATED) 

   u_core/rvx_core_instance/rvx_core_csr_file_instance/N883
                                0.00           0.04          -0.04  (VIOLATED) 
     PIN : u_core/rvx_core_instance/rvx_core_csr_file_instance/C2358/DATA1[21]
                                0.00           0.04          -0.04  (VIOLATED) 

   u_core/rvx_core_instance/rvx_core_csr_file_instance/N885
                                0.00           0.04          -0.04  (VIOLATED) 
     PIN : u_core/rvx_core_instance/rvx_core_csr_file_instance/C2358/DATA1[23]
                                0.00           0.04          -0.04  (VIOLATED) 

   u_core/rvx_core_instance/rvx_core_csr_file_instance/N887
                                0.00           0.04          -0.04  (VIOLATED) 
     PIN : u_core/rvx_core_instance/rvx_core_csr_file_instance/C2358/DATA1[25]
                                0.00           0.04          -0.04  (VIOLATED) 

   u_core/rvx_core_instance/rvx_core_csr_file_instance/N889
                                0.00           0.04          -0.04  (VIOLATED) 
     PIN : u_core/rvx_core_instance/rvx_core_csr_file_instance/C2358/DATA1[27]
                                0.00           0.04          -0.04  (VIOLATED) 

   u_core/rvx_core_instance/rvx_core_csr_file_instance/N891
                                0.00           0.04          -0.04  (VIOLATED) 
     PIN : u_core/rvx_core_instance/rvx_core_csr_file_instance/C2358/DATA1[29]
                                0.00           0.04          -0.04  (VIOLATED) 

   u_core/rvx_core_instance/rvx_core_csr_file_instance/N893
                                0.00           0.04          -0.04  (VIOLATED) 
     PIN : u_core/rvx_core_instance/rvx_core_csr_file_instance/C2358/DATA1[31]
                                0.00           0.04          -0.04  (VIOLATED) 

   u_core/rvx_core_instance/rvx_core_csr_file_instance/N895
                                0.00           0.04          -0.04  (VIOLATED) 
     PIN : u_core/rvx_core_instance/rvx_core_csr_file_instance/C2358/DATA1[33]
                                0.00           0.04          -0.04  (VIOLATED) 

   u_core/rvx_core_instance/rvx_core_csr_file_instance/N867
                                0.00           0.04          -0.04  (VIOLATED) 
     PIN : u_core/rvx_core_instance/rvx_core_csr_file_instance/C2358/DATA1[5]
                                0.00           0.04          -0.04  (VIOLATED) 

   u_core/rvx_core_instance/rvx_core_csr_file_instance/N899
                                0.00           0.04          -0.04  (VIOLATED) 
     PIN : u_core/rvx_core_instance/rvx_core_csr_file_instance/C2358/DATA1[37]
                                0.00           0.04          -0.04  (VIOLATED) 

   u_core/rvx_core_instance/rvx_core_csr_file_instance/N901
                                0.00           0.04          -0.04  (VIOLATED) 
     PIN : u_core/rvx_core_instance/rvx_core_csr_file_instance/C2358/DATA1[39]
                                0.00           0.04          -0.04  (VIOLATED) 

   u_core/rvx_core_instance/rvx_core_csr_file_instance/N903
                                0.00           0.04          -0.04  (VIOLATED) 
     PIN : u_core/rvx_core_instance/rvx_core_csr_file_instance/C2358/DATA1[41]
                                0.00           0.04          -0.04  (VIOLATED) 

   u_core/rvx_core_instance/rvx_core_csr_file_instance/N905
                                0.00           0.04          -0.04  (VIOLATED) 
     PIN : u_core/rvx_core_instance/rvx_core_csr_file_instance/C2358/DATA1[43]
                                0.00           0.04          -0.04  (VIOLATED) 

   u_core/rvx_core_instance/rvx_core_csr_file_instance/N907
                                0.00           0.04          -0.04  (VIOLATED) 
     PIN : u_core/rvx_core_instance/rvx_core_csr_file_instance/C2358/DATA1[45]
                                0.00           0.04          -0.04  (VIOLATED) 

   u_core/rvx_core_instance/rvx_core_csr_file_instance/N909
                                0.00           0.04          -0.04  (VIOLATED) 
     PIN : u_core/rvx_core_instance/rvx_core_csr_file_instance/C2358/DATA1[47]
                                0.00           0.04          -0.04  (VIOLATED) 

   u_core/rvx_core_instance/rvx_core_csr_file_instance/N911
                                0.00           0.04          -0.04  (VIOLATED) 
     PIN : u_core/rvx_core_instance/rvx_core_csr_file_instance/C2358/DATA1[49]
                                0.00           0.04          -0.04  (VIOLATED) 

   u_core/rvx_core_instance/rvx_core_csr_file_instance/N913
                                0.00           0.04          -0.04  (VIOLATED) 
     PIN : u_core/rvx_core_instance/rvx_core_csr_file_instance/C2358/DATA1[51]
                                0.00           0.04          -0.04  (VIOLATED) 

   u_core/rvx_core_instance/rvx_core_csr_file_instance/N915
                                0.00           0.04          -0.04  (VIOLATED) 
     PIN : u_core/rvx_core_instance/rvx_core_csr_file_instance/C2358/DATA1[53]
                                0.00           0.04          -0.04  (VIOLATED) 

   u_core/rvx_core_instance/rvx_core_csr_file_instance/N917
                                0.00           0.04          -0.04  (VIOLATED) 
     PIN : u_core/rvx_core_instance/rvx_core_csr_file_instance/C2358/DATA1[55]
                                0.00           0.04          -0.04  (VIOLATED) 

   u_core/rvx_core_instance/rvx_core_csr_file_instance/N919
                                0.00           0.04          -0.04  (VIOLATED) 
     PIN : u_core/rvx_core_instance/rvx_core_csr_file_instance/C2358/DATA1[57]
                                0.00           0.04          -0.04  (VIOLATED) 

   u_core/rvx_core_instance/rvx_core_csr_file_instance/N921
                                0.00           0.04          -0.04  (VIOLATED) 
     PIN : u_core/rvx_core_instance/rvx_core_csr_file_instance/C2358/DATA1[59]
                                0.00           0.04          -0.04  (VIOLATED) 

   u_core/rvx_core_instance/rvx_core_csr_file_instance/N923
                                0.00           0.04          -0.04  (VIOLATED) 
     PIN : u_core/rvx_core_instance/rvx_core_csr_file_instance/C2358/DATA1[61]
                                0.00           0.04          -0.04  (VIOLATED) 

   u_core/rvx_core_instance/rvx_core_csr_file_instance/N925
                                0.00           0.04          -0.04  (VIOLATED) 
     PIN : u_core/rvx_core_instance/rvx_core_csr_file_instance/C2358/DATA1[63]
                                0.00           0.04          -0.04  (VIOLATED) 

   u_core/rvx_core_instance/rvx_core_csr_file_instance/N839
                                0.00           0.04          -0.04  (VIOLATED) 
     PIN : u_core/rvx_core_instance/rvx_core_csr_file_instance/C2357/DATA1[41]
                                0.00           0.04          -0.04  (VIOLATED) 

   u_core/rvx_core_instance/rvx_core_csr_file_instance/N811
                                0.00           0.04          -0.04  (VIOLATED) 
     PIN : u_core/rvx_core_instance/rvx_core_csr_file_instance/C2357/DATA1[13]
                                0.00           0.04          -0.04  (VIOLATED) 

   u_core/rvx_core_instance/rvx_core_csr_file_instance/N813
                                0.00           0.04          -0.04  (VIOLATED) 
     PIN : u_core/rvx_core_instance/rvx_core_csr_file_instance/C2357/DATA1[15]
                                0.00           0.04          -0.04  (VIOLATED) 

   u_core/rvx_core_instance/rvx_core_csr_file_instance/N815
                                0.00           0.04          -0.04  (VIOLATED) 
     PIN : u_core/rvx_core_instance/rvx_core_csr_file_instance/C2357/DATA1[17]
                                0.00           0.04          -0.04  (VIOLATED) 

   u_core/rvx_core_instance/rvx_core_csr_file_instance/N817
                                0.00           0.04          -0.04  (VIOLATED) 
     PIN : u_core/rvx_core_instance/rvx_core_csr_file_instance/C2357/DATA1[19]
                                0.00           0.04          -0.04  (VIOLATED) 

   u_core/rvx_core_instance/rvx_core_csr_file_instance/N819
                                0.00           0.04          -0.04  (VIOLATED) 
     PIN : u_core/rvx_core_instance/rvx_core_csr_file_instance/C2357/DATA1[21]
                                0.00           0.04          -0.04  (VIOLATED) 

   u_core/rvx_core_instance/rvx_core_csr_file_instance/N821
                                0.00           0.04          -0.04  (VIOLATED) 
     PIN : u_core/rvx_core_instance/rvx_core_csr_file_instance/C2357/DATA1[23]
                                0.00           0.04          -0.04  (VIOLATED) 

   u_core/rvx_core_instance/rvx_core_csr_file_instance/N823
                                0.00           0.04          -0.04  (VIOLATED) 
     PIN : u_core/rvx_core_instance/rvx_core_csr_file_instance/C2357/DATA1[25]
                                0.00           0.04          -0.04  (VIOLATED) 

   u_core/rvx_core_instance/rvx_core_csr_file_instance/N825
                                0.00           0.04          -0.04  (VIOLATED) 
     PIN : u_core/rvx_core_instance/rvx_core_csr_file_instance/C2357/DATA1[27]
                                0.00           0.04          -0.04  (VIOLATED) 

   u_core/rvx_core_instance/rvx_core_csr_file_instance/N827
                                0.00           0.04          -0.04  (VIOLATED) 
     PIN : u_core/rvx_core_instance/rvx_core_csr_file_instance/C2357/DATA1[29]
                                0.00           0.04          -0.04  (VIOLATED) 

   u_core/rvx_core_instance/rvx_core_csr_file_instance/N829
                                0.00           0.04          -0.04  (VIOLATED) 
     PIN : u_core/rvx_core_instance/rvx_core_csr_file_instance/C2357/DATA1[31]
                                0.00           0.04          -0.04  (VIOLATED) 

   u_core/rvx_core_instance/rvx_core_csr_file_instance/N831
                                0.00           0.04          -0.04  (VIOLATED) 
     PIN : u_core/rvx_core_instance/rvx_core_csr_file_instance/C2357/DATA1[33]
                                0.00           0.04          -0.04  (VIOLATED) 

   u_core/rvx_core_instance/rvx_core_csr_file_instance/N833
                                0.00           0.04          -0.04  (VIOLATED) 
     PIN : u_core/rvx_core_instance/rvx_core_csr_file_instance/C2357/DATA1[35]
                                0.00           0.04          -0.04  (VIOLATED) 

   u_core/rvx_core_instance/rvx_core_csr_file_instance/N835
                                0.00           0.04          -0.04  (VIOLATED) 
     PIN : u_core/rvx_core_instance/rvx_core_csr_file_instance/C2357/DATA1[37]
                                0.00           0.04          -0.04  (VIOLATED) 

   u_core/rvx_core_instance/rvx_core_csr_file_instance/N837
                                0.00           0.04          -0.04  (VIOLATED) 
     PIN : u_core/rvx_core_instance/rvx_core_csr_file_instance/C2357/DATA1[39]
                                0.00           0.04          -0.04  (VIOLATED) 

   u_core/rvx_core_instance/rvx_core_csr_file_instance/N809
                                0.00           0.04          -0.04  (VIOLATED) 
     PIN : u_core/rvx_core_instance/rvx_core_csr_file_instance/C2357/DATA1[11]
                                0.00           0.04          -0.04  (VIOLATED) 

   u_core/rvx_core_instance/rvx_core_csr_file_instance/N841
                                0.00           0.04          -0.04  (VIOLATED) 
     PIN : u_core/rvx_core_instance/rvx_core_csr_file_instance/C2357/DATA1[43]
                                0.00           0.04          -0.04  (VIOLATED) 

   u_core/rvx_core_instance/rvx_core_csr_file_instance/N843
                                0.00           0.04          -0.04  (VIOLATED) 
     PIN : u_core/rvx_core_instance/rvx_core_csr_file_instance/C2357/DATA1[45]
                                0.00           0.04          -0.04  (VIOLATED) 

   u_core/rvx_core_instance/rvx_core_csr_file_instance/N845
                                0.00           0.04          -0.04  (VIOLATED) 
     PIN : u_core/rvx_core_instance/rvx_core_csr_file_instance/C2357/DATA1[47]
                                0.00           0.04          -0.04  (VIOLATED) 

   u_core/rvx_core_instance/rvx_core_csr_file_instance/N847
                                0.00           0.04          -0.04  (VIOLATED) 
     PIN : u_core/rvx_core_instance/rvx_core_csr_file_instance/C2357/DATA1[49]
                                0.00           0.04          -0.04  (VIOLATED) 

   u_core/rvx_core_instance/rvx_core_csr_file_instance/N849
                                0.00           0.04          -0.04  (VIOLATED) 
     PIN : u_core/rvx_core_instance/rvx_core_csr_file_instance/C2357/DATA1[51]
                                0.00           0.04          -0.04  (VIOLATED) 

   u_core/rvx_core_instance/rvx_core_csr_file_instance/N851
                                0.00           0.04          -0.04  (VIOLATED) 
     PIN : u_core/rvx_core_instance/rvx_core_csr_file_instance/C2357/DATA1[53]
                                0.00           0.04          -0.04  (VIOLATED) 

   u_core/rvx_core_instance/rvx_core_csr_file_instance/N853
                                0.00           0.04          -0.04  (VIOLATED) 
     PIN : u_core/rvx_core_instance/rvx_core_csr_file_instance/C2357/DATA1[55]
                                0.00           0.04          -0.04  (VIOLATED) 

   u_core/rvx_core_instance/rvx_core_csr_file_instance/N855
                                0.00           0.04          -0.04  (VIOLATED) 
     PIN : u_core/rvx_core_instance/rvx_core_csr_file_instance/C2357/DATA1[57]
                                0.00           0.04          -0.04  (VIOLATED) 

   u_core/rvx_core_instance/rvx_core_csr_file_instance/N857
                                0.00           0.04          -0.04  (VIOLATED) 
     PIN : u_core/rvx_core_instance/rvx_core_csr_file_instance/C2357/DATA1[59]
                                0.00           0.04          -0.04  (VIOLATED) 

   u_core/rvx_core_instance/rvx_core_csr_file_instance/N859
                                0.00           0.04          -0.04  (VIOLATED) 
     PIN : u_core/rvx_core_instance/rvx_core_csr_file_instance/C2357/DATA1[61]
                                0.00           0.04          -0.04  (VIOLATED) 

   u_core/rvx_core_instance/rvx_core_csr_file_instance/N861
                                0.00           0.04          -0.04  (VIOLATED) 
     PIN : u_core/rvx_core_instance/rvx_core_csr_file_instance/C2357/DATA1[63]
                                0.00           0.04          -0.04  (VIOLATED) 

   u_core/rvx_core_instance/rvx_core_csr_file_instance/N863
                                0.00           0.04          -0.04  (VIOLATED) 
     PIN : u_core/rvx_core_instance/rvx_core_csr_file_instance/C2358/DATA1[1]
                                0.00           0.04          -0.04  (VIOLATED) 

   u_core/rvx_core_instance/rvx_core_csr_file_instance/N865
                                0.00           0.04          -0.04  (VIOLATED) 
     PIN : u_core/rvx_core_instance/rvx_core_csr_file_instance/C2358/DATA1[3]
                                0.00           0.04          -0.04  (VIOLATED) 

   u_core/rvx_core_instance/rvx_core_csr_file_instance/N587
                                0.00           0.04          -0.04  (VIOLATED) 
     PIN : u_core/rvx_core_instance/rvx_core_csr_file_instance/C2359/DATA3[13]
                                0.00           0.04          -0.04  (VIOLATED) 

   u_core/rvx_core_instance/rvx_core_csr_file_instance/N565
                                0.00           0.04          -0.04  (VIOLATED) 
     PIN : u_core/rvx_core_instance/rvx_core_csr_file_instance/C2356/DATA4[55]
                                0.00           0.04          -0.04  (VIOLATED) 

   u_core/rvx_core_instance/rvx_core_csr_file_instance/N567
                                0.00           0.04          -0.04  (VIOLATED) 
     PIN : u_core/rvx_core_instance/rvx_core_csr_file_instance/C2356/DATA4[57]
                                0.00           0.04          -0.04  (VIOLATED) 

   u_core/rvx_core_instance/rvx_core_csr_file_instance/N569
                                0.00           0.04          -0.04  (VIOLATED) 
     PIN : u_core/rvx_core_instance/rvx_core_csr_file_instance/C2356/DATA4[59]
                                0.00           0.04          -0.04  (VIOLATED) 

   u_core/rvx_core_instance/rvx_core_csr_file_instance/N571
                                0.00           0.04          -0.04  (VIOLATED) 
     PIN : u_core/rvx_core_instance/rvx_core_csr_file_instance/C2356/DATA4[61]
                                0.00           0.04          -0.04  (VIOLATED) 

   u_core/rvx_core_instance/rvx_core_alu_instance/N49
                                0.00           0.04          -0.04  (VIOLATED) 
     PIN : u_core/rvx_core_instance/rvx_core_alu_instance/C306/DATA1[0]
                                0.00           0.04          -0.04  (VIOLATED) 

   u_core/rvx_core_instance/rvx_core_csr_file_instance/N573
                                0.00           0.04          -0.04  (VIOLATED) 
     PIN : u_core/rvx_core_instance/rvx_core_csr_file_instance/C2356/DATA4[63]
                                0.00           0.04          -0.04  (VIOLATED) 

   u_core/rvx_core_instance/rvx_core_csr_file_instance/N575
                                0.00           0.04          -0.04  (VIOLATED) 
     PIN : u_core/rvx_core_instance/rvx_core_csr_file_instance/C2359/DATA3[1]
                                0.00           0.04          -0.04  (VIOLATED) 

   u_core/rvx_core_instance/rvx_core_csr_file_instance/N577
                                0.00           0.04          -0.04  (VIOLATED) 
     PIN : u_core/rvx_core_instance/rvx_core_csr_file_instance/C2359/DATA3[3]
                                0.00           0.04          -0.04  (VIOLATED) 

   u_core/rvx_core_instance/rvx_core_csr_file_instance/N579
                                0.00           0.04          -0.04  (VIOLATED) 
     PIN : u_core/rvx_core_instance/rvx_core_csr_file_instance/C2359/DATA3[5]
                                0.00           0.04          -0.04  (VIOLATED) 

   u_core/rvx_core_instance/rvx_core_csr_file_instance/N581
                                0.00           0.04          -0.04  (VIOLATED) 
     PIN : u_core/rvx_core_instance/rvx_core_csr_file_instance/C2359/DATA3[7]
                                0.00           0.04          -0.04  (VIOLATED) 

   u_core/rvx_core_instance/rvx_core_csr_file_instance/N583
                                0.00           0.04          -0.04  (VIOLATED) 
     PIN : u_core/rvx_core_instance/rvx_core_csr_file_instance/C2359/DATA3[9]
                                0.00           0.04          -0.04  (VIOLATED) 

   u_core/rvx_core_instance/rvx_core_csr_file_instance/N585
                                0.00           0.04          -0.04  (VIOLATED) 
     PIN : u_core/rvx_core_instance/rvx_core_csr_file_instance/C2359/DATA3[11]
                                0.00           0.04          -0.04  (VIOLATED) 

   u_core/rvx_core_instance/rvx_core_csr_file_instance/N563
                                0.00           0.04          -0.04  (VIOLATED) 
     PIN : u_core/rvx_core_instance/rvx_core_csr_file_instance/C2356/DATA4[53]
                                0.00           0.04          -0.04  (VIOLATED) 

   u_core/rvx_core_instance/rvx_core_csr_file_instance/N589
                                0.00           0.04          -0.04  (VIOLATED) 
     PIN : u_core/rvx_core_instance/rvx_core_csr_file_instance/C2359/DATA3[15]
                                0.00           0.04          -0.04  (VIOLATED) 

   u_core/rvx_core_instance/rvx_core_csr_file_instance/N591
                                0.00           0.04          -0.04  (VIOLATED) 
     PIN : u_core/rvx_core_instance/rvx_core_csr_file_instance/C2359/DATA3[17]
                                0.00           0.04          -0.04  (VIOLATED) 

   u_core/rvx_core_instance/rvx_core_csr_file_instance/N593
                                0.00           0.04          -0.04  (VIOLATED) 
     PIN : u_core/rvx_core_instance/rvx_core_csr_file_instance/C2359/DATA3[19]
                                0.00           0.04          -0.04  (VIOLATED) 

   u_core/rvx_core_instance/rvx_core_csr_file_instance/N595
                                0.00           0.04          -0.04  (VIOLATED) 
     PIN : u_core/rvx_core_instance/rvx_core_csr_file_instance/C2359/DATA3[21]
                                0.00           0.04          -0.04  (VIOLATED) 

   u_core/rvx_core_instance/rvx_core_csr_file_instance/N597
                                0.00           0.04          -0.04  (VIOLATED) 
     PIN : u_core/rvx_core_instance/rvx_core_csr_file_instance/C2359/DATA3[23]
                                0.00           0.04          -0.04  (VIOLATED) 

   u_core/rvx_core_instance/rvx_core_csr_file_instance/N599
                                0.00           0.04          -0.04  (VIOLATED) 
     PIN : u_core/rvx_core_instance/rvx_core_csr_file_instance/C2359/DATA3[25]
                                0.00           0.04          -0.04  (VIOLATED) 

   u_core/rvx_core_instance/rvx_core_csr_file_instance/N601
                                0.00           0.04          -0.04  (VIOLATED) 
     PIN : u_core/rvx_core_instance/rvx_core_csr_file_instance/C2359/DATA3[27]
                                0.00           0.04          -0.04  (VIOLATED) 

   u_core/rvx_core_instance/rvx_core_csr_file_instance/N603
                                0.00           0.04          -0.04  (VIOLATED) 
     PIN : u_core/rvx_core_instance/rvx_core_csr_file_instance/C2359/DATA3[29]
                                0.00           0.04          -0.04  (VIOLATED) 

   u_core/rvx_core_instance/rvx_core_csr_file_instance/N605
                                0.00           0.04          -0.04  (VIOLATED) 
     PIN : u_core/rvx_core_instance/rvx_core_csr_file_instance/C2359/DATA3[31]
                                0.00           0.04          -0.04  (VIOLATED) 

   u_core/rvx_core_instance/rvx_core_csr_file_instance/N607
                                0.00           0.04          -0.04  (VIOLATED) 
     PIN : u_core/rvx_core_instance/rvx_core_csr_file_instance/C2359/DATA3[33]
                                0.00           0.04          -0.04  (VIOLATED) 

   u_core/rvx_core_instance/rvx_core_csr_file_instance/N609
                                0.00           0.04          -0.04  (VIOLATED) 
     PIN : u_core/rvx_core_instance/rvx_core_csr_file_instance/C2359/DATA3[35]
                                0.00           0.04          -0.04  (VIOLATED) 

   u_core/rvx_core_instance/rvx_core_csr_file_instance/N611
                                0.00           0.04          -0.04  (VIOLATED) 
     PIN : u_core/rvx_core_instance/rvx_core_csr_file_instance/C2359/DATA3[37]
                                0.00           0.04          -0.04  (VIOLATED) 

   u_core/rvx_core_instance/rvx_core_csr_file_instance/N537
                                0.00           0.04          -0.04  (VIOLATED) 
     PIN : u_core/rvx_core_instance/rvx_core_csr_file_instance/C2356/DATA4[27]
                                0.00           0.04          -0.04  (VIOLATED) 

   u_core/rvx_core_instance/rvx_core_csr_file_instance/N529
                                0.00           0.04          -0.04  (VIOLATED) 
     PIN : u_core/rvx_core_instance/rvx_core_csr_file_instance/C2356/DATA4[19]
                                0.00           0.04          -0.04  (VIOLATED) 

   u_core/rvx_core_instance/rvx_core_csr_file_instance/N527
                                0.00           0.04          -0.04  (VIOLATED) 
     PIN : u_core/rvx_core_instance/rvx_core_csr_file_instance/C2356/DATA4[17]
                                0.00           0.04          -0.04  (VIOLATED) 

   u_core/rvx_core_instance/rvx_core_csr_file_instance/N525
                                0.00           0.04          -0.04  (VIOLATED) 
     PIN : u_core/rvx_core_instance/rvx_core_csr_file_instance/C2356/DATA4[15]
                                0.00           0.04          -0.04  (VIOLATED) 

   u_core/rvx_core_instance/rvx_core_csr_file_instance/N523
                                0.00           0.04          -0.04  (VIOLATED) 
     PIN : u_core/rvx_core_instance/rvx_core_csr_file_instance/C2356/DATA4[13]
                                0.00           0.04          -0.04  (VIOLATED) 

   u_core/rvx_core_instance/rvx_core_csr_file_instance/N521
                                0.00           0.04          -0.04  (VIOLATED) 
     PIN : u_core/rvx_core_instance/rvx_core_csr_file_instance/C2356/DATA4[11]
                                0.00           0.04          -0.04  (VIOLATED) 

   u_core/rvx_core_instance/rvx_core_csr_file_instance/N519
                                0.00           0.04          -0.04  (VIOLATED) 
     PIN : u_core/rvx_core_instance/rvx_core_csr_file_instance/C2356/DATA4[9]
                                0.00           0.04          -0.04  (VIOLATED) 

   u_core/rvx_core_instance/rvx_core_csr_file_instance/N517
                                0.00           0.04          -0.04  (VIOLATED) 
     PIN : u_core/rvx_core_instance/rvx_core_csr_file_instance/C2356/DATA4[7]
                                0.00           0.04          -0.04  (VIOLATED) 

   u_core/rvx_core_instance/rvx_core_csr_file_instance/N515
                                0.00           0.04          -0.04  (VIOLATED) 
     PIN : u_core/rvx_core_instance/rvx_core_csr_file_instance/C2356/DATA4[5]
                                0.00           0.04          -0.04  (VIOLATED) 

   u_core/rvx_core_instance/rvx_core_csr_file_instance/N513
                                0.00           0.04          -0.04  (VIOLATED) 
     PIN : u_core/rvx_core_instance/rvx_core_csr_file_instance/C2356/DATA4[3]
                                0.00           0.04          -0.04  (VIOLATED) 

   u_core/rvx_core_instance/rvx_core_csr_file_instance/N511
                                0.00           0.04          -0.04  (VIOLATED) 
     PIN : u_core/rvx_core_instance/rvx_core_csr_file_instance/C2356/DATA4[1]
                                0.00           0.04          -0.04  (VIOLATED) 

   u_core/rvx_core_instance/rvx_core_csr_file_instance/N533
                                0.00           0.04          -0.04  (VIOLATED) 
     PIN : u_core/rvx_core_instance/rvx_core_csr_file_instance/C2356/DATA4[23]
                                0.00           0.04          -0.04  (VIOLATED) 

   u_core/rvx_core_instance/rvx_core_csr_file_instance/N535
                                0.00           0.04          -0.04  (VIOLATED) 
     PIN : u_core/rvx_core_instance/rvx_core_csr_file_instance/C2356/DATA4[25]
                                0.00           0.04          -0.04  (VIOLATED) 

   u_core/rvx_core_instance/rvx_core_csr_file_instance/N613
                                0.00           0.04          -0.04  (VIOLATED) 
     PIN : u_core/rvx_core_instance/rvx_core_csr_file_instance/C2359/DATA3[39]
                                0.00           0.04          -0.04  (VIOLATED) 

   u_core/rvx_core_instance/rvx_core_csr_file_instance/N539
                                0.00           0.04          -0.04  (VIOLATED) 
     PIN : u_core/rvx_core_instance/rvx_core_csr_file_instance/C2356/DATA4[29]
                                0.00           0.04          -0.04  (VIOLATED) 

   u_core/rvx_core_instance/rvx_core_csr_file_instance/N541
                                0.00           0.04          -0.04  (VIOLATED) 
     PIN : u_core/rvx_core_instance/rvx_core_csr_file_instance/C2356/DATA4[31]
                                0.00           0.04          -0.04  (VIOLATED) 

   u_core/rvx_core_instance/rvx_core_csr_file_instance/N543
                                0.00           0.04          -0.04  (VIOLATED) 
     PIN : u_core/rvx_core_instance/rvx_core_csr_file_instance/C2356/DATA4[33]
                                0.00           0.04          -0.04  (VIOLATED) 

   u_core/rvx_core_instance/rvx_core_csr_file_instance/N545
                                0.00           0.04          -0.04  (VIOLATED) 
     PIN : u_core/rvx_core_instance/rvx_core_csr_file_instance/C2356/DATA4[35]
                                0.00           0.04          -0.04  (VIOLATED) 

   u_core/rvx_core_instance/rvx_core_csr_file_instance/N547
                                0.00           0.04          -0.04  (VIOLATED) 
     PIN : u_core/rvx_core_instance/rvx_core_csr_file_instance/C2356/DATA4[37]
                                0.00           0.04          -0.04  (VIOLATED) 

   u_core/rvx_core_instance/rvx_core_csr_file_instance/N549
                                0.00           0.04          -0.04  (VIOLATED) 
     PIN : u_core/rvx_core_instance/rvx_core_csr_file_instance/C2356/DATA4[39]
                                0.00           0.04          -0.04  (VIOLATED) 

   u_core/rvx_core_instance/rvx_core_csr_file_instance/N551
                                0.00           0.04          -0.04  (VIOLATED) 
     PIN : u_core/rvx_core_instance/rvx_core_csr_file_instance/C2356/DATA4[41]
                                0.00           0.04          -0.04  (VIOLATED) 

   u_core/rvx_core_instance/rvx_core_csr_file_instance/N553
                                0.00           0.04          -0.04  (VIOLATED) 
     PIN : u_core/rvx_core_instance/rvx_core_csr_file_instance/C2356/DATA4[43]
                                0.00           0.04          -0.04  (VIOLATED) 

   u_core/rvx_core_instance/rvx_core_csr_file_instance/N555
                                0.00           0.04          -0.04  (VIOLATED) 
     PIN : u_core/rvx_core_instance/rvx_core_csr_file_instance/C2356/DATA4[45]
                                0.00           0.04          -0.04  (VIOLATED) 

   u_core/rvx_core_instance/rvx_core_csr_file_instance/N557
                                0.00           0.04          -0.04  (VIOLATED) 
     PIN : u_core/rvx_core_instance/rvx_core_csr_file_instance/C2356/DATA4[47]
                                0.00           0.04          -0.04  (VIOLATED) 

   u_core/rvx_core_instance/rvx_core_csr_file_instance/N559
                                0.00           0.04          -0.04  (VIOLATED) 
     PIN : u_core/rvx_core_instance/rvx_core_csr_file_instance/C2356/DATA4[49]
                                0.00           0.04          -0.04  (VIOLATED) 

   u_core/rvx_core_instance/rvx_core_csr_file_instance/N561
                                0.00           0.04          -0.04  (VIOLATED) 
     PIN : u_core/rvx_core_instance/rvx_core_csr_file_instance/C2356/DATA4[51]
                                0.00           0.04          -0.04  (VIOLATED) 

   u_core/rvx_core_instance/rvx_core_csr_file_instance/N695
                                0.00           0.04          -0.04  (VIOLATED) 
     PIN : u_core/rvx_core_instance/rvx_core_csr_file_instance/C2356/DATA2[25]
                                0.00           0.04          -0.04  (VIOLATED) 

   u_core/rvx_core_instance/rvx_core_csr_file_instance/N671
                                0.00           0.04          -0.04  (VIOLATED) 
     PIN : u_core/rvx_core_instance/rvx_core_csr_file_instance/C2356/DATA2[1]
                                0.00           0.04          -0.04  (VIOLATED) 

   u_core/rvx_core_instance/rvx_core_csr_file_instance/N673
                                0.00           0.04          -0.04  (VIOLATED) 
     PIN : u_core/rvx_core_instance/rvx_core_csr_file_instance/C2356/DATA2[3]
                                0.00           0.04          -0.04  (VIOLATED) 

   u_core/rvx_core_instance/rvx_core_csr_file_instance/N675
                                0.00           0.04          -0.04  (VIOLATED) 
     PIN : u_core/rvx_core_instance/rvx_core_csr_file_instance/C2356/DATA2[5]
                                0.00           0.04          -0.04  (VIOLATED) 

   u_core/rvx_core_instance/rvx_core_csr_file_instance/N677
                                0.00           0.04          -0.04  (VIOLATED) 
     PIN : u_core/rvx_core_instance/rvx_core_csr_file_instance/C2356/DATA2[7]
                                0.00           0.04          -0.04  (VIOLATED) 

   u_core/rvx_core_instance/rvx_core_csr_file_instance/N679
                                0.00           0.04          -0.04  (VIOLATED) 
     PIN : u_core/rvx_core_instance/rvx_core_csr_file_instance/C2356/DATA2[9]
                                0.00           0.04          -0.04  (VIOLATED) 

   u_core/rvx_core_instance/rvx_core_csr_file_instance/N681
                                0.00           0.04          -0.04  (VIOLATED) 
     PIN : u_core/rvx_core_instance/rvx_core_csr_file_instance/C2356/DATA2[11]
                                0.00           0.04          -0.04  (VIOLATED) 

   u_core/rvx_core_instance/rvx_core_csr_file_instance/N683
                                0.00           0.04          -0.04  (VIOLATED) 
     PIN : u_core/rvx_core_instance/rvx_core_csr_file_instance/C2356/DATA2[13]
                                0.00           0.04          -0.04  (VIOLATED) 

   u_core/rvx_core_instance/rvx_core_csr_file_instance/N685
                                0.00           0.04          -0.04  (VIOLATED) 
     PIN : u_core/rvx_core_instance/rvx_core_csr_file_instance/C2356/DATA2[15]
                                0.00           0.04          -0.04  (VIOLATED) 

   u_core/rvx_core_instance/rvx_core_csr_file_instance/N687
                                0.00           0.04          -0.04  (VIOLATED) 
     PIN : u_core/rvx_core_instance/rvx_core_csr_file_instance/C2356/DATA2[17]
                                0.00           0.04          -0.04  (VIOLATED) 

   u_core/rvx_core_instance/rvx_core_csr_file_instance/N689
                                0.00           0.04          -0.04  (VIOLATED) 
     PIN : u_core/rvx_core_instance/rvx_core_csr_file_instance/C2356/DATA2[19]
                                0.00           0.04          -0.04  (VIOLATED) 

   u_core/rvx_core_instance/rvx_core_csr_file_instance/N691
                                0.00           0.04          -0.04  (VIOLATED) 
     PIN : u_core/rvx_core_instance/rvx_core_csr_file_instance/C2356/DATA2[21]
                                0.00           0.04          -0.04  (VIOLATED) 

   u_core/rvx_core_instance/rvx_core_csr_file_instance/N693
                                0.00           0.04          -0.04  (VIOLATED) 
     PIN : u_core/rvx_core_instance/rvx_core_csr_file_instance/C2356/DATA2[23]
                                0.00           0.04          -0.04  (VIOLATED) 

   u_core/rvx_core_instance/rvx_core_csr_file_instance/N669
                                0.00           0.04          -0.04  (VIOLATED) 
     PIN : u_core/rvx_core_instance/rvx_core_csr_file_instance/C2331/DATA1[31]
                                0.00           0.04          -0.04  (VIOLATED) 

   u_core/rvx_core_instance/rvx_core_csr_file_instance/N697
                                0.00           0.04          -0.04  (VIOLATED) 
     PIN : u_core/rvx_core_instance/rvx_core_csr_file_instance/C2356/DATA2[27]
                                0.00           0.04          -0.04  (VIOLATED) 

   u_core/rvx_core_instance/rvx_core_csr_file_instance/N699
                                0.00           0.04          -0.04  (VIOLATED) 
     PIN : u_core/rvx_core_instance/rvx_core_csr_file_instance/C2356/DATA2[29]
                                0.00           0.04          -0.04  (VIOLATED) 

   u_core/rvx_core_instance/rvx_core_csr_file_instance/N701
                                0.00           0.04          -0.04  (VIOLATED) 
     PIN : u_core/rvx_core_instance/rvx_core_csr_file_instance/C2356/DATA2[31]
                                0.00           0.04          -0.04  (VIOLATED) 

   u_core/rvx_core_instance/rvx_core_csr_file_instance/N703
                                0.00           0.04          -0.04  (VIOLATED) 
     PIN : u_core/rvx_core_instance/rvx_core_csr_file_instance/C2356/DATA2[33]
                                0.00           0.04          -0.04  (VIOLATED) 

   u_core/rvx_core_instance/rvx_core_csr_file_instance/N705
                                0.00           0.04          -0.04  (VIOLATED) 
     PIN : u_core/rvx_core_instance/rvx_core_csr_file_instance/C2356/DATA2[35]
                                0.00           0.04          -0.04  (VIOLATED) 

   u_core/rvx_core_instance/rvx_core_csr_file_instance/N707
                                0.00           0.04          -0.04  (VIOLATED) 
     PIN : u_core/rvx_core_instance/rvx_core_csr_file_instance/C2356/DATA2[37]
                                0.00           0.04          -0.04  (VIOLATED) 

   u_core/rvx_core_instance/rvx_core_csr_file_instance/N709
                                0.00           0.04          -0.04  (VIOLATED) 
     PIN : u_core/rvx_core_instance/rvx_core_csr_file_instance/C2356/DATA2[39]
                                0.00           0.04          -0.04  (VIOLATED) 

   u_core/rvx_core_instance/rvx_core_csr_file_instance/N711
                                0.00           0.04          -0.04  (VIOLATED) 
     PIN : u_core/rvx_core_instance/rvx_core_csr_file_instance/C2356/DATA2[41]
                                0.00           0.04          -0.04  (VIOLATED) 

   u_core/rvx_core_instance/rvx_core_csr_file_instance/N713
                                0.00           0.04          -0.04  (VIOLATED) 
     PIN : u_core/rvx_core_instance/rvx_core_csr_file_instance/C2356/DATA2[43]
                                0.00           0.04          -0.04  (VIOLATED) 

   u_core/rvx_core_instance/rvx_core_csr_file_instance/N715
                                0.00           0.04          -0.04  (VIOLATED) 
     PIN : u_core/rvx_core_instance/rvx_core_csr_file_instance/C2356/DATA2[45]
                                0.00           0.04          -0.04  (VIOLATED) 

   u_core/rvx_core_instance/rvx_core_csr_file_instance/N717
                                0.00           0.04          -0.04  (VIOLATED) 
     PIN : u_core/rvx_core_instance/rvx_core_csr_file_instance/C2356/DATA2[47]
                                0.00           0.04          -0.04  (VIOLATED) 

   u_core/rvx_core_instance/rvx_core_csr_file_instance/N719
                                0.00           0.04          -0.04  (VIOLATED) 
     PIN : u_core/rvx_core_instance/rvx_core_csr_file_instance/C2356/DATA2[49]
                                0.00           0.04          -0.04  (VIOLATED) 

   u_core/rvx_core_instance/rvx_core_csr_file_instance/N645
                                0.00           0.04          -0.04  (VIOLATED) 
     PIN : u_core/rvx_core_instance/rvx_core_csr_file_instance/C2331/DATA1[7]
                                0.00           0.04          -0.04  (VIOLATED) 

   u_core/rvx_core_instance/rvx_core_csr_file_instance/N615
                                0.00           0.04          -0.04  (VIOLATED) 
     PIN : u_core/rvx_core_instance/rvx_core_csr_file_instance/C2359/DATA3[41]
                                0.00           0.04          -0.04  (VIOLATED) 

   u_core/rvx_core_instance/rvx_core_csr_file_instance/N617
                                0.00           0.04          -0.04  (VIOLATED) 
     PIN : u_core/rvx_core_instance/rvx_core_csr_file_instance/C2359/DATA3[43]
                                0.00           0.04          -0.04  (VIOLATED) 

   u_core/rvx_core_instance/rvx_core_csr_file_instance/N619
                                0.00           0.04          -0.04  (VIOLATED) 
     PIN : u_core/rvx_core_instance/rvx_core_csr_file_instance/C2359/DATA3[45]
                                0.00           0.04          -0.04  (VIOLATED) 

   u_core/rvx_core_instance/rvx_core_csr_file_instance/N621
                                0.00           0.04          -0.04  (VIOLATED) 
     PIN : u_core/rvx_core_instance/rvx_core_csr_file_instance/C2359/DATA3[47]
                                0.00           0.04          -0.04  (VIOLATED) 

   u_core/rvx_core_instance/rvx_core_csr_file_instance/N531
                                0.00           0.04          -0.04  (VIOLATED) 
     PIN : u_core/rvx_core_instance/rvx_core_csr_file_instance/C2356/DATA4[21]
                                0.00           0.04          -0.04  (VIOLATED) 

   u_core/rvx_core_instance/rvx_core_csr_file_instance/N625
                                0.00           0.04          -0.04  (VIOLATED) 
     PIN : u_core/rvx_core_instance/rvx_core_csr_file_instance/C2359/DATA3[51]
                                0.00           0.04          -0.04  (VIOLATED) 

   u_core/rvx_core_instance/rvx_core_csr_file_instance/N627
                                0.00           0.04          -0.04  (VIOLATED) 
     PIN : u_core/rvx_core_instance/rvx_core_csr_file_instance/C2359/DATA3[53]
                                0.00           0.04          -0.04  (VIOLATED) 

   u_core/rvx_core_instance/rvx_core_csr_file_instance/N629
                                0.00           0.04          -0.04  (VIOLATED) 
     PIN : u_core/rvx_core_instance/rvx_core_csr_file_instance/C2359/DATA3[55]
                                0.00           0.04          -0.04  (VIOLATED) 

   u_core/rvx_core_instance/rvx_core_csr_file_instance/N631
                                0.00           0.04          -0.04  (VIOLATED) 
     PIN : u_core/rvx_core_instance/rvx_core_csr_file_instance/C2359/DATA3[57]
                                0.00           0.04          -0.04  (VIOLATED) 

   u_core/rvx_core_instance/rvx_core_csr_file_instance/N633
                                0.00           0.04          -0.04  (VIOLATED) 
     PIN : u_core/rvx_core_instance/rvx_core_csr_file_instance/C2359/DATA3[59]
                                0.00           0.04          -0.04  (VIOLATED) 

   u_core/rvx_core_instance/rvx_core_csr_file_instance/N635
                                0.00           0.04          -0.04  (VIOLATED) 
     PIN : u_core/rvx_core_instance/rvx_core_csr_file_instance/C2359/DATA3[61]
                                0.00           0.04          -0.04  (VIOLATED) 

   u_core/rvx_core_instance/rvx_core_csr_file_instance/N637
                                0.00           0.04          -0.04  (VIOLATED) 
     PIN : u_core/rvx_core_instance/rvx_core_csr_file_instance/C2359/DATA3[63]
                                0.00           0.04          -0.04  (VIOLATED) 

   u_core/rvx_core_instance/rvx_core_csr_file_instance/N721
                                0.00           0.04          -0.04  (VIOLATED) 
     PIN : u_core/rvx_core_instance/rvx_core_csr_file_instance/C2356/DATA2[51]
                                0.00           0.04          -0.04  (VIOLATED) 

   u_core/rvx_core_instance/rvx_core_csr_file_instance/N647
                                0.00           0.04          -0.04  (VIOLATED) 
     PIN : u_core/rvx_core_instance/rvx_core_csr_file_instance/C2331/DATA1[9]
                                0.00           0.04          -0.04  (VIOLATED) 

   u_core/rvx_core_instance/rvx_core_csr_file_instance/N649
                                0.00           0.04          -0.04  (VIOLATED) 
     PIN : u_core/rvx_core_instance/rvx_core_csr_file_instance/C2331/DATA1[11]
                                0.00           0.04          -0.04  (VIOLATED) 

   u_core/rvx_core_instance/rvx_core_csr_file_instance/N651
                                0.00           0.04          -0.04  (VIOLATED) 
     PIN : u_core/rvx_core_instance/rvx_core_csr_file_instance/C2331/DATA1[13]
                                0.00           0.04          -0.04  (VIOLATED) 

   u_core/rvx_core_instance/rvx_core_csr_file_instance/N653
                                0.00           0.04          -0.04  (VIOLATED) 
     PIN : u_core/rvx_core_instance/rvx_core_csr_file_instance/C2331/DATA1[15]
                                0.00           0.04          -0.04  (VIOLATED) 

   u_core/rvx_core_instance/rvx_core_csr_file_instance/N655
                                0.00           0.04          -0.04  (VIOLATED) 
     PIN : u_core/rvx_core_instance/rvx_core_csr_file_instance/C2331/DATA1[17]
                                0.00           0.04          -0.04  (VIOLATED) 

   u_core/rvx_core_instance/rvx_core_csr_file_instance/N657
                                0.00           0.04          -0.04  (VIOLATED) 
     PIN : u_core/rvx_core_instance/rvx_core_csr_file_instance/C2331/DATA1[19]
                                0.00           0.04          -0.04  (VIOLATED) 

   u_core/rvx_core_instance/rvx_core_csr_file_instance/N659
                                0.00           0.04          -0.04  (VIOLATED) 
     PIN : u_core/rvx_core_instance/rvx_core_csr_file_instance/C2331/DATA1[21]
                                0.00           0.04          -0.04  (VIOLATED) 

   u_core/rvx_core_instance/rvx_core_csr_file_instance/N661
                                0.00           0.04          -0.04  (VIOLATED) 
     PIN : u_core/rvx_core_instance/rvx_core_csr_file_instance/C2331/DATA1[23]
                                0.00           0.04          -0.04  (VIOLATED) 

   u_core/rvx_core_instance/rvx_core_csr_file_instance/N663
                                0.00           0.04          -0.04  (VIOLATED) 
     PIN : u_core/rvx_core_instance/rvx_core_csr_file_instance/C2331/DATA1[25]
                                0.00           0.04          -0.04  (VIOLATED) 

   u_core/rvx_core_instance/rvx_core_csr_file_instance/N665
                                0.00           0.04          -0.04  (VIOLATED) 
     PIN : u_core/rvx_core_instance/rvx_core_csr_file_instance/C2331/DATA1[27]
                                0.00           0.04          -0.04  (VIOLATED) 

   u_core/rvx_core_instance/rvx_core_csr_file_instance/N667
                                0.00           0.04          -0.04  (VIOLATED) 
     PIN : u_core/rvx_core_instance/rvx_core_csr_file_instance/C2331/DATA1[29]
                                0.00           0.04          -0.04  (VIOLATED) 

   u_core/rvx_i2c_instance/N251
                                0.00           0.04          -0.04  (VIOLATED) 
     PIN : u_core/rvx_i2c_instance/C874/DATA4[11]
                                0.00           0.04          -0.04  (VIOLATED) 

   u_core/rvx_timer_instance/N183
                                0.00           0.04          -0.04  (VIOLATED) 
     PIN : u_core/rvx_timer_instance/C810/DATA3[3]
                                0.00           0.04          -0.04  (VIOLATED) 

   u_core/rvx_core_instance/rvx_core_address_gen_instance/N0
                                0.00           0.04          -0.04  (VIOLATED) 
     PIN : u_core/rvx_core_instance/rvx_core_address_gen_instance/C91/DATA1[0]
                                0.00           0.04          -0.04  (VIOLATED) 

   u_core/rvx_i2c_instance/N255
                                0.00           0.04          -0.04  (VIOLATED) 
     PIN : u_core/rvx_i2c_instance/C874/DATA4[15]
                                0.00           0.04          -0.04  (VIOLATED) 

   u_core/rvx_timer_instance/N185
                                0.00           0.04          -0.04  (VIOLATED) 
     PIN : u_core/rvx_timer_instance/C810/DATA3[5]
                                0.00           0.04          -0.04  (VIOLATED) 

   u_core/rvx_i2c_instance/N253
                                0.00           0.04          -0.04  (VIOLATED) 
     PIN : u_core/rvx_i2c_instance/C874/DATA4[13]
                                0.00           0.04          -0.04  (VIOLATED) 

   u_core/rvx_timer_instance/N187
                                0.00           0.04          -0.04  (VIOLATED) 
     PIN : u_core/rvx_timer_instance/C810/DATA3[7]
                                0.00           0.04          -0.04  (VIOLATED) 

   u_core/rvx_timer_instance/N189
                                0.00           0.04          -0.04  (VIOLATED) 
     PIN : u_core/rvx_timer_instance/C810/DATA3[9]
                                0.00           0.04          -0.04  (VIOLATED) 

   u_core/rvx_timer_instance/N191
                                0.00           0.04          -0.04  (VIOLATED) 
     PIN : u_core/rvx_timer_instance/C810/DATA3[11]
                                0.00           0.04          -0.04  (VIOLATED) 

   u_core/rvx_timer_instance/N193
                                0.00           0.04          -0.04  (VIOLATED) 
     PIN : u_core/rvx_timer_instance/C810/DATA3[13]
                                0.00           0.04          -0.04  (VIOLATED) 

   u_core/rvx_timer_instance/N195
                                0.00           0.04          -0.04  (VIOLATED) 
     PIN : u_core/rvx_timer_instance/C810/DATA3[15]
                                0.00           0.04          -0.04  (VIOLATED) 

   u_core/rvx_timer_instance/N181
                                0.00           0.04          -0.04  (VIOLATED) 
     PIN : u_core/rvx_timer_instance/C810/DATA3[1]
                                0.00           0.04          -0.04  (VIOLATED) 

   u_core/rvx_timer_instance/N197
                                0.00           0.04          -0.04  (VIOLATED) 
     PIN : u_core/rvx_timer_instance/C810/DATA3[17]
                                0.00           0.04          -0.04  (VIOLATED) 

   u_core/rvx_timer_instance/N199
                                0.00           0.04          -0.04  (VIOLATED) 
     PIN : u_core/rvx_timer_instance/C810/DATA3[19]
                                0.00           0.04          -0.04  (VIOLATED) 

   u_core/rvx_i2c_instance/N249
                                0.00           0.04          -0.04  (VIOLATED) 
     PIN : u_core/rvx_i2c_instance/C874/DATA4[9]
                                0.00           0.04          -0.04  (VIOLATED) 

   u_core/rvx_timer_instance/N201
                                0.00           0.04          -0.04  (VIOLATED) 
     PIN : u_core/rvx_timer_instance/C810/DATA3[21]
                                0.00           0.04          -0.04  (VIOLATED) 

   u_core/rvx_timer_instance/N203
                                0.00           0.04          -0.04  (VIOLATED) 
     PIN : u_core/rvx_timer_instance/C810/DATA3[23]
                                0.00           0.04          -0.04  (VIOLATED) 

   u_core/rvx_timer_instance/N205
                                0.00           0.04          -0.04  (VIOLATED) 
     PIN : u_core/rvx_timer_instance/C810/DATA3[25]
                                0.00           0.04          -0.04  (VIOLATED) 

   u_core/rvx_i2c_instance/N247
                                0.00           0.04          -0.04  (VIOLATED) 
     PIN : u_core/rvx_i2c_instance/C874/DATA4[7]
                                0.00           0.04          -0.04  (VIOLATED) 

   u_core/rvx_timer_instance/N207
                                0.00           0.04          -0.04  (VIOLATED) 
     PIN : u_core/rvx_timer_instance/C810/DATA3[27]
                                0.00           0.04          -0.04  (VIOLATED) 

   u_core/rvx_timer_instance/N209
                                0.00           0.04          -0.04  (VIOLATED) 
     PIN : u_core/rvx_timer_instance/C810/DATA3[29]
                                0.00           0.04          -0.04  (VIOLATED) 

   u_core/rvx_timer_instance/N211
                                0.00           0.04          -0.04  (VIOLATED) 
     PIN : u_core/rvx_timer_instance/C810/DATA3[31]
                                0.00           0.04          -0.04  (VIOLATED) 

   u_core/rvx_uart_instance/N408
                                0.00           0.04          -0.04  (VIOLATED) 
     PIN : u_core/rvx_uart_instance/C815/DATA1[13]
                                0.00           0.04          -0.04  (VIOLATED) 

   u_core/rvx_uart_instance/N386
                                0.00           0.04          -0.04  (VIOLATED) 
     PIN : u_core/rvx_uart_instance/C820/DATA3[27]
                                0.00           0.04          -0.04  (VIOLATED) 

   u_core/rvx_uart_instance/N388
                                0.00           0.04          -0.04  (VIOLATED) 
     PIN : u_core/rvx_uart_instance/C820/DATA3[29]
                                0.00           0.04          -0.04  (VIOLATED) 

   u_core/rvx_uart_instance/N390
                                0.00           0.04          -0.04  (VIOLATED) 
     PIN : u_core/rvx_uart_instance/C820/DATA3[31]
                                0.00           0.04          -0.04  (VIOLATED) 

   u_core/rvx_uart_instance/N394
                                0.00           0.04          -0.04  (VIOLATED) 
     PIN : u_core/rvx_uart_instance/C811/DATA1[3]
                                0.00           0.04          -0.04  (VIOLATED) 

   u_core/rvx_uart_instance/N396
                                0.00           0.04          -0.04  (VIOLATED) 
     PIN : u_core/rvx_uart_instance/C815/DATA1[1]
                                0.00           0.04          -0.04  (VIOLATED) 

   u_core/rvx_uart_instance/N398
                                0.00           0.04          -0.04  (VIOLATED) 
     PIN : u_core/rvx_uart_instance/C815/DATA1[3]
                                0.00           0.04          -0.04  (VIOLATED) 

   u_core/rvx_uart_instance/N400
                                0.00           0.04          -0.04  (VIOLATED) 
     PIN : u_core/rvx_uart_instance/C815/DATA1[5]
                                0.00           0.04          -0.04  (VIOLATED) 

   u_core/rvx_uart_instance/N402
                                0.00           0.04          -0.04  (VIOLATED) 
     PIN : u_core/rvx_uart_instance/C815/DATA1[7]
                                0.00           0.04          -0.04  (VIOLATED) 

   u_core/rvx_uart_instance/N404
                                0.00           0.04          -0.04  (VIOLATED) 
     PIN : u_core/rvx_uart_instance/C815/DATA1[9]
                                0.00           0.04          -0.04  (VIOLATED) 

   u_core/rvx_uart_instance/N406
                                0.00           0.04          -0.04  (VIOLATED) 
     PIN : u_core/rvx_uart_instance/C815/DATA1[11]
                                0.00           0.04          -0.04  (VIOLATED) 

   u_core/rvx_i2c_instance/N245
                                0.00           0.04          -0.04  (VIOLATED) 
     PIN : u_core/rvx_i2c_instance/C874/DATA4[5]
                                0.00           0.04          -0.04  (VIOLATED) 

   u_core/rvx_uart_instance/N410
                                0.00           0.04          -0.04  (VIOLATED) 
     PIN : u_core/rvx_uart_instance/C815/DATA1[15]
                                0.00           0.04          -0.04  (VIOLATED) 

   u_core/rvx_uart_instance/N412
                                0.00           0.04          -0.04  (VIOLATED) 
     PIN : u_core/rvx_uart_instance/C815/DATA1[17]
                                0.00           0.04          -0.04  (VIOLATED) 

   u_core/rvx_uart_instance/N414
                                0.00           0.04          -0.04  (VIOLATED) 
     PIN : u_core/rvx_uart_instance/C815/DATA1[19]
                                0.00           0.04          -0.04  (VIOLATED) 

   u_core/rvx_uart_instance/N416
                                0.00           0.04          -0.04  (VIOLATED) 
     PIN : u_core/rvx_uart_instance/C815/DATA1[21]
                                0.00           0.04          -0.04  (VIOLATED) 

   u_core/rvx_uart_instance/N418
                                0.00           0.04          -0.04  (VIOLATED) 
     PIN : u_core/rvx_uart_instance/C815/DATA1[23]
                                0.00           0.04          -0.04  (VIOLATED) 

   u_core/rvx_uart_instance/N420
                                0.00           0.04          -0.04  (VIOLATED) 
     PIN : u_core/rvx_uart_instance/C815/DATA1[25]
                                0.00           0.04          -0.04  (VIOLATED) 

   u_core/rvx_uart_instance/N422
                                0.00           0.04          -0.04  (VIOLATED) 
     PIN : u_core/rvx_uart_instance/C815/DATA1[27]
                                0.00           0.04          -0.04  (VIOLATED) 

   u_core/rvx_uart_instance/N424
                                0.00           0.04          -0.04  (VIOLATED) 
     PIN : u_core/rvx_uart_instance/C815/DATA1[29]
                                0.00           0.04          -0.04  (VIOLATED) 

   u_core/rvx_uart_instance/N426
                                0.00           0.04          -0.04  (VIOLATED) 
     PIN : u_core/rvx_uart_instance/C815/DATA1[31]
                                0.00           0.04          -0.04  (VIOLATED) 

   u_core/rvx_spi_instance/N208
                                0.00           0.04          -0.04  (VIOLATED) 
     PIN : u_core/rvx_spi_instance/C824/DATA1[1]
                                0.00           0.04          -0.04  (VIOLATED) 

   u_core/rvx_spi_instance/N192
                                0.00           0.04          -0.04  (VIOLATED) 
     PIN : u_core/rvx_spi_instance/C817/DATA1[1]
                                0.00           0.04          -0.04  (VIOLATED) 

   u_core/rvx_spi_instance/N194
                                0.00           0.04          -0.04  (VIOLATED) 
     PIN : u_core/rvx_spi_instance/C817/DATA1[3]
                                0.00           0.04          -0.04  (VIOLATED) 

   u_core/rvx_spi_instance/N196
                                0.00           0.04          -0.04  (VIOLATED) 
     PIN : u_core/rvx_spi_instance/C817/DATA1[5]
                                0.00           0.04          -0.04  (VIOLATED) 

   u_core/rvx_spi_instance/N198
                                0.00           0.04          -0.04  (VIOLATED) 
     PIN : u_core/rvx_spi_instance/C817/DATA1[7]
                                0.00           0.04          -0.04  (VIOLATED) 

   u_core/rvx_spi_instance/N200
                                0.00           0.04          -0.04  (VIOLATED) 
     PIN : u_core/rvx_spi_instance/C817/DATA1[9]
                                0.00           0.04          -0.04  (VIOLATED) 

   u_core/rvx_spi_instance/N230
                                0.00           0.04          -0.04  (VIOLATED) 
     PIN : u_core/rvx_spi_instance/C829/DATA3[3]
                                0.00           0.04          -0.04  (VIOLATED) 

   u_core/rvx_spi_instance/N202
                                0.00           0.04          -0.04  (VIOLATED) 
     PIN : u_core/rvx_spi_instance/C817/DATA1[11]
                                0.00           0.04          -0.04  (VIOLATED) 

   u_core/rvx_spi_instance/N204
                                0.00           0.04          -0.04  (VIOLATED) 
     PIN : u_core/rvx_spi_instance/C817/DATA1[13]
                                0.00           0.04          -0.04  (VIOLATED) 

   u_core/rvx_spi_instance/N206
                                0.00           0.04          -0.04  (VIOLATED) 
     PIN : u_core/rvx_spi_instance/C817/DATA1[15]
                                0.00           0.04          -0.04  (VIOLATED) 

   u_core/rvx_spi_instance/N228
                                0.00           0.04          -0.04  (VIOLATED) 
     PIN : u_core/rvx_spi_instance/C829/DATA3[1]
                                0.00           0.04          -0.04  (VIOLATED) 

   u_core/rvx_timer_instance/N243
                                0.00           0.04          -0.04  (VIOLATED) 
     PIN : u_core/rvx_timer_instance/C811/DATA3[31]
                                0.00           0.04          -0.04  (VIOLATED) 

   u_core/rvx_spi_instance/N210
                                0.00           0.04          -0.04  (VIOLATED) 
     PIN : u_core/rvx_spi_instance/C824/DATA1[3]
                                0.00           0.04          -0.04  (VIOLATED) 

   u_core/rvx_spi_instance/N226
                                0.00           0.04          -0.04  (VIOLATED) 
     PIN : u_core/rvx_spi_instance/C822/DATA3[3]
                                0.00           0.04          -0.04  (VIOLATED) 

   u_core/rvx_spi_instance/N212
                                0.00           0.04          -0.04  (VIOLATED) 
     PIN : u_core/rvx_spi_instance/C824/DATA1[5]
                                0.00           0.04          -0.04  (VIOLATED) 

   u_core/rvx_spi_instance/N214
                                0.00           0.04          -0.04  (VIOLATED) 
     PIN : u_core/rvx_spi_instance/C824/DATA1[7]
                                0.00           0.04          -0.04  (VIOLATED) 

   u_core/rvx_spi_instance/N216
                                0.00           0.04          -0.04  (VIOLATED) 
     PIN : u_core/rvx_spi_instance/C824/DATA1[9]
                                0.00           0.04          -0.04  (VIOLATED) 

   u_core/rvx_spi_instance/N224
                                0.00           0.04          -0.04  (VIOLATED) 
     PIN : u_core/rvx_spi_instance/C822/DATA3[1]
                                0.00           0.04          -0.04  (VIOLATED) 

   u_core/rvx_spi_instance/N218
                                0.00           0.04          -0.04  (VIOLATED) 
     PIN : u_core/rvx_spi_instance/C824/DATA1[11]
                                0.00           0.04          -0.04  (VIOLATED) 

   u_core/rvx_spi_instance/N220
                                0.00           0.04          -0.04  (VIOLATED) 
     PIN : u_core/rvx_spi_instance/C824/DATA1[13]
                                0.00           0.04          -0.04  (VIOLATED) 

   u_core/rvx_spi_instance/N222
                                0.00           0.04          -0.04  (VIOLATED) 
     PIN : u_core/rvx_spi_instance/C824/DATA1[15]
                                0.00           0.04          -0.04  (VIOLATED) 

   u_core/rvx_timer_instance/N229
                                0.00           0.04          -0.04  (VIOLATED) 
     PIN : u_core/rvx_timer_instance/C811/DATA3[17]
                                0.00           0.04          -0.04  (VIOLATED) 

   u_core/rvx_timer_instance/N213
                                0.00           0.04          -0.04  (VIOLATED) 
     PIN : u_core/rvx_timer_instance/C811/DATA3[1]
                                0.00           0.04          -0.04  (VIOLATED) 

   u_core/rvx_timer_instance/N215
                                0.00           0.04          -0.04  (VIOLATED) 
     PIN : u_core/rvx_timer_instance/C811/DATA3[3]
                                0.00           0.04          -0.04  (VIOLATED) 

   u_core/rvx_timer_instance/N217
                                0.00           0.04          -0.04  (VIOLATED) 
     PIN : u_core/rvx_timer_instance/C811/DATA3[5]
                                0.00           0.04          -0.04  (VIOLATED) 

   u_core/rvx_i2c_instance/N243
                                0.00           0.04          -0.04  (VIOLATED) 
     PIN : u_core/rvx_i2c_instance/C874/DATA4[3]
                                0.00           0.04          -0.04  (VIOLATED) 

   u_core/rvx_timer_instance/N219
                                0.00           0.04          -0.04  (VIOLATED) 
     PIN : u_core/rvx_timer_instance/C811/DATA3[7]
                                0.00           0.04          -0.04  (VIOLATED) 

   u_core/rvx_timer_instance/N221
                                0.00           0.04          -0.04  (VIOLATED) 
     PIN : u_core/rvx_timer_instance/C811/DATA3[9]
                                0.00           0.04          -0.04  (VIOLATED) 

   u_core/rvx_timer_instance/N223
                                0.00           0.04          -0.04  (VIOLATED) 
     PIN : u_core/rvx_timer_instance/C811/DATA3[11]
                                0.00           0.04          -0.04  (VIOLATED) 

   u_core/rvx_i2c_instance/N241
                                0.00           0.04          -0.04  (VIOLATED) 
     PIN : u_core/rvx_i2c_instance/C874/DATA4[1]
                                0.00           0.04          -0.04  (VIOLATED) 

   u_core/rvx_timer_instance/N225
                                0.00           0.04          -0.04  (VIOLATED) 
     PIN : u_core/rvx_timer_instance/C811/DATA3[13]
                                0.00           0.04          -0.04  (VIOLATED) 

   u_core/rvx_timer_instance/N227
                                0.00           0.04          -0.04  (VIOLATED) 
     PIN : u_core/rvx_timer_instance/C811/DATA3[15]
                                0.00           0.04          -0.04  (VIOLATED) 

   u_core/rvx_uart_instance/N392
                                0.00           0.04          -0.04  (VIOLATED) 
     PIN : u_core/rvx_uart_instance/C811/DATA1[1]
                                0.00           0.04          -0.04  (VIOLATED) 

   u_core/rvx_i2c_instance/N239
                                0.00           0.04          -0.04  (VIOLATED) 
     PIN : u_core/rvx_i2c_instance/C876/DATA3[5]
                                0.00           0.04          -0.04  (VIOLATED) 

   u_core/rvx_timer_instance/N231
                                0.00           0.04          -0.04  (VIOLATED) 
     PIN : u_core/rvx_timer_instance/C811/DATA3[19]
                                0.00           0.04          -0.04  (VIOLATED) 

   u_core/rvx_timer_instance/N233
                                0.00           0.04          -0.04  (VIOLATED) 
     PIN : u_core/rvx_timer_instance/C811/DATA3[21]
                                0.00           0.04          -0.04  (VIOLATED) 

   u_core/rvx_i2c_instance/N237
                                0.00           0.04          -0.04  (VIOLATED) 
     PIN : u_core/rvx_i2c_instance/C876/DATA3[3]
                                0.00           0.04          -0.04  (VIOLATED) 

   u_core/rvx_timer_instance/N235
                                0.00           0.04          -0.04  (VIOLATED) 
     PIN : u_core/rvx_timer_instance/C811/DATA3[23]
                                0.00           0.04          -0.04  (VIOLATED) 

   u_core/rvx_timer_instance/N237
                                0.00           0.04          -0.04  (VIOLATED) 
     PIN : u_core/rvx_timer_instance/C811/DATA3[25]
                                0.00           0.04          -0.04  (VIOLATED) 

   u_core/rvx_timer_instance/N239
                                0.00           0.04          -0.04  (VIOLATED) 
     PIN : u_core/rvx_timer_instance/C811/DATA3[27]
                                0.00           0.04          -0.04  (VIOLATED) 

   u_core/rvx_i2c_instance/N235
                                0.00           0.04          -0.04  (VIOLATED) 
     PIN : u_core/rvx_i2c_instance/C876/DATA3[1]
                                0.00           0.04          -0.04  (VIOLATED) 

   u_core/rvx_timer_instance/N241
                                0.00           0.04          -0.04  (VIOLATED) 
     PIN : u_core/rvx_timer_instance/C811/DATA3[29]
                                0.00           0.04          -0.04  (VIOLATED) 

   u_core/rvx_core_instance/rvx_core_address_gen_instance/N53
                                0.00           0.04          -0.04  (VIOLATED) 
     PIN : u_core/rvx_core_instance/rvx_core_address_gen_instance/C92/DATA2[15]
                                0.00           0.04          -0.04  (VIOLATED) 

   u_core/rvx_uart_instance/N328
                                0.00           0.04          -0.04  (VIOLATED) 
     PIN : u_core/rvx_uart_instance/C812/DATA3[5]
                                0.00           0.04          -0.04  (VIOLATED) 

   u_core/rvx_core_instance/rvx_core_address_gen_instance/N63
                                0.00           0.04          -0.04  (VIOLATED) 
     PIN : u_core/rvx_core_instance/rvx_core_address_gen_instance/C92/DATA2[25]
                                0.00           0.04          -0.04  (VIOLATED) 

   u_core/rvx_uart_instance/N330
                                0.00           0.04          -0.04  (VIOLATED) 
     PIN : u_core/rvx_uart_instance/C812/DATA3[7]
                                0.00           0.04          -0.04  (VIOLATED) 

   u_core/rvx_core_instance/rvx_core_address_gen_instance/N61
                                0.00           0.04          -0.04  (VIOLATED) 
     PIN : u_core/rvx_core_instance/rvx_core_address_gen_instance/C92/DATA2[23]
                                0.00           0.04          -0.04  (VIOLATED) 

   u_core/rvx_uart_instance/N332
                                0.00           0.04          -0.04  (VIOLATED) 
     PIN : u_core/rvx_uart_instance/C812/DATA3[9]
                                0.00           0.04          -0.04  (VIOLATED) 

   u_core/rvx_core_instance/rvx_core_address_gen_instance/N59
                                0.00           0.04          -0.04  (VIOLATED) 
     PIN : u_core/rvx_core_instance/rvx_core_address_gen_instance/C92/DATA2[21]
                                0.00           0.04          -0.04  (VIOLATED) 

   u_core/rvx_uart_instance/N334
                                0.00           0.04          -0.04  (VIOLATED) 
     PIN : u_core/rvx_uart_instance/C812/DATA3[11]
                                0.00           0.04          -0.04  (VIOLATED) 

   u_core/rvx_core_instance/rvx_core_address_gen_instance/N57
                                0.00           0.04          -0.04  (VIOLATED) 
     PIN : u_core/rvx_core_instance/rvx_core_address_gen_instance/C92/DATA2[19]
                                0.00           0.04          -0.04  (VIOLATED) 

   u_core/rvx_uart_instance/N336
                                0.00           0.04          -0.04  (VIOLATED) 
     PIN : u_core/rvx_uart_instance/C812/DATA3[13]
                                0.00           0.04          -0.04  (VIOLATED) 

   u_core/rvx_core_instance/rvx_core_address_gen_instance/N55
                                0.00           0.04          -0.04  (VIOLATED) 
     PIN : u_core/rvx_core_instance/rvx_core_address_gen_instance/C92/DATA2[17]
                                0.00           0.04          -0.04  (VIOLATED) 

   u_core/rvx_core_instance/rvx_core_address_gen_instance/N65
                                0.00           0.04          -0.04  (VIOLATED) 
     PIN : u_core/rvx_core_instance/rvx_core_address_gen_instance/C92/DATA2[27]
                                0.00           0.04          -0.04  (VIOLATED) 

   u_core/rvx_uart_instance/N338
                                0.00           0.04          -0.04  (VIOLATED) 
     PIN : u_core/rvx_uart_instance/C812/DATA3[15]
                                0.00           0.04          -0.04  (VIOLATED) 

   u_core/rvx_core_instance/rvx_core_address_gen_instance/N51
                                0.00           0.04          -0.04  (VIOLATED) 
     PIN : u_core/rvx_core_instance/rvx_core_address_gen_instance/C92/DATA2[13]
                                0.00           0.04          -0.04  (VIOLATED) 

   u_core/rvx_uart_instance/N340
                                0.00           0.04          -0.04  (VIOLATED) 
     PIN : u_core/rvx_uart_instance/C812/DATA3[17]
                                0.00           0.04          -0.04  (VIOLATED) 

   u_core/rvx_core_instance/rvx_core_address_gen_instance/N49
                                0.00           0.04          -0.04  (VIOLATED) 
     PIN : u_core/rvx_core_instance/rvx_core_address_gen_instance/C92/DATA2[11]
                                0.00           0.04          -0.04  (VIOLATED) 

   u_core/rvx_uart_instance/N342
                                0.00           0.04          -0.04  (VIOLATED) 
     PIN : u_core/rvx_uart_instance/C812/DATA3[19]
                                0.00           0.04          -0.04  (VIOLATED) 

   u_core/rvx_core_instance/rvx_core_address_gen_instance/N47
                                0.00           0.04          -0.04  (VIOLATED) 
     PIN : u_core/rvx_core_instance/rvx_core_address_gen_instance/C92/DATA2[9]
                                0.00           0.04          -0.04  (VIOLATED) 

   u_core/rvx_uart_instance/N344
                                0.00           0.04          -0.04  (VIOLATED) 
     PIN : u_core/rvx_uart_instance/C812/DATA3[21]
                                0.00           0.04          -0.04  (VIOLATED) 

   u_core/rvx_uart_instance/N384
                                0.00           0.04          -0.04  (VIOLATED) 
     PIN : u_core/rvx_uart_instance/C820/DATA3[25]
                                0.00           0.04          -0.04  (VIOLATED) 

   u_core/rvx_uart_instance/N346
                                0.00           0.04          -0.04  (VIOLATED) 
     PIN : u_core/rvx_uart_instance/C812/DATA3[23]
                                0.00           0.04          -0.04  (VIOLATED) 

   u_core/rvx_uart_instance/N348
                                0.00           0.04          -0.04  (VIOLATED) 
     PIN : u_core/rvx_uart_instance/C812/DATA3[25]
                                0.00           0.04          -0.04  (VIOLATED) 

   u_core/rvx_core_instance/N274
                                0.00           0.04          -0.04  (VIOLATED) 
     PIN : u_core/rvx_core_instance/C597/DATA2[23]
                                0.00           0.04          -0.04  (VIOLATED) 

   u_core/rvx_core_instance/N254
                                0.00           0.04          -0.04  (VIOLATED) 
     PIN : u_core/rvx_core_instance/C597/DATA2[3]
                                0.00           0.04          -0.04  (VIOLATED) 

   u_core/rvx_core_instance/N256
                                0.00           0.04          -0.04  (VIOLATED) 
     PIN : u_core/rvx_core_instance/C597/DATA2[5]
                                0.00           0.04          -0.04  (VIOLATED) 

   u_core/rvx_core_instance/N258
                                0.00           0.04          -0.04  (VIOLATED) 
     PIN : u_core/rvx_core_instance/C597/DATA2[7]
                                0.00           0.04          -0.04  (VIOLATED) 

   u_core/rvx_core_instance/N260
                                0.00           0.04          -0.04  (VIOLATED) 
     PIN : u_core/rvx_core_instance/C597/DATA2[9]
                                0.00           0.04          -0.04  (VIOLATED) 

   u_core/rvx_core_instance/N262
                                0.00           0.04          -0.04  (VIOLATED) 
     PIN : u_core/rvx_core_instance/C597/DATA2[11]
                                0.00           0.04          -0.04  (VIOLATED) 

   u_core/rvx_core_instance/N264
                                0.00           0.04          -0.04  (VIOLATED) 
     PIN : u_core/rvx_core_instance/C597/DATA2[13]
                                0.00           0.04          -0.04  (VIOLATED) 

   u_core/rvx_core_instance/N266
                                0.00           0.04          -0.04  (VIOLATED) 
     PIN : u_core/rvx_core_instance/C597/DATA2[15]
                                0.00           0.04          -0.04  (VIOLATED) 

   u_core/rvx_core_instance/N268
                                0.00           0.04          -0.04  (VIOLATED) 
     PIN : u_core/rvx_core_instance/C597/DATA2[17]
                                0.00           0.04          -0.04  (VIOLATED) 

   u_core/rvx_core_instance/N270
                                0.00           0.04          -0.04  (VIOLATED) 
     PIN : u_core/rvx_core_instance/C597/DATA2[19]
                                0.00           0.04          -0.04  (VIOLATED) 

   u_core/rvx_core_instance/N272
                                0.00           0.04          -0.04  (VIOLATED) 
     PIN : u_core/rvx_core_instance/C597/DATA2[21]
                                0.00           0.04          -0.04  (VIOLATED) 

   u_core/rvx_core_instance/rvx_core_address_gen_instance/N45
                                0.00           0.04          -0.04  (VIOLATED) 
     PIN : u_core/rvx_core_instance/rvx_core_address_gen_instance/C92/DATA2[7]
                                0.00           0.04          -0.04  (VIOLATED) 

   u_core/rvx_core_instance/N276
                                0.00           0.04          -0.04  (VIOLATED) 
     PIN : u_core/rvx_core_instance/C597/DATA2[25]
                                0.00           0.04          -0.04  (VIOLATED) 

   u_core/rvx_core_instance/N278
                                0.00           0.04          -0.04  (VIOLATED) 
     PIN : u_core/rvx_core_instance/C597/DATA2[27]
                                0.00           0.04          -0.04  (VIOLATED) 

   u_core/rvx_core_instance/N280
                                0.00           0.04          -0.04  (VIOLATED) 
     PIN : u_core/rvx_core_instance/C597/DATA2[29]
                                0.00           0.04          -0.04  (VIOLATED) 

   u_core/rvx_core_instance/N282
                                0.00           0.04          -0.04  (VIOLATED) 
     PIN : u_core/rvx_core_instance/C597/DATA2[31]
                                0.00           0.04          -0.04  (VIOLATED) 

   u_core/rvx_core_instance/rvx_core_address_gen_instance/N70
                                0.00           0.04          -0.04  (VIOLATED) 
     PIN : u_core/rvx_core_instance/rvx_core_address_gen_instance/C91/DATA2[0]
                                0.00           0.04          -0.04  (VIOLATED) 

   u_core/rvx_core_instance/rvx_core_address_gen_instance/N69
                                0.00           0.04          -0.04  (VIOLATED) 
     PIN : u_core/rvx_core_instance/rvx_core_address_gen_instance/C92/DATA2[31]
                                0.00           0.04          -0.04  (VIOLATED) 

   u_core/rvx_uart_instance/N324
                                0.00           0.04          -0.04  (VIOLATED) 
     PIN : u_core/rvx_uart_instance/C812/DATA3[1]
                                0.00           0.04          -0.04  (VIOLATED) 

   u_core/rvx_core_instance/rvx_core_address_gen_instance/N67
                                0.00           0.04          -0.04  (VIOLATED) 
     PIN : u_core/rvx_core_instance/rvx_core_address_gen_instance/C92/DATA2[29]
                                0.00           0.04          -0.04  (VIOLATED) 

   u_core/rvx_uart_instance/N326
                                0.00           0.04          -0.04  (VIOLATED) 
     PIN : u_core/rvx_uart_instance/C812/DATA3[3]
                                0.00           0.04          -0.04  (VIOLATED) 

   u_core/rvx_uart_instance/N364
                                0.00           0.04          -0.04  (VIOLATED) 
     PIN : u_core/rvx_uart_instance/C820/DATA3[5]
                                0.00           0.04          -0.04  (VIOLATED) 

   u_core/rvx_uart_instance/N382
                                0.00           0.04          -0.04  (VIOLATED) 
     PIN : u_core/rvx_uart_instance/C820/DATA3[23]
                                0.00           0.04          -0.04  (VIOLATED) 

   u_core/rvx_uart_instance/N380
                                0.00           0.04          -0.04  (VIOLATED) 
     PIN : u_core/rvx_uart_instance/C820/DATA3[21]
                                0.00           0.04          -0.04  (VIOLATED) 

   u_core/rvx_uart_instance/N378
                                0.00           0.04          -0.04  (VIOLATED) 
     PIN : u_core/rvx_uart_instance/C820/DATA3[19]
                                0.00           0.04          -0.04  (VIOLATED) 

   u_core/rvx_core_instance/rvx_core_address_gen_instance/N41
                                0.00           0.04          -0.04  (VIOLATED) 
     PIN : u_core/rvx_core_instance/rvx_core_address_gen_instance/C92/DATA2[3]
                                0.00           0.04          -0.04  (VIOLATED) 

   u_core/rvx_uart_instance/N376
                                0.00           0.04          -0.04  (VIOLATED) 
     PIN : u_core/rvx_uart_instance/C820/DATA3[17]
                                0.00           0.04          -0.04  (VIOLATED) 

   u_core/rvx_uart_instance/N374
                                0.00           0.04          -0.04  (VIOLATED) 
     PIN : u_core/rvx_uart_instance/C820/DATA3[15]
                                0.00           0.04          -0.04  (VIOLATED) 

   u_core/rvx_uart_instance/N372
                                0.00           0.04          -0.04  (VIOLATED) 
     PIN : u_core/rvx_uart_instance/C820/DATA3[13]
                                0.00           0.04          -0.04  (VIOLATED) 

   u_core/rvx_core_instance/rvx_core_address_gen_instance/N43
                                0.00           0.04          -0.04  (VIOLATED) 
     PIN : u_core/rvx_core_instance/rvx_core_address_gen_instance/C92/DATA2[5]
                                0.00           0.04          -0.04  (VIOLATED) 

   u_core/rvx_uart_instance/N370
                                0.00           0.04          -0.04  (VIOLATED) 
     PIN : u_core/rvx_uart_instance/C820/DATA3[11]
                                0.00           0.04          -0.04  (VIOLATED) 

   u_core/rvx_uart_instance/N368
                                0.00           0.04          -0.04  (VIOLATED) 
     PIN : u_core/rvx_uart_instance/C820/DATA3[9]
                                0.00           0.04          -0.04  (VIOLATED) 

   u_core/rvx_uart_instance/N366
                                0.00           0.04          -0.04  (VIOLATED) 
     PIN : u_core/rvx_uart_instance/C820/DATA3[7]
                                0.00           0.04          -0.04  (VIOLATED) 

   u_core/rvx_uart_instance/N362
                                0.00           0.04          -0.04  (VIOLATED) 
     PIN : u_core/rvx_uart_instance/C820/DATA3[3]
                                0.00           0.04          -0.04  (VIOLATED) 

   u_core/rvx_uart_instance/N360
                                0.00           0.04          -0.04  (VIOLATED) 
     PIN : u_core/rvx_uart_instance/C820/DATA3[1]
                                0.00           0.04          -0.04  (VIOLATED) 

   u_core/rvx_uart_instance/N358
                                0.00           0.04          -0.04  (VIOLATED) 
     PIN : u_core/rvx_uart_instance/C825/DATA3[3]
                                0.00           0.04          -0.04  (VIOLATED) 

   u_core/rvx_uart_instance/N350
                                0.00           0.04          -0.04  (VIOLATED) 
     PIN : u_core/rvx_uart_instance/C812/DATA3[27]
                                0.00           0.04          -0.04  (VIOLATED) 

   u_core/rvx_uart_instance/N352
                                0.00           0.04          -0.04  (VIOLATED) 
     PIN : u_core/rvx_uart_instance/C812/DATA3[29]
                                0.00           0.04          -0.04  (VIOLATED) 

   u_core/rvx_uart_instance/N354
                                0.00           0.04          -0.04  (VIOLATED) 
     PIN : u_core/rvx_uart_instance/C812/DATA3[31]
                                0.00           0.04          -0.04  (VIOLATED) 

   u_core/rvx_uart_instance/N356
                                0.00           0.04          -0.04  (VIOLATED) 
     PIN : u_core/rvx_uart_instance/C825/DATA3[1]
                                0.00           0.04          -0.04  (VIOLATED) 

   u_core/rvx_core_instance/rvx_core_alu_instance/alu_minus_2nd_operand_s2[17]
                                0.00           0.04          -0.04  (VIOLATED) 
     PIN : u_core/rvx_core_instance/rvx_core_alu_instance/C303/DATA1[17]
                                0.00           0.04          -0.04  (VIOLATED) 

   u_core/rvx_core_instance/rvx_core_alu_instance/alu_minus_2nd_operand_s2[3]
                                0.00           0.04          -0.04  (VIOLATED) 
     PIN : u_core/rvx_core_instance/rvx_core_alu_instance/C303/DATA1[3]
                                0.00           0.04          -0.04  (VIOLATED) 

   u_core/rvx_core_instance/rvx_core_alu_instance/alu_minus_2nd_operand_s2[1]
                                0.00           0.04          -0.04  (VIOLATED) 
     PIN : u_core/rvx_core_instance/rvx_core_alu_instance/C303/DATA1[1]
                                0.00           0.04          -0.04  (VIOLATED) 

   u_core/rvx_core_instance/rvx_core_alu_instance/alu_minus_2nd_operand_s2[7]
                                0.00           0.04          -0.04  (VIOLATED) 
     PIN : u_core/rvx_core_instance/rvx_core_alu_instance/C303/DATA1[7]
                                0.00           0.04          -0.04  (VIOLATED) 

   u_core/rvx_core_instance/rvx_core_alu_instance/alu_minus_2nd_operand_s2[9]
                                0.00           0.04          -0.04  (VIOLATED) 
     PIN : u_core/rvx_core_instance/rvx_core_alu_instance/C303/DATA1[9]
                                0.00           0.04          -0.04  (VIOLATED) 

   u_core/rvx_core_instance/rvx_core_alu_instance/alu_minus_2nd_operand_s2[11]
                                0.00           0.04          -0.04  (VIOLATED) 
     PIN : u_core/rvx_core_instance/rvx_core_alu_instance/C303/DATA1[11]
                                0.00           0.04          -0.04  (VIOLATED) 

   u_core/rvx_core_instance/rvx_core_alu_instance/alu_minus_2nd_operand_s2[31]
                                0.00           0.04          -0.04  (VIOLATED) 
     PIN : u_core/rvx_core_instance/rvx_core_alu_instance/C303/DATA1[31]
                                0.00           0.04          -0.04  (VIOLATED) 

   u_core/rvx_core_instance/rvx_core_alu_instance/alu_minus_2nd_operand_s2[29]
                                0.00           0.04          -0.04  (VIOLATED) 
     PIN : u_core/rvx_core_instance/rvx_core_alu_instance/C303/DATA1[29]
                                0.00           0.04          -0.04  (VIOLATED) 

   u_core/rvx_core_instance/rvx_core_alu_instance/alu_minus_2nd_operand_s2[27]
                                0.00           0.04          -0.04  (VIOLATED) 
     PIN : u_core/rvx_core_instance/rvx_core_alu_instance/C303/DATA1[27]
                                0.00           0.04          -0.04  (VIOLATED) 

   u_core/rvx_core_instance/rvx_core_alu_instance/alu_minus_2nd_operand_s2[21]
                                0.00           0.04          -0.04  (VIOLATED) 
     PIN : u_core/rvx_core_instance/rvx_core_alu_instance/C303/DATA1[21]
                                0.00           0.04          -0.04  (VIOLATED) 

   u_core/rvx_core_instance/rvx_core_alu_instance/alu_minus_2nd_operand_s2[15]
                                0.00           0.04          -0.04  (VIOLATED) 
     PIN : u_core/rvx_core_instance/rvx_core_alu_instance/C303/DATA1[15]
                                0.00           0.04          -0.04  (VIOLATED) 

   u_core/rvx_core_instance/rvx_core_alu_instance/alu_minus_2nd_operand_s2[19]
                                0.00           0.04          -0.04  (VIOLATED) 
     PIN : u_core/rvx_core_instance/rvx_core_alu_instance/C303/DATA1[19]
                                0.00           0.04          -0.04  (VIOLATED) 

   u_core/rvx_spi_instance/bit_select[1]
                                0.00           0.04          -0.04  (VIOLATED) 
     PIN : u_core/rvx_spi_instance/C969/I1
                                0.00           0.04          -0.04  (VIOLATED) 
     PIN : u_core/rvx_spi_instance/I_51/I
                                0.00           0.04          -0.04  (VIOLATED) 
     PIN : u_core/rvx_spi_instance/C937/I1
                                0.00           0.04          -0.04  (VIOLATED) 
     PIN : u_core/rvx_spi_instance/C939/I1
                                0.00           0.04          -0.04  (VIOLATED) 
     PIN : u_core/rvx_spi_instance/C967/I1
                                0.00           0.04          -0.04  (VIOLATED) 

   u_core/rvx_core_instance/rvx_core_alu_instance/alu_minus_2nd_operand_s2[23]
                                0.00           0.04          -0.04  (VIOLATED) 
     PIN : u_core/rvx_core_instance/rvx_core_alu_instance/C303/DATA1[23]
                                0.00           0.04          -0.04  (VIOLATED) 

   u_core/rvx_core_instance/rvx_core_alu_instance/alu_minus_2nd_operand_s2[5]
                                0.00           0.04          -0.04  (VIOLATED) 
     PIN : u_core/rvx_core_instance/rvx_core_alu_instance/C303/DATA1[5]
                                0.00           0.04          -0.04  (VIOLATED) 

   u_core/rvx_core_instance/rvx_core_alu_instance/alu_minus_2nd_operand_s2[25]
                                0.00           0.04          -0.04  (VIOLATED) 
     PIN : u_core/rvx_core_instance/rvx_core_alu_instance/C303/DATA1[25]
                                0.00           0.04          -0.04  (VIOLATED) 

   u_core/rvx_core_instance/rvx_core_alu_instance/alu_minus_2nd_operand_s2[13]
                                0.00           0.04          -0.04  (VIOLATED) 
     PIN : u_core/rvx_core_instance/rvx_core_alu_instance/C303/DATA1[13]
                                0.00           0.04          -0.04  (VIOLATED) 

   u_core/rvx_core_instance/rvx_core_csr_file_instance/N798
                                0.00           0.04          -0.04  (VIOLATED) 
     PIN : u_core/rvx_core_instance/rvx_core_csr_file_instance/C2357/DATA1[0]
                                0.00           0.04          -0.04  (VIOLATED) 

   u_core/rvx_spi_instance/N191
                                0.00           0.04          -0.04  (VIOLATED) 
     PIN : u_core/rvx_spi_instance/C817/DATA1[0]
                                0.00           0.04          -0.04  (VIOLATED) 

   u_core/rvx_uart_instance/N359
                                0.00           0.04          -0.04  (VIOLATED) 
     PIN : u_core/rvx_uart_instance/C820/DATA3[0]
                                0.00           0.04          -0.04  (VIOLATED) 

   u_core/rvx_uart_instance/N391
                                0.00           0.04          -0.04  (VIOLATED) 
     PIN : u_core/rvx_uart_instance/C811/DATA1[0]
                                0.00           0.04          -0.04  (VIOLATED) 

   u_core/rvx_core_instance/N251
                                0.00           0.04          -0.04  (VIOLATED) 
     PIN : u_core/rvx_core_instance/C597/DATA2[0]
                                0.00           0.04          -0.04  (VIOLATED) 

   u_core/rvx_uart_instance/N395
                                0.00           0.04          -0.04  (VIOLATED) 
     PIN : u_core/rvx_uart_instance/C815/DATA1[0]
                                0.00           0.04          -0.04  (VIOLATED) 

   u_core/rvx_core_instance/rvx_core_csr_file_instance/N510
                                0.00           0.04          -0.04  (VIOLATED) 
     PIN : u_core/rvx_core_instance/rvx_core_csr_file_instance/C2356/DATA4[0]
                                0.00           0.04          -0.04  (VIOLATED) 

   u_core/rvx_core_instance/rvx_core_csr_file_instance/N574
                                0.00           0.04          -0.04  (VIOLATED) 
     PIN : u_core/rvx_core_instance/rvx_core_csr_file_instance/C2359/DATA3[0]
                                0.00           0.04          -0.04  (VIOLATED) 

   u_core/rvx_core_instance/rvx_core_csr_file_instance/N862
                                0.00           0.04          -0.04  (VIOLATED) 
     PIN : u_core/rvx_core_instance/rvx_core_csr_file_instance/C2358/DATA1[0]
                                0.00           0.04          -0.04  (VIOLATED) 

   u_core/rvx_core_instance/rvx_core_csr_file_instance/N670
                                0.00           0.04          -0.04  (VIOLATED) 
     PIN : u_core/rvx_core_instance/rvx_core_csr_file_instance/C2356/DATA2[0]
                                0.00           0.04          -0.04  (VIOLATED) 

   u_core/rvx_spi_instance/N207
                                0.00           0.04          -0.04  (VIOLATED) 
     PIN : u_core/rvx_spi_instance/C824/DATA1[0]
                                0.00           0.04          -0.04  (VIOLATED) 

   u_core/rvx_uart_instance/N355
                                0.00           0.04          -0.04  (VIOLATED) 
     PIN : u_core/rvx_uart_instance/C825/DATA3[0]
                                0.00           0.04          -0.04  (VIOLATED) 

   u_core/rvx_timer_instance/N180
                                0.00           0.04          -0.04  (VIOLATED) 
     PIN : u_core/rvx_timer_instance/C810/DATA3[0]
                                0.00           0.04          -0.04  (VIOLATED) 

   u_core/rvx_uart_instance/N323
                                0.00           0.04          -0.04  (VIOLATED) 
     PIN : u_core/rvx_uart_instance/C812/DATA3[0]
                                0.00           0.04          -0.04  (VIOLATED) 

   u_core/rvx_core_instance/rvx_core_csr_file_instance/N734
                                0.00           0.04          -0.04  (VIOLATED) 
     PIN : u_core/rvx_core_instance/rvx_core_csr_file_instance/C2356/DATA3[0]
                                0.00           0.04          -0.04  (VIOLATED) 

   u_core/rvx_spi_instance/N223
                                0.00           0.04          -0.04  (VIOLATED) 
     PIN : u_core/rvx_spi_instance/C822/DATA3[0]
                                0.00           0.04          -0.04  (VIOLATED) 

   u_core/rvx_i2c_instance/N240
                                0.00           0.04          -0.04  (VIOLATED) 
     PIN : u_core/rvx_i2c_instance/C874/DATA4[0]
                                0.00           0.04          -0.04  (VIOLATED) 

   u_core/rvx_i2c_instance/N234
                                0.00           0.04          -0.04  (VIOLATED) 
     PIN : u_core/rvx_i2c_instance/C876/DATA3[0]
                                0.00           0.04          -0.04  (VIOLATED) 

   u_core/rvx_core_instance/rvx_core_address_gen_instance/N38
                                0.00           0.04          -0.04  (VIOLATED) 
     PIN : u_core/rvx_core_instance/rvx_core_address_gen_instance/C92/DATA2[0]
                                0.00           0.04          -0.04  (VIOLATED) 

   u_core/rvx_spi_instance/N227
                                0.00           0.04          -0.04  (VIOLATED) 
     PIN : u_core/rvx_spi_instance/C829/DATA3[0]
                                0.00           0.04          -0.04  (VIOLATED) 

   u_core/rvx_spi_instance/bit_select[0]
                                0.00           0.04          -0.04  (VIOLATED) 
     PIN : u_core/rvx_spi_instance/C969/I0
                                0.00           0.04          -0.04  (VIOLATED) 
     PIN : u_core/rvx_spi_instance/I_50/I
                                0.00           0.04          -0.04  (VIOLATED) 
     PIN : u_core/rvx_spi_instance/C938/I0
                                0.00           0.04          -0.04  (VIOLATED) 
     PIN : u_core/rvx_spi_instance/C939/I0
                                0.00           0.04          -0.04  (VIOLATED) 
     PIN : u_core/rvx_spi_instance/C968/I0
                                0.00           0.04          -0.04  (VIOLATED) 

   u_core/rvx_core_instance/N252
                                0.00           0.04          -0.04  (VIOLATED) 
     PIN : u_core/rvx_core_instance/C597/DATA2[1]
                                0.00           0.04          -0.04  (VIOLATED) 

   u_core/rvx_core_instance/rvx_core_address_gen_instance/N39
                                0.00           0.04          -0.04  (VIOLATED) 
     PIN : u_core/rvx_core_instance/rvx_core_address_gen_instance/C92/DATA2[1]
                                0.00           0.04          -0.04  (VIOLATED) 

   u_core/rvx_core_instance/gen_rvx_core_mdu.rvx_core_mdu_instance/result_uu[54]
                                0.00           0.04          -0.04  (VIOLATED) 
     PIN : u_core/rvx_core_instance/gen_rvx_core_mdu.rvx_core_mdu_instance/C91/DATA4[22]
                                0.00           0.04          -0.04  (VIOLATED) 

   u_core/rvx_core_instance/gen_rvx_core_mdu.rvx_core_mdu_instance/result_ss[27]
                                0.00           0.04          -0.04  (VIOLATED) 
     PIN : u_core/rvx_core_instance/gen_rvx_core_mdu.rvx_core_mdu_instance/C92/DATA2[27]
                                0.00           0.04          -0.04  (VIOLATED) 
     PIN : u_core/rvx_core_instance/gen_rvx_core_mdu.rvx_core_mdu_instance/C91/DATA1[27]
                                0.00           0.04          -0.04  (VIOLATED) 

   u_core/rvx_core_instance/gen_rvx_core_mdu.rvx_core_mdu_instance/result_ss[29]
                                0.00           0.04          -0.04  (VIOLATED) 
     PIN : u_core/rvx_core_instance/gen_rvx_core_mdu.rvx_core_mdu_instance/C92/DATA2[29]
                                0.00           0.04          -0.04  (VIOLATED) 
     PIN : u_core/rvx_core_instance/gen_rvx_core_mdu.rvx_core_mdu_instance/C91/DATA1[29]
                                0.00           0.04          -0.04  (VIOLATED) 

   u_core/rvx_core_instance/gen_rvx_core_mdu.rvx_core_mdu_instance/result_uu[46]
                                0.00           0.04          -0.04  (VIOLATED) 
     PIN : u_core/rvx_core_instance/gen_rvx_core_mdu.rvx_core_mdu_instance/C91/DATA4[14]
                                0.00           0.04          -0.04  (VIOLATED) 

   u_core/rvx_core_instance/gen_rvx_core_mdu.rvx_core_mdu_instance/result_ss[31]
                                0.00           0.04          -0.04  (VIOLATED) 
     PIN : u_core/rvx_core_instance/gen_rvx_core_mdu.rvx_core_mdu_instance/C92/DATA2[31]
                                0.00           0.04          -0.04  (VIOLATED) 
     PIN : u_core/rvx_core_instance/gen_rvx_core_mdu.rvx_core_mdu_instance/C91/DATA1[31]
                                0.00           0.04          -0.04  (VIOLATED) 

   u_core/rvx_core_instance/gen_rvx_core_mdu.rvx_core_mdu_instance/result_uu[48]
                                0.00           0.04          -0.04  (VIOLATED) 
     PIN : u_core/rvx_core_instance/gen_rvx_core_mdu.rvx_core_mdu_instance/C91/DATA4[16]
                                0.00           0.04          -0.04  (VIOLATED) 

   u_core/rvx_core_instance/gen_rvx_core_mdu.rvx_core_mdu_instance/result_su[58]
                                0.00           0.04          -0.04  (VIOLATED) 
     PIN : u_core/rvx_core_instance/gen_rvx_core_mdu.rvx_core_mdu_instance/C91/DATA3[26]
                                0.00           0.04          -0.04  (VIOLATED) 

   u_core/rvx_core_instance/gen_rvx_core_mdu.rvx_core_mdu_instance/result_ss[45]
                                0.00           0.04          -0.04  (VIOLATED) 
     PIN : u_core/rvx_core_instance/gen_rvx_core_mdu.rvx_core_mdu_instance/C91/DATA2[13]
                                0.00           0.04          -0.04  (VIOLATED) 

   u_core/rvx_core_instance/gen_rvx_core_mdu.rvx_core_mdu_instance/result_uu[52]
                                0.00           0.04          -0.04  (VIOLATED) 
     PIN : u_core/rvx_core_instance/gen_rvx_core_mdu.rvx_core_mdu_instance/C91/DATA4[20]
                                0.00           0.04          -0.04  (VIOLATED) 

   u_core/rvx_core_instance/gen_rvx_core_mdu.rvx_core_mdu_instance/result_su[40]
                                0.00           0.04          -0.04  (VIOLATED) 
     PIN : u_core/rvx_core_instance/gen_rvx_core_mdu.rvx_core_mdu_instance/C91/DATA3[8]
                                0.00           0.04          -0.04  (VIOLATED) 

   u_core/rvx_core_instance/gen_rvx_core_mdu.rvx_core_mdu_instance/result_uu[42]
                                0.00           0.04          -0.04  (VIOLATED) 
     PIN : u_core/rvx_core_instance/gen_rvx_core_mdu.rvx_core_mdu_instance/C91/DATA4[10]
                                0.00           0.04          -0.04  (VIOLATED) 

   u_core/rvx_core_instance/gen_rvx_core_mdu.rvx_core_mdu_instance/result_uu[58]
                                0.00           0.04          -0.04  (VIOLATED) 
     PIN : u_core/rvx_core_instance/gen_rvx_core_mdu.rvx_core_mdu_instance/C91/DATA4[26]
                                0.00           0.04          -0.04  (VIOLATED) 

   u_core/rvx_core_instance/gen_rvx_core_mdu.rvx_core_mdu_instance/result_su[52]
                                0.00           0.04          -0.04  (VIOLATED) 
     PIN : u_core/rvx_core_instance/gen_rvx_core_mdu.rvx_core_mdu_instance/C91/DATA3[20]
                                0.00           0.04          -0.04  (VIOLATED) 

   u_core/rvx_core_instance/gen_rvx_core_mdu.rvx_core_mdu_instance/result_uu[60]
                                0.00           0.04          -0.04  (VIOLATED) 
     PIN : u_core/rvx_core_instance/gen_rvx_core_mdu.rvx_core_mdu_instance/C91/DATA4[28]
                                0.00           0.04          -0.04  (VIOLATED) 

   u_core/rvx_core_instance/gen_rvx_core_mdu.rvx_core_mdu_instance/result_ss[39]
                                0.00           0.04          -0.04  (VIOLATED) 
     PIN : u_core/rvx_core_instance/gen_rvx_core_mdu.rvx_core_mdu_instance/C91/DATA2[7]
                                0.00           0.04          -0.04  (VIOLATED) 

   u_core/rvx_core_instance/gen_rvx_core_mdu.rvx_core_mdu_instance/result_su[46]
                                0.00           0.04          -0.04  (VIOLATED) 
     PIN : u_core/rvx_core_instance/gen_rvx_core_mdu.rvx_core_mdu_instance/C91/DATA3[14]
                                0.00           0.04          -0.04  (VIOLATED) 

   u_core/rvx_core_instance/gen_rvx_core_mdu.rvx_core_mdu_instance/result_uu[40]
                                0.00           0.04          -0.04  (VIOLATED) 
     PIN : u_core/rvx_core_instance/gen_rvx_core_mdu.rvx_core_mdu_instance/C91/DATA4[8]
                                0.00           0.04          -0.04  (VIOLATED) 

   u_core/rvx_core_instance/gen_rvx_core_mdu.rvx_core_mdu_instance/result_su[32]
                                0.00           0.04          -0.04  (VIOLATED) 
     PIN : u_core/rvx_core_instance/gen_rvx_core_mdu.rvx_core_mdu_instance/C91/DATA3[0]
                                0.00           0.04          -0.04  (VIOLATED) 

   u_core/rvx_core_instance/gen_rvx_core_mdu.rvx_core_mdu_instance/result_ss[7]
                                0.00           0.04          -0.04  (VIOLATED) 
     PIN : u_core/rvx_core_instance/gen_rvx_core_mdu.rvx_core_mdu_instance/C92/DATA2[7]
                                0.00           0.04          -0.04  (VIOLATED) 
     PIN : u_core/rvx_core_instance/gen_rvx_core_mdu.rvx_core_mdu_instance/C91/DATA1[7]
                                0.00           0.04          -0.04  (VIOLATED) 

   u_core/rvx_core_instance/gen_rvx_core_mdu.rvx_core_mdu_instance/result_ss[57]
                                0.00           0.04          -0.04  (VIOLATED) 
     PIN : u_core/rvx_core_instance/gen_rvx_core_mdu.rvx_core_mdu_instance/C91/DATA2[25]
                                0.00           0.04          -0.04  (VIOLATED) 

   u_core/rvx_core_instance/gen_rvx_core_mdu.rvx_core_mdu_instance/result_ss[9]
                                0.00           0.04          -0.04  (VIOLATED) 
     PIN : u_core/rvx_core_instance/gen_rvx_core_mdu.rvx_core_mdu_instance/C92/DATA2[9]
                                0.00           0.04          -0.04  (VIOLATED) 
     PIN : u_core/rvx_core_instance/gen_rvx_core_mdu.rvx_core_mdu_instance/C91/DATA1[9]
                                0.00           0.04          -0.04  (VIOLATED) 

   u_core/rvx_core_instance/gen_rvx_core_mdu.rvx_core_mdu_instance/result_ss[11]
                                0.00           0.04          -0.04  (VIOLATED) 
     PIN : u_core/rvx_core_instance/gen_rvx_core_mdu.rvx_core_mdu_instance/C92/DATA2[11]
                                0.00           0.04          -0.04  (VIOLATED) 
     PIN : u_core/rvx_core_instance/gen_rvx_core_mdu.rvx_core_mdu_instance/C91/DATA1[11]
                                0.00           0.04          -0.04  (VIOLATED) 

   u_core/rvx_core_instance/gen_rvx_core_mdu.rvx_core_mdu_instance/result_ss[13]
                                0.00           0.04          -0.04  (VIOLATED) 
     PIN : u_core/rvx_core_instance/gen_rvx_core_mdu.rvx_core_mdu_instance/C92/DATA2[13]
                                0.00           0.04          -0.04  (VIOLATED) 
     PIN : u_core/rvx_core_instance/gen_rvx_core_mdu.rvx_core_mdu_instance/C91/DATA1[13]
                                0.00           0.04          -0.04  (VIOLATED) 

   u_core/rvx_core_instance/gen_rvx_core_mdu.rvx_core_mdu_instance/result_ss[15]
                                0.00           0.04          -0.04  (VIOLATED) 
     PIN : u_core/rvx_core_instance/gen_rvx_core_mdu.rvx_core_mdu_instance/C92/DATA2[15]
                                0.00           0.04          -0.04  (VIOLATED) 
     PIN : u_core/rvx_core_instance/gen_rvx_core_mdu.rvx_core_mdu_instance/C91/DATA1[15]
                                0.00           0.04          -0.04  (VIOLATED) 

   u_core/rvx_core_instance/gen_rvx_core_mdu.rvx_core_mdu_instance/result_ss[17]
                                0.00           0.04          -0.04  (VIOLATED) 
     PIN : u_core/rvx_core_instance/gen_rvx_core_mdu.rvx_core_mdu_instance/C92/DATA2[17]
                                0.00           0.04          -0.04  (VIOLATED) 
     PIN : u_core/rvx_core_instance/gen_rvx_core_mdu.rvx_core_mdu_instance/C91/DATA1[17]
                                0.00           0.04          -0.04  (VIOLATED) 

   u_core/rvx_core_instance/gen_rvx_core_mdu.rvx_core_mdu_instance/result_uu[32]
                                0.00           0.04          -0.04  (VIOLATED) 
     PIN : u_core/rvx_core_instance/gen_rvx_core_mdu.rvx_core_mdu_instance/C91/DATA4[0]
                                0.00           0.04          -0.04  (VIOLATED) 

   u_core/rvx_core_instance/gen_rvx_core_mdu.rvx_core_mdu_instance/result_ss[19]
                                0.00           0.04          -0.04  (VIOLATED) 
     PIN : u_core/rvx_core_instance/gen_rvx_core_mdu.rvx_core_mdu_instance/C92/DATA2[19]
                                0.00           0.04          -0.04  (VIOLATED) 
     PIN : u_core/rvx_core_instance/gen_rvx_core_mdu.rvx_core_mdu_instance/C91/DATA1[19]
                                0.00           0.04          -0.04  (VIOLATED) 

   u_core/rvx_core_instance/gen_rvx_core_mdu.rvx_core_mdu_instance/result_ss[21]
                                0.00           0.04          -0.04  (VIOLATED) 
     PIN : u_core/rvx_core_instance/gen_rvx_core_mdu.rvx_core_mdu_instance/C92/DATA2[21]
                                0.00           0.04          -0.04  (VIOLATED) 
     PIN : u_core/rvx_core_instance/gen_rvx_core_mdu.rvx_core_mdu_instance/C91/DATA1[21]
                                0.00           0.04          -0.04  (VIOLATED) 

   u_core/rvx_core_instance/gen_rvx_core_mdu.rvx_core_mdu_instance/result_uu[36]
                                0.00           0.04          -0.04  (VIOLATED) 
     PIN : u_core/rvx_core_instance/gen_rvx_core_mdu.rvx_core_mdu_instance/C91/DATA4[4]
                                0.00           0.04          -0.04  (VIOLATED) 

   u_core/rvx_core_instance/gen_rvx_core_mdu.rvx_core_mdu_instance/result_ss[51]
                                0.00           0.04          -0.04  (VIOLATED) 
     PIN : u_core/rvx_core_instance/gen_rvx_core_mdu.rvx_core_mdu_instance/C91/DATA2[19]
                                0.00           0.04          -0.04  (VIOLATED) 

   u_core/rvx_core_instance/gen_rvx_core_mdu.rvx_core_mdu_instance/result_ss[23]
                                0.00           0.04          -0.04  (VIOLATED) 
     PIN : u_core/rvx_core_instance/gen_rvx_core_mdu.rvx_core_mdu_instance/C92/DATA2[23]
                                0.00           0.04          -0.04  (VIOLATED) 
     PIN : u_core/rvx_core_instance/gen_rvx_core_mdu.rvx_core_mdu_instance/C91/DATA1[23]
                                0.00           0.04          -0.04  (VIOLATED) 

   u_core/rvx_core_instance/gen_rvx_core_mdu.rvx_core_mdu_instance/result_ss[25]
                                0.00           0.04          -0.04  (VIOLATED) 
     PIN : u_core/rvx_core_instance/gen_rvx_core_mdu.rvx_core_mdu_instance/C92/DATA2[25]
                                0.00           0.04          -0.04  (VIOLATED) 
     PIN : u_core/rvx_core_instance/gen_rvx_core_mdu.rvx_core_mdu_instance/C91/DATA1[25]
                                0.00           0.04          -0.04  (VIOLATED) 

   u_core/rvx_core_instance/gen_rvx_core_mdu.rvx_core_mdu_instance/result_su[38]
                                0.00           0.04          -0.04  (VIOLATED) 
     PIN : u_core/rvx_core_instance/gen_rvx_core_mdu.rvx_core_mdu_instance/C91/DATA3[6]
                                0.00           0.04          -0.04  (VIOLATED) 

   u_core/rvx_core_instance/gen_rvx_core_mdu.rvx_core_mdu_instance/result_su[36]
                                0.00           0.04          -0.04  (VIOLATED) 
     PIN : u_core/rvx_core_instance/gen_rvx_core_mdu.rvx_core_mdu_instance/C91/DATA3[4]
                                0.00           0.04          -0.04  (VIOLATED) 

   u_core/rvx_core_instance/gen_rvx_core_mdu.rvx_core_mdu_instance/result_su[34]
                                0.00           0.04          -0.04  (VIOLATED) 
     PIN : u_core/rvx_core_instance/gen_rvx_core_mdu.rvx_core_mdu_instance/C91/DATA3[2]
                                0.00           0.04          -0.04  (VIOLATED) 

   u_core/rvx_core_instance/gen_rvx_core_mdu.rvx_core_mdu_instance/result_su[42]
                                0.00           0.04          -0.04  (VIOLATED) 
     PIN : u_core/rvx_core_instance/gen_rvx_core_mdu.rvx_core_mdu_instance/C91/DATA3[10]
                                0.00           0.04          -0.04  (VIOLATED) 

   u_core/rvx_core_instance/gen_rvx_core_mdu.rvx_core_mdu_instance/result_su[44]
                                0.00           0.04          -0.04  (VIOLATED) 
     PIN : u_core/rvx_core_instance/gen_rvx_core_mdu.rvx_core_mdu_instance/C91/DATA3[12]
                                0.00           0.04          -0.04  (VIOLATED) 

   u_core/rvx_core_instance/gen_rvx_core_mdu.rvx_core_mdu_instance/result_ss[61]
                                0.00           0.04          -0.04  (VIOLATED) 
     PIN : u_core/rvx_core_instance/gen_rvx_core_mdu.rvx_core_mdu_instance/C91/DATA2[29]
                                0.00           0.04          -0.04  (VIOLATED) 

   u_core/rvx_core_instance/gen_rvx_core_mdu.rvx_core_mdu_instance/result_ss[37]
                                0.00           0.04          -0.04  (VIOLATED) 
     PIN : u_core/rvx_core_instance/gen_rvx_core_mdu.rvx_core_mdu_instance/C91/DATA2[5]
                                0.00           0.04          -0.04  (VIOLATED) 

   u_core/rvx_core_instance/gen_rvx_core_mdu.rvx_core_mdu_instance/result_su[48]
                                0.00           0.04          -0.04  (VIOLATED) 
     PIN : u_core/rvx_core_instance/gen_rvx_core_mdu.rvx_core_mdu_instance/C91/DATA3[16]
                                0.00           0.04          -0.04  (VIOLATED) 

   u_core/rvx_core_instance/gen_rvx_core_mdu.rvx_core_mdu_instance/result_ss[35]
                                0.00           0.04          -0.04  (VIOLATED) 
     PIN : u_core/rvx_core_instance/gen_rvx_core_mdu.rvx_core_mdu_instance/C91/DATA2[3]
                                0.00           0.04          -0.04  (VIOLATED) 

   u_core/rvx_core_instance/gen_rvx_core_mdu.rvx_core_mdu_instance/result_su[50]
                                0.00           0.04          -0.04  (VIOLATED) 
     PIN : u_core/rvx_core_instance/gen_rvx_core_mdu.rvx_core_mdu_instance/C91/DATA3[18]
                                0.00           0.04          -0.04  (VIOLATED) 

   u_core/rvx_core_instance/gen_rvx_core_mdu.rvx_core_mdu_instance/result_su[54]
                                0.00           0.04          -0.04  (VIOLATED) 
     PIN : u_core/rvx_core_instance/gen_rvx_core_mdu.rvx_core_mdu_instance/C91/DATA3[22]
                                0.00           0.04          -0.04  (VIOLATED) 

   u_core/rvx_core_instance/gen_rvx_core_mdu.rvx_core_mdu_instance/result_su[56]
                                0.00           0.04          -0.04  (VIOLATED) 
     PIN : u_core/rvx_core_instance/gen_rvx_core_mdu.rvx_core_mdu_instance/C91/DATA3[24]
                                0.00           0.04          -0.04  (VIOLATED) 

   u_core/rvx_core_instance/gen_rvx_core_mdu.rvx_core_mdu_instance/result_ss[33]
                                0.00           0.04          -0.04  (VIOLATED) 
     PIN : u_core/rvx_core_instance/gen_rvx_core_mdu.rvx_core_mdu_instance/C91/DATA2[1]
                                0.00           0.04          -0.04  (VIOLATED) 

   u_core/rvx_core_instance/gen_rvx_core_mdu.rvx_core_mdu_instance/result_su[60]
                                0.00           0.04          -0.04  (VIOLATED) 
     PIN : u_core/rvx_core_instance/gen_rvx_core_mdu.rvx_core_mdu_instance/C91/DATA3[28]
                                0.00           0.04          -0.04  (VIOLATED) 

   u_core/rvx_core_instance/gen_rvx_core_mdu.rvx_core_mdu_instance/result_su[62]
                                0.00           0.04          -0.04  (VIOLATED) 
     PIN : u_core/rvx_core_instance/gen_rvx_core_mdu.rvx_core_mdu_instance/C91/DATA3[30]
                                0.00           0.04          -0.04  (VIOLATED) 

   u_core/rvx_core_instance/gen_rvx_core_mdu.rvx_core_mdu_instance/result_ss[5]
                                0.00           0.04          -0.04  (VIOLATED) 
     PIN : u_core/rvx_core_instance/gen_rvx_core_mdu.rvx_core_mdu_instance/C92/DATA2[5]
                                0.00           0.04          -0.04  (VIOLATED) 
     PIN : u_core/rvx_core_instance/gen_rvx_core_mdu.rvx_core_mdu_instance/C91/DATA1[5]
                                0.00           0.04          -0.04  (VIOLATED) 

   u_core/rvx_core_instance/gen_rvx_core_mdu.rvx_core_mdu_instance/result_ss[3]
                                0.00           0.04          -0.04  (VIOLATED) 
     PIN : u_core/rvx_core_instance/gen_rvx_core_mdu.rvx_core_mdu_instance/C92/DATA2[3]
                                0.00           0.04          -0.04  (VIOLATED) 
     PIN : u_core/rvx_core_instance/gen_rvx_core_mdu.rvx_core_mdu_instance/C91/DATA1[3]
                                0.00           0.04          -0.04  (VIOLATED) 

   u_core/rvx_core_instance/gen_rvx_core_mdu.rvx_core_mdu_instance/result_uu[44]
                                0.00           0.04          -0.04  (VIOLATED) 
     PIN : u_core/rvx_core_instance/gen_rvx_core_mdu.rvx_core_mdu_instance/C91/DATA4[12]
                                0.00           0.04          -0.04  (VIOLATED) 

   u_core/rvx_core_instance/gen_rvx_core_mdu.rvx_core_mdu_instance/result_ss[49]
                                0.00           0.04          -0.04  (VIOLATED) 
     PIN : u_core/rvx_core_instance/gen_rvx_core_mdu.rvx_core_mdu_instance/C91/DATA2[17]
                                0.00           0.04          -0.04  (VIOLATED) 

   u_core/rvx_core_instance/gen_rvx_core_mdu.rvx_core_mdu_instance/result_uu[34]
                                0.00           0.04          -0.04  (VIOLATED) 
     PIN : u_core/rvx_core_instance/gen_rvx_core_mdu.rvx_core_mdu_instance/C91/DATA4[2]
                                0.00           0.04          -0.04  (VIOLATED) 

   u_core/rvx_core_instance/gen_rvx_core_mdu.rvx_core_mdu_instance/result_uu[56]
                                0.00           0.04          -0.04  (VIOLATED) 
     PIN : u_core/rvx_core_instance/gen_rvx_core_mdu.rvx_core_mdu_instance/C91/DATA4[24]
                                0.00           0.04          -0.04  (VIOLATED) 

   u_core/rvx_core_instance/gen_rvx_core_mdu.rvx_core_mdu_instance/result_ss[55]
                                0.00           0.04          -0.04  (VIOLATED) 
     PIN : u_core/rvx_core_instance/gen_rvx_core_mdu.rvx_core_mdu_instance/C91/DATA2[23]
                                0.00           0.04          -0.04  (VIOLATED) 

   u_core/rvx_core_instance/gen_rvx_core_mdu.rvx_core_mdu_instance/result_ss[43]
                                0.00           0.04          -0.04  (VIOLATED) 
     PIN : u_core/rvx_core_instance/gen_rvx_core_mdu.rvx_core_mdu_instance/C91/DATA2[11]
                                0.00           0.04          -0.04  (VIOLATED) 

   u_core/rvx_core_instance/gen_rvx_core_mdu.rvx_core_mdu_instance/result_ss[59]
                                0.00           0.04          -0.04  (VIOLATED) 
     PIN : u_core/rvx_core_instance/gen_rvx_core_mdu.rvx_core_mdu_instance/C91/DATA2[27]
                                0.00           0.04          -0.04  (VIOLATED) 

   u_core/rvx_core_instance/gen_rvx_core_mdu.rvx_core_mdu_instance/result_ss[47]
                                0.00           0.04          -0.04  (VIOLATED) 
     PIN : u_core/rvx_core_instance/gen_rvx_core_mdu.rvx_core_mdu_instance/C91/DATA2[15]
                                0.00           0.04          -0.04  (VIOLATED) 

   u_core/rvx_core_instance/gen_rvx_core_mdu.rvx_core_mdu_instance/result_ss[53]
                                0.00           0.04          -0.04  (VIOLATED) 
     PIN : u_core/rvx_core_instance/gen_rvx_core_mdu.rvx_core_mdu_instance/C91/DATA2[21]
                                0.00           0.04          -0.04  (VIOLATED) 

   u_core/rvx_core_instance/gen_rvx_core_mdu.rvx_core_mdu_instance/result_ss[41]
                                0.00           0.04          -0.04  (VIOLATED) 
     PIN : u_core/rvx_core_instance/gen_rvx_core_mdu.rvx_core_mdu_instance/C91/DATA2[9]
                                0.00           0.04          -0.04  (VIOLATED) 

   u_core/rvx_core_instance/gen_rvx_core_mdu.rvx_core_mdu_instance/result_uu[50]
                                0.00           0.04          -0.04  (VIOLATED) 
     PIN : u_core/rvx_core_instance/gen_rvx_core_mdu.rvx_core_mdu_instance/C91/DATA4[18]
                                0.00           0.04          -0.04  (VIOLATED) 

   u_core/rvx_core_instance/gen_rvx_core_mdu.rvx_core_mdu_instance/result_uu[38]
                                0.00           0.04          -0.04  (VIOLATED) 
     PIN : u_core/rvx_core_instance/gen_rvx_core_mdu.rvx_core_mdu_instance/C91/DATA4[6]
                                0.00           0.04          -0.04  (VIOLATED) 

   u_core/rvx_core_instance/gen_rvx_core_mdu.rvx_core_mdu_instance/result_uu[62]
                                0.00           0.04          -0.04  (VIOLATED) 
     PIN : u_core/rvx_core_instance/gen_rvx_core_mdu.rvx_core_mdu_instance/C91/DATA4[30]
                                0.00           0.04          -0.04  (VIOLATED) 

   u_core/rvx_uart_instance/N349
                                0.00           0.04          -0.04  (VIOLATED) 
     PIN : u_core/rvx_uart_instance/C812/DATA3[26]
                                0.00           0.04          -0.04  (VIOLATED) 

   u_core/rvx_core_instance/rvx_core_csr_file_instance/N782
                                0.00           0.04          -0.04  (VIOLATED) 
     PIN : u_core/rvx_core_instance/rvx_core_csr_file_instance/C2356/DATA3[48]
                                0.00           0.04          -0.04  (VIOLATED) 

   u_core/rvx_core_instance/rvx_core_csr_file_instance/N774
                                0.00           0.04          -0.04  (VIOLATED) 
     PIN : u_core/rvx_core_instance/rvx_core_csr_file_instance/C2356/DATA3[40]
                                0.00           0.04          -0.04  (VIOLATED) 

   u_core/rvx_core_instance/rvx_core_csr_file_instance/N776
                                0.00           0.04          -0.04  (VIOLATED) 
     PIN : u_core/rvx_core_instance/rvx_core_csr_file_instance/C2356/DATA3[42]
                                0.00           0.04          -0.04  (VIOLATED) 

   u_core/rvx_uart_instance/N347
                                0.00           0.04          -0.04  (VIOLATED) 
     PIN : u_core/rvx_uart_instance/C812/DATA3[24]
                                0.00           0.04          -0.04  (VIOLATED) 

   u_core/rvx_core_instance/rvx_core_csr_file_instance/N778
                                0.00           0.04          -0.04  (VIOLATED) 
     PIN : u_core/rvx_core_instance/rvx_core_csr_file_instance/C2356/DATA3[44]
                                0.00           0.04          -0.04  (VIOLATED) 

   u_core/rvx_core_instance/rvx_core_csr_file_instance/N780
                                0.00           0.04          -0.04  (VIOLATED) 
     PIN : u_core/rvx_core_instance/rvx_core_csr_file_instance/C2356/DATA3[46]
                                0.00           0.04          -0.04  (VIOLATED) 

   u_core/rvx_core_instance/rvx_core_csr_file_instance/N694
                                0.00           0.04          -0.04  (VIOLATED) 
     PIN : u_core/rvx_core_instance/rvx_core_csr_file_instance/C2356/DATA2[24]
                                0.00           0.04          -0.04  (VIOLATED) 

   u_core/rvx_uart_instance/N345
                                0.00           0.04          -0.04  (VIOLATED) 
     PIN : u_core/rvx_uart_instance/C812/DATA3[22]
                                0.00           0.04          -0.04  (VIOLATED) 

   u_core/rvx_uart_instance/N343
                                0.00           0.04          -0.04  (VIOLATED) 
     PIN : u_core/rvx_uart_instance/C812/DATA3[20]
                                0.00           0.04          -0.04  (VIOLATED) 

   u_core/rvx_core_instance/rvx_core_csr_file_instance/N772
                                0.00           0.04          -0.04  (VIOLATED) 
     PIN : u_core/rvx_core_instance/rvx_core_csr_file_instance/C2356/DATA3[38]
                                0.00           0.04          -0.04  (VIOLATED) 

   u_core/rvx_core_instance/rvx_core_csr_file_instance/N770
                                0.00           0.04          -0.04  (VIOLATED) 
     PIN : u_core/rvx_core_instance/rvx_core_csr_file_instance/C2356/DATA3[36]
                                0.00           0.04          -0.04  (VIOLATED) 

   u_core/rvx_uart_instance/N351
                                0.00           0.04          -0.04  (VIOLATED) 
     PIN : u_core/rvx_uart_instance/C812/DATA3[28]
                                0.00           0.04          -0.04  (VIOLATED) 

   u_core/rvx_core_instance/rvx_core_csr_file_instance/N768
                                0.00           0.04          -0.04  (VIOLATED) 
     PIN : u_core/rvx_core_instance/rvx_core_csr_file_instance/C2356/DATA3[34]
                                0.00           0.04          -0.04  (VIOLATED) 

   u_core/rvx_core_instance/rvx_core_csr_file_instance/N766
                                0.00           0.04          -0.04  (VIOLATED) 
     PIN : u_core/rvx_core_instance/rvx_core_csr_file_instance/C2356/DATA3[32]
                                0.00           0.04          -0.04  (VIOLATED) 

   u_core/rvx_uart_instance/N353
                                0.00           0.04          -0.04  (VIOLATED) 
     PIN : u_core/rvx_uart_instance/C812/DATA3[30]
                                0.00           0.04          -0.04  (VIOLATED) 

   u_core/rvx_core_instance/rvx_core_csr_file_instance/N764
                                0.00           0.04          -0.04  (VIOLATED) 
     PIN : u_core/rvx_core_instance/rvx_core_csr_file_instance/C2356/DATA3[30]
                                0.00           0.04          -0.04  (VIOLATED) 

   u_core/rvx_core_instance/rvx_core_csr_file_instance/N762
                                0.00           0.04          -0.04  (VIOLATED) 
     PIN : u_core/rvx_core_instance/rvx_core_csr_file_instance/C2356/DATA3[28]
                                0.00           0.04          -0.04  (VIOLATED) 

   u_core/rvx_core_instance/rvx_core_csr_file_instance/N760
                                0.00           0.04          -0.04  (VIOLATED) 
     PIN : u_core/rvx_core_instance/rvx_core_csr_file_instance/C2356/DATA3[26]
                                0.00           0.04          -0.04  (VIOLATED) 

   u_core/rvx_core_instance/rvx_core_csr_file_instance/N758
                                0.00           0.04          -0.04  (VIOLATED) 
     PIN : u_core/rvx_core_instance/rvx_core_csr_file_instance/C2356/DATA3[24]
                                0.00           0.04          -0.04  (VIOLATED) 

   u_core/rvx_uart_instance/N357
                                0.00           0.04          -0.04  (VIOLATED) 
     PIN : u_core/rvx_uart_instance/C825/DATA3[2]
                                0.00           0.04          -0.04  (VIOLATED) 

   u_core/rvx_core_instance/rvx_core_csr_file_instance/N696
                                0.00           0.04          -0.04  (VIOLATED) 
     PIN : u_core/rvx_core_instance/rvx_core_csr_file_instance/C2356/DATA2[26]
                                0.00           0.04          -0.04  (VIOLATED) 

   u_core/rvx_core_instance/rvx_core_csr_file_instance/N794
                                0.00           0.04          -0.04  (VIOLATED) 
     PIN : u_core/rvx_core_instance/rvx_core_csr_file_instance/C2356/DATA3[60]
                                0.00           0.04          -0.04  (VIOLATED) 

   u_core/rvx_core_instance/rvx_core_csr_file_instance/N804
                                0.00           0.04          -0.04  (VIOLATED) 
     PIN : u_core/rvx_core_instance/rvx_core_csr_file_instance/C2357/DATA1[6]
                                0.00           0.04          -0.04  (VIOLATED) 

   u_core/rvx_core_instance/rvx_core_address_gen_instance/N58
                                0.00           0.04          -0.04  (VIOLATED) 
     PIN : u_core/rvx_core_instance/rvx_core_address_gen_instance/C92/DATA2[20]
                                0.00           0.04          -0.04  (VIOLATED) 

   u_core/rvx_core_instance/rvx_core_csr_file_instance/N802
                                0.00           0.04          -0.04  (VIOLATED) 
     PIN : u_core/rvx_core_instance/rvx_core_csr_file_instance/C2357/DATA1[4]
                                0.00           0.04          -0.04  (VIOLATED) 

   u_core/rvx_uart_instance/N335
                                0.00           0.04          -0.04  (VIOLATED) 
     PIN : u_core/rvx_uart_instance/C812/DATA3[12]
                                0.00           0.04          -0.04  (VIOLATED) 

   u_core/rvx_core_instance/rvx_core_csr_file_instance/N800
                                0.00           0.04          -0.04  (VIOLATED) 
     PIN : u_core/rvx_core_instance/rvx_core_csr_file_instance/C2357/DATA1[2]
                                0.00           0.04          -0.04  (VIOLATED) 

   u_core/rvx_core_instance/rvx_core_alu_instance/N61
                                0.00           0.04          -0.04  (VIOLATED) 
     PIN : u_core/rvx_core_instance/rvx_core_alu_instance/C306/DATA1[12]
                                0.00           0.04          -0.04  (VIOLATED) 

   u_core/rvx_core_instance/rvx_core_address_gen_instance/N56
                                0.00           0.04          -0.04  (VIOLATED) 
     PIN : u_core/rvx_core_instance/rvx_core_address_gen_instance/C92/DATA2[18]
                                0.00           0.04          -0.04  (VIOLATED) 

   u_core/rvx_core_instance/rvx_core_address_gen_instance/N54
                                0.00           0.04          -0.04  (VIOLATED) 
     PIN : u_core/rvx_core_instance/rvx_core_address_gen_instance/C92/DATA2[16]
                                0.00           0.04          -0.04  (VIOLATED) 

   u_core/rvx_uart_instance/N337
                                0.00           0.04          -0.04  (VIOLATED) 
     PIN : u_core/rvx_uart_instance/C812/DATA3[14]
                                0.00           0.04          -0.04  (VIOLATED) 

   u_core/rvx_spi_instance/N221
                                0.00           0.04          -0.04  (VIOLATED) 
     PIN : u_core/rvx_spi_instance/C824/DATA1[14]
                                0.00           0.04          -0.04  (VIOLATED) 

   u_core/rvx_core_instance/rvx_core_csr_file_instance/N796
                                0.00           0.04          -0.04  (VIOLATED) 
     PIN : u_core/rvx_core_instance/rvx_core_csr_file_instance/C2356/DATA3[62]
                                0.00           0.04          -0.04  (VIOLATED) 

   u_core/rvx_core_instance/rvx_core_address_gen_instance/N52
                                0.00           0.04          -0.04  (VIOLATED) 
     PIN : u_core/rvx_core_instance/rvx_core_address_gen_instance/C92/DATA2[14]
                                0.00           0.04          -0.04  (VIOLATED) 

   u_core/rvx_core_instance/rvx_core_address_gen_instance/N46
                                0.00           0.04          -0.04  (VIOLATED) 
     PIN : u_core/rvx_core_instance/rvx_core_address_gen_instance/C92/DATA2[8]
                                0.00           0.04          -0.04  (VIOLATED) 

   u_core/rvx_uart_instance/N339
                                0.00           0.04          -0.04  (VIOLATED) 
     PIN : u_core/rvx_uart_instance/C812/DATA3[16]
                                0.00           0.04          -0.04  (VIOLATED) 

   u_core/rvx_core_instance/rvx_core_csr_file_instance/N792
                                0.00           0.04          -0.04  (VIOLATED) 
     PIN : u_core/rvx_core_instance/rvx_core_csr_file_instance/C2356/DATA3[58]
                                0.00           0.04          -0.04  (VIOLATED) 

   u_core/rvx_core_instance/rvx_core_address_gen_instance/N50
                                0.00           0.04          -0.04  (VIOLATED) 
     PIN : u_core/rvx_core_instance/rvx_core_address_gen_instance/C92/DATA2[12]
                                0.00           0.04          -0.04  (VIOLATED) 

   u_core/rvx_core_instance/rvx_core_csr_file_instance/N692
                                0.00           0.04          -0.04  (VIOLATED) 
     PIN : u_core/rvx_core_instance/rvx_core_csr_file_instance/C2356/DATA2[22]
                                0.00           0.04          -0.04  (VIOLATED) 

   u_core/rvx_core_instance/rvx_core_csr_file_instance/N790
                                0.00           0.04          -0.04  (VIOLATED) 
     PIN : u_core/rvx_core_instance/rvx_core_csr_file_instance/C2356/DATA3[56]
                                0.00           0.04          -0.04  (VIOLATED) 

   u_core/rvx_uart_instance/N341
                                0.00           0.04          -0.04  (VIOLATED) 
     PIN : u_core/rvx_uart_instance/C812/DATA3[18]
                                0.00           0.04          -0.04  (VIOLATED) 

   u_core/rvx_core_instance/rvx_core_csr_file_instance/N788
                                0.00           0.04          -0.04  (VIOLATED) 
     PIN : u_core/rvx_core_instance/rvx_core_csr_file_instance/C2356/DATA3[54]
                                0.00           0.04          -0.04  (VIOLATED) 

   u_core/rvx_core_instance/rvx_core_address_gen_instance/N48
                                0.00           0.04          -0.04  (VIOLATED) 
     PIN : u_core/rvx_core_instance/rvx_core_address_gen_instance/C92/DATA2[10]
                                0.00           0.04          -0.04  (VIOLATED) 

   u_core/rvx_core_instance/rvx_core_csr_file_instance/N786
                                0.00           0.04          -0.04  (VIOLATED) 
     PIN : u_core/rvx_core_instance/rvx_core_csr_file_instance/C2356/DATA3[52]
                                0.00           0.04          -0.04  (VIOLATED) 

   u_core/rvx_uart_instance/N361
                                0.00           0.04          -0.04  (VIOLATED) 
     PIN : u_core/rvx_uart_instance/C820/DATA3[2]
                                0.00           0.04          -0.04  (VIOLATED) 

   u_core/rvx_core_instance/rvx_core_csr_file_instance/N784
                                0.00           0.04          -0.04  (VIOLATED) 
     PIN : u_core/rvx_core_instance/rvx_core_csr_file_instance/C2356/DATA3[50]
                                0.00           0.04          -0.04  (VIOLATED) 

   u_core/rvx_uart_instance/N389
                                0.00           0.04          -0.04  (VIOLATED) 
     PIN : u_core/rvx_uart_instance/C820/DATA3[30]
                                0.00           0.04          -0.04  (VIOLATED) 

   u_core/rvx_core_instance/rvx_core_csr_file_instance/N718
                                0.00           0.04          -0.04  (VIOLATED) 
     PIN : u_core/rvx_core_instance/rvx_core_csr_file_instance/C2356/DATA2[48]
                                0.00           0.04          -0.04  (VIOLATED) 

   u_core/rvx_core_instance/rvx_core_csr_file_instance/N724
                                0.00           0.04          -0.04  (VIOLATED) 
     PIN : u_core/rvx_core_instance/rvx_core_csr_file_instance/C2356/DATA2[54]
                                0.00           0.04          -0.04  (VIOLATED) 

   u_core/rvx_core_instance/rvx_core_address_gen_instance/N42
                                0.00           0.04          -0.04  (VIOLATED) 
     PIN : u_core/rvx_core_instance/rvx_core_address_gen_instance/C92/DATA2[4]
                                0.00           0.04          -0.04  (VIOLATED) 

   u_core/rvx_core_instance/rvx_core_alu_instance/N59
                                0.00           0.04          -0.04  (VIOLATED) 
     PIN : u_core/rvx_core_instance/rvx_core_alu_instance/C306/DATA1[10]
                                0.00           0.04          -0.04  (VIOLATED) 

   u_core/rvx_core_instance/rvx_core_csr_file_instance/N700
                                0.00           0.04          -0.04  (VIOLATED) 
     PIN : u_core/rvx_core_instance/rvx_core_csr_file_instance/C2356/DATA2[30]
                                0.00           0.04          -0.04  (VIOLATED) 

   u_core/rvx_core_instance/rvx_core_csr_file_instance/N722
                                0.00           0.04          -0.04  (VIOLATED) 
     PIN : u_core/rvx_core_instance/rvx_core_csr_file_instance/C2356/DATA2[52]
                                0.00           0.04          -0.04  (VIOLATED) 

   u_core/rvx_uart_instance/N385
                                0.00           0.04          -0.04  (VIOLATED) 
     PIN : u_core/rvx_uart_instance/C820/DATA3[26]
                                0.00           0.04          -0.04  (VIOLATED) 

   u_core/rvx_core_instance/rvx_core_csr_file_instance/N702
                                0.00           0.04          -0.04  (VIOLATED) 
     PIN : u_core/rvx_core_instance/rvx_core_csr_file_instance/C2356/DATA2[32]
                                0.00           0.04          -0.04  (VIOLATED) 

   u_core/rvx_uart_instance/N375
                                0.00           0.04          -0.04  (VIOLATED) 
     PIN : u_core/rvx_uart_instance/C820/DATA3[16]
                                0.00           0.04          -0.04  (VIOLATED) 

   u_core/rvx_core_instance/rvx_core_csr_file_instance/N720
                                0.00           0.04          -0.04  (VIOLATED) 
     PIN : u_core/rvx_core_instance/rvx_core_csr_file_instance/C2356/DATA2[50]
                                0.00           0.04          -0.04  (VIOLATED) 

   u_core/rvx_core_instance/rvx_core_alu_instance/N53
                                0.00           0.04          -0.04  (VIOLATED) 
     PIN : u_core/rvx_core_instance/rvx_core_alu_instance/C306/DATA1[4]
                                0.00           0.04          -0.04  (VIOLATED) 

   u_core/rvx_core_instance/rvx_core_csr_file_instance/N704
                                0.00           0.04          -0.04  (VIOLATED) 
     PIN : u_core/rvx_core_instance/rvx_core_csr_file_instance/C2356/DATA2[34]
                                0.00           0.04          -0.04  (VIOLATED) 

   u_core/rvx_uart_instance/N383
                                0.00           0.04          -0.04  (VIOLATED) 
     PIN : u_core/rvx_uart_instance/C820/DATA3[24]
                                0.00           0.04          -0.04  (VIOLATED) 

   u_core/rvx_uart_instance/N373
                                0.00           0.04          -0.04  (VIOLATED) 
     PIN : u_core/rvx_uart_instance/C820/DATA3[14]
                                0.00           0.04          -0.04  (VIOLATED) 

   u_core/rvx_core_instance/rvx_core_csr_file_instance/N706
                                0.00           0.04          -0.04  (VIOLATED) 
     PIN : u_core/rvx_core_instance/rvx_core_csr_file_instance/C2356/DATA2[36]
                                0.00           0.04          -0.04  (VIOLATED) 

   u_core/rvx_core_instance/rvx_core_alu_instance/N57
                                0.00           0.04          -0.04  (VIOLATED) 
     PIN : u_core/rvx_core_instance/rvx_core_alu_instance/C306/DATA1[8]
                                0.00           0.04          -0.04  (VIOLATED) 

   u_core/rvx_uart_instance/N377
                                0.00           0.04          -0.04  (VIOLATED) 
     PIN : u_core/rvx_uart_instance/C820/DATA3[18]
                                0.00           0.04          -0.04  (VIOLATED) 

   u_core/rvx_core_instance/rvx_core_csr_file_instance/N708
                                0.00           0.04          -0.04  (VIOLATED) 
     PIN : u_core/rvx_core_instance/rvx_core_csr_file_instance/C2356/DATA2[38]
                                0.00           0.04          -0.04  (VIOLATED) 

   u_core/rvx_uart_instance/N381
                                0.00           0.04          -0.04  (VIOLATED) 
     PIN : u_core/rvx_uart_instance/C820/DATA3[22]
                                0.00           0.04          -0.04  (VIOLATED) 

   u_core/rvx_core_instance/rvx_core_csr_file_instance/N710
                                0.00           0.04          -0.04  (VIOLATED) 
     PIN : u_core/rvx_core_instance/rvx_core_csr_file_instance/C2356/DATA2[40]
                                0.00           0.04          -0.04  (VIOLATED) 

   u_core/rvx_core_instance/rvx_core_csr_file_instance/N716
                                0.00           0.04          -0.04  (VIOLATED) 
     PIN : u_core/rvx_core_instance/rvx_core_csr_file_instance/C2356/DATA2[46]
                                0.00           0.04          -0.04  (VIOLATED) 

   u_core/rvx_core_instance/rvx_core_address_gen_instance/N40
                                0.00           0.04          -0.04  (VIOLATED) 
     PIN : u_core/rvx_core_instance/rvx_core_address_gen_instance/C92/DATA2[2]
                                0.00           0.04          -0.04  (VIOLATED) 

   u_core/rvx_core_instance/rvx_core_alu_instance/N55
                                0.00           0.04          -0.04  (VIOLATED) 
     PIN : u_core/rvx_core_instance/rvx_core_alu_instance/C306/DATA1[6]
                                0.00           0.04          -0.04  (VIOLATED) 

   u_core/rvx_core_instance/rvx_core_csr_file_instance/N712
                                0.00           0.04          -0.04  (VIOLATED) 
     PIN : u_core/rvx_core_instance/rvx_core_csr_file_instance/C2356/DATA2[42]
                                0.00           0.04          -0.04  (VIOLATED) 

   u_core/rvx_core_instance/rvx_core_csr_file_instance/N714
                                0.00           0.04          -0.04  (VIOLATED) 
     PIN : u_core/rvx_core_instance/rvx_core_csr_file_instance/C2356/DATA2[44]
                                0.00           0.04          -0.04  (VIOLATED) 

   u_core/rvx_uart_instance/N367
                                0.00           0.04          -0.04  (VIOLATED) 
     PIN : u_core/rvx_uart_instance/C820/DATA3[8]
                                0.00           0.04          -0.04  (VIOLATED) 

   u_core/rvx_core_instance/rvx_core_csr_file_instance/N754
                                0.00           0.04          -0.04  (VIOLATED) 
     PIN : u_core/rvx_core_instance/rvx_core_csr_file_instance/C2356/DATA3[20]
                                0.00           0.04          -0.04  (VIOLATED) 

   u_core/rvx_core_instance/rvx_core_csr_file_instance/N752
                                0.00           0.04          -0.04  (VIOLATED) 
     PIN : u_core/rvx_core_instance/rvx_core_csr_file_instance/C2356/DATA3[18]
                                0.00           0.04          -0.04  (VIOLATED) 

   u_core/rvx_core_instance/rvx_core_csr_file_instance/N750
                                0.00           0.04          -0.04  (VIOLATED) 
     PIN : u_core/rvx_core_instance/rvx_core_csr_file_instance/C2356/DATA3[16]
                                0.00           0.04          -0.04  (VIOLATED) 

   u_core/rvx_uart_instance/N379
                                0.00           0.04          -0.04  (VIOLATED) 
     PIN : u_core/rvx_uart_instance/C820/DATA3[20]
                                0.00           0.04          -0.04  (VIOLATED) 

   u_core/rvx_core_instance/rvx_core_csr_file_instance/N748
                                0.00           0.04          -0.04  (VIOLATED) 
     PIN : u_core/rvx_core_instance/rvx_core_csr_file_instance/C2356/DATA3[14]
                                0.00           0.04          -0.04  (VIOLATED) 

   u_core/rvx_core_instance/rvx_core_csr_file_instance/N746
                                0.00           0.04          -0.04  (VIOLATED) 
     PIN : u_core/rvx_core_instance/rvx_core_csr_file_instance/C2356/DATA3[12]
                                0.00           0.04          -0.04  (VIOLATED) 

   u_core/rvx_uart_instance/N363
                                0.00           0.04          -0.04  (VIOLATED) 
     PIN : u_core/rvx_uart_instance/C820/DATA3[4]
                                0.00           0.04          -0.04  (VIOLATED) 

   u_core/rvx_core_instance/rvx_core_csr_file_instance/N744
                                0.00           0.04          -0.04  (VIOLATED) 
     PIN : u_core/rvx_core_instance/rvx_core_csr_file_instance/C2356/DATA3[10]
                                0.00           0.04          -0.04  (VIOLATED) 

   u_core/rvx_core_instance/rvx_core_csr_file_instance/N742
                                0.00           0.04          -0.04  (VIOLATED) 
     PIN : u_core/rvx_core_instance/rvx_core_csr_file_instance/C2356/DATA3[8]
                                0.00           0.04          -0.04  (VIOLATED) 

   u_core/rvx_uart_instance/N365
                                0.00           0.04          -0.04  (VIOLATED) 
     PIN : u_core/rvx_uart_instance/C820/DATA3[6]
                                0.00           0.04          -0.04  (VIOLATED) 

   u_core/rvx_core_instance/rvx_core_csr_file_instance/N740
                                0.00           0.04          -0.04  (VIOLATED) 
     PIN : u_core/rvx_core_instance/rvx_core_csr_file_instance/C2356/DATA3[6]
                                0.00           0.04          -0.04  (VIOLATED) 

   u_core/rvx_core_instance/rvx_core_csr_file_instance/N738
                                0.00           0.04          -0.04  (VIOLATED) 
     PIN : u_core/rvx_core_instance/rvx_core_csr_file_instance/C2356/DATA3[4]
                                0.00           0.04          -0.04  (VIOLATED) 

   u_core/rvx_core_instance/rvx_core_csr_file_instance/N756
                                0.00           0.04          -0.04  (VIOLATED) 
     PIN : u_core/rvx_core_instance/rvx_core_csr_file_instance/C2356/DATA3[22]
                                0.00           0.04          -0.04  (VIOLATED) 

   u_core/rvx_core_instance/rvx_core_csr_file_instance/N736
                                0.00           0.04          -0.04  (VIOLATED) 
     PIN : u_core/rvx_core_instance/rvx_core_csr_file_instance/C2356/DATA3[2]
                                0.00           0.04          -0.04  (VIOLATED) 

   u_core/rvx_uart_instance/N369
                                0.00           0.04          -0.04  (VIOLATED) 
     PIN : u_core/rvx_uart_instance/C820/DATA3[10]
                                0.00           0.04          -0.04  (VIOLATED) 

   u_core/rvx_uart_instance/N387
                                0.00           0.04          -0.04  (VIOLATED) 
     PIN : u_core/rvx_uart_instance/C820/DATA3[28]
                                0.00           0.04          -0.04  (VIOLATED) 

   u_core/rvx_core_instance/rvx_core_csr_file_instance/N732
                                0.00           0.04          -0.04  (VIOLATED) 
     PIN : u_core/rvx_core_instance/rvx_core_csr_file_instance/C2356/DATA2[62]
                                0.00           0.04          -0.04  (VIOLATED) 

   u_core/rvx_core_instance/rvx_core_address_gen_instance/N44
                                0.00           0.04          -0.04  (VIOLATED) 
     PIN : u_core/rvx_core_instance/rvx_core_address_gen_instance/C92/DATA2[6]
                                0.00           0.04          -0.04  (VIOLATED) 

   u_core/rvx_core_instance/rvx_core_csr_file_instance/N730
                                0.00           0.04          -0.04  (VIOLATED) 
     PIN : u_core/rvx_core_instance/rvx_core_csr_file_instance/C2356/DATA2[60]
                                0.00           0.04          -0.04  (VIOLATED) 

   u_core/rvx_core_instance/rvx_core_csr_file_instance/N698
                                0.00           0.04          -0.04  (VIOLATED) 
     PIN : u_core/rvx_core_instance/rvx_core_csr_file_instance/C2356/DATA2[28]
                                0.00           0.04          -0.04  (VIOLATED) 

   u_core/rvx_uart_instance/N371
                                0.00           0.04          -0.04  (VIOLATED) 
     PIN : u_core/rvx_uart_instance/C820/DATA3[12]
                                0.00           0.04          -0.04  (VIOLATED) 

   u_core/rvx_core_instance/rvx_core_csr_file_instance/N728
                                0.00           0.04          -0.04  (VIOLATED) 
     PIN : u_core/rvx_core_instance/rvx_core_csr_file_instance/C2356/DATA2[58]
                                0.00           0.04          -0.04  (VIOLATED) 

   u_core/rvx_core_instance/rvx_core_alu_instance/N51
                                0.00           0.04          -0.04  (VIOLATED) 
     PIN : u_core/rvx_core_instance/rvx_core_alu_instance/C306/DATA1[2]
                                0.00           0.04          -0.04  (VIOLATED) 

   u_core/rvx_core_instance/rvx_core_csr_file_instance/N726
                                0.00           0.04          -0.04  (VIOLATED) 
     PIN : u_core/rvx_core_instance/rvx_core_csr_file_instance/C2356/DATA2[56]
                                0.00           0.04          -0.04  (VIOLATED) 

   u_core/rvx_core_instance/rvx_core_csr_file_instance/N884
                                0.00           0.04          -0.04  (VIOLATED) 
     PIN : u_core/rvx_core_instance/rvx_core_csr_file_instance/C2358/DATA1[22]
                                0.00           0.04          -0.04  (VIOLATED) 

   u_core/rvx_core_instance/rvx_core_csr_file_instance/N896
                                0.00           0.04          -0.04  (VIOLATED) 
     PIN : u_core/rvx_core_instance/rvx_core_csr_file_instance/C2358/DATA1[34]
                                0.00           0.04          -0.04  (VIOLATED) 

   u_core/rvx_core_instance/rvx_core_address_gen_instance/N92
                                0.00           0.04          -0.04  (VIOLATED) 
     PIN : u_core/rvx_core_instance/rvx_core_address_gen_instance/C91/DATA2[22]
                                0.00           0.04          -0.04  (VIOLATED) 

   u_core/rvx_core_instance/rvx_core_csr_file_instance/N894
                                0.00           0.04          -0.04  (VIOLATED) 
     PIN : u_core/rvx_core_instance/rvx_core_csr_file_instance/C2358/DATA1[32]
                                0.00           0.04          -0.04  (VIOLATED) 

   u_core/rvx_core_instance/N267
                                0.00           0.04          -0.04  (VIOLATED) 
     PIN : u_core/rvx_core_instance/C597/DATA2[16]
                                0.00           0.04          -0.04  (VIOLATED) 

   u_core/rvx_core_instance/rvx_core_csr_file_instance/N892
                                0.00           0.04          -0.04  (VIOLATED) 
     PIN : u_core/rvx_core_instance/rvx_core_csr_file_instance/C2358/DATA1[30]
                                0.00           0.04          -0.04  (VIOLATED) 

   u_core/rvx_core_instance/rvx_core_address_gen_instance/N90
                                0.00           0.04          -0.04  (VIOLATED) 
     PIN : u_core/rvx_core_instance/rvx_core_address_gen_instance/C91/DATA2[20]
                                0.00           0.04          -0.04  (VIOLATED) 

   u_core/rvx_core_instance/rvx_core_csr_file_instance/N890
                                0.00           0.04          -0.04  (VIOLATED) 
     PIN : u_core/rvx_core_instance/rvx_core_csr_file_instance/C2358/DATA1[28]
                                0.00           0.04          -0.04  (VIOLATED) 

   u_core/rvx_core_instance/N269
                                0.00           0.04          -0.04  (VIOLATED) 
     PIN : u_core/rvx_core_instance/C597/DATA2[18]
                                0.00           0.04          -0.04  (VIOLATED) 

   u_core/rvx_core_instance/rvx_core_csr_file_instance/N888
                                0.00           0.04          -0.04  (VIOLATED) 
     PIN : u_core/rvx_core_instance/rvx_core_csr_file_instance/C2358/DATA1[26]
                                0.00           0.04          -0.04  (VIOLATED) 

   u_core/rvx_core_instance/rvx_core_address_gen_instance/N88
                                0.00           0.04          -0.04  (VIOLATED) 
     PIN : u_core/rvx_core_instance/rvx_core_address_gen_instance/C91/DATA2[18]
                                0.00           0.04          -0.04  (VIOLATED) 

   u_core/rvx_core_instance/rvx_core_csr_file_instance/N886
                                0.00           0.04          -0.04  (VIOLATED) 
     PIN : u_core/rvx_core_instance/rvx_core_csr_file_instance/C2358/DATA1[24]
                                0.00           0.04          -0.04  (VIOLATED) 

   u_core/rvx_core_instance/N271
                                0.00           0.04          -0.04  (VIOLATED) 
     PIN : u_core/rvx_core_instance/C597/DATA2[20]
                                0.00           0.04          -0.04  (VIOLATED) 

   u_core/rvx_core_instance/N265
                                0.00           0.04          -0.04  (VIOLATED) 
     PIN : u_core/rvx_core_instance/C597/DATA2[14]
                                0.00           0.04          -0.04  (VIOLATED) 

   u_core/rvx_core_instance/rvx_core_address_gen_instance/N86
                                0.00           0.04          -0.04  (VIOLATED) 
     PIN : u_core/rvx_core_instance/rvx_core_address_gen_instance/C91/DATA2[16]
                                0.00           0.04          -0.04  (VIOLATED) 

   u_core/rvx_core_instance/rvx_core_csr_file_instance/N882
                                0.00           0.04          -0.04  (VIOLATED) 
     PIN : u_core/rvx_core_instance/rvx_core_csr_file_instance/C2358/DATA1[20]
                                0.00           0.04          -0.04  (VIOLATED) 

   u_core/rvx_core_instance/N273
                                0.00           0.04          -0.04  (VIOLATED) 
     PIN : u_core/rvx_core_instance/C597/DATA2[22]
                                0.00           0.04          -0.04  (VIOLATED) 

   u_core/rvx_core_instance/rvx_core_csr_file_instance/N880
                                0.00           0.04          -0.04  (VIOLATED) 
     PIN : u_core/rvx_core_instance/rvx_core_csr_file_instance/C2358/DATA1[18]
                                0.00           0.04          -0.04  (VIOLATED) 

   u_core/rvx_core_instance/rvx_core_address_gen_instance/N84
                                0.00           0.04          -0.04  (VIOLATED) 
     PIN : u_core/rvx_core_instance/rvx_core_address_gen_instance/C91/DATA2[14]
                                0.00           0.04          -0.04  (VIOLATED) 

   u_core/rvx_core_instance/rvx_core_csr_file_instance/N878
                                0.00           0.04          -0.04  (VIOLATED) 
     PIN : u_core/rvx_core_instance/rvx_core_csr_file_instance/C2358/DATA1[16]
                                0.00           0.04          -0.04  (VIOLATED) 

   u_core/rvx_core_instance/N275
                                0.00           0.04          -0.04  (VIOLATED) 
     PIN : u_core/rvx_core_instance/C597/DATA2[24]
                                0.00           0.04          -0.04  (VIOLATED) 

   u_core/rvx_core_instance/rvx_core_csr_file_instance/N876
                                0.00           0.04          -0.04  (VIOLATED) 
     PIN : u_core/rvx_core_instance/rvx_core_csr_file_instance/C2358/DATA1[14]
                                0.00           0.04          -0.04  (VIOLATED) 

   u_core/rvx_core_instance/rvx_core_address_gen_instance/N82
                                0.00           0.04          -0.04  (VIOLATED) 
     PIN : u_core/rvx_core_instance/rvx_core_address_gen_instance/C91/DATA2[12]
                                0.00           0.04          -0.04  (VIOLATED) 

   u_core/rvx_core_instance/rvx_core_csr_file_instance/N874
                                0.00           0.04          -0.04  (VIOLATED) 
     PIN : u_core/rvx_core_instance/rvx_core_csr_file_instance/C2358/DATA1[12]
                                0.00           0.04          -0.04  (VIOLATED) 

   u_core/rvx_core_instance/N277
                                0.00           0.04          -0.04  (VIOLATED) 
     PIN : u_core/rvx_core_instance/C597/DATA2[26]
                                0.00           0.04          -0.04  (VIOLATED) 

   u_core/rvx_core_instance/rvx_core_csr_file_instance/N910
                                0.00           0.04          -0.04  (VIOLATED) 
     PIN : u_core/rvx_core_instance/rvx_core_csr_file_instance/C2358/DATA1[48]
                                0.00           0.04          -0.04  (VIOLATED) 

   u_core/rvx_core_instance/rvx_core_csr_file_instance/N924
                                0.00           0.04          -0.04  (VIOLATED) 
     PIN : u_core/rvx_core_instance/rvx_core_csr_file_instance/C2358/DATA1[62]
                                0.00           0.04          -0.04  (VIOLATED) 

   u_core/rvx_core_instance/rvx_core_csr_file_instance/N922
                                0.00           0.04          -0.04  (VIOLATED) 
     PIN : u_core/rvx_core_instance/rvx_core_csr_file_instance/C2358/DATA1[60]
                                0.00           0.04          -0.04  (VIOLATED) 

   u_core/rvx_core_instance/N253
                                0.00           0.04          -0.04  (VIOLATED) 
     PIN : u_core/rvx_core_instance/C597/DATA2[2]
                                0.00           0.04          -0.04  (VIOLATED) 

   u_core/rvx_core_instance/rvx_core_csr_file_instance/N920
                                0.00           0.04          -0.04  (VIOLATED) 
     PIN : u_core/rvx_core_instance/rvx_core_csr_file_instance/C2358/DATA1[58]
                                0.00           0.04          -0.04  (VIOLATED) 

   u_core/rvx_core_instance/rvx_core_csr_file_instance/N918
                                0.00           0.04          -0.04  (VIOLATED) 
     PIN : u_core/rvx_core_instance/rvx_core_csr_file_instance/C2358/DATA1[56]
                                0.00           0.04          -0.04  (VIOLATED) 

   u_core/rvx_core_instance/N255
                                0.00           0.04          -0.04  (VIOLATED) 
     PIN : u_core/rvx_core_instance/C597/DATA2[4]
                                0.00           0.04          -0.04  (VIOLATED) 

   u_core/rvx_core_instance/rvx_core_csr_file_instance/N916
                                0.00           0.04          -0.04  (VIOLATED) 
     PIN : u_core/rvx_core_instance/rvx_core_csr_file_instance/C2358/DATA1[54]
                                0.00           0.04          -0.04  (VIOLATED) 

   u_core/rvx_core_instance/rvx_core_address_gen_instance/N100
                                0.00           0.04          -0.04  (VIOLATED) 
     PIN : u_core/rvx_core_instance/rvx_core_address_gen_instance/C91/DATA2[30]
                                0.00           0.04          -0.04  (VIOLATED) 

   u_core/rvx_core_instance/rvx_core_csr_file_instance/N914
                                0.00           0.04          -0.04  (VIOLATED) 
     PIN : u_core/rvx_core_instance/rvx_core_csr_file_instance/C2358/DATA1[52]
                                0.00           0.04          -0.04  (VIOLATED) 

   u_core/rvx_core_instance/N257
                                0.00           0.04          -0.04  (VIOLATED) 
     PIN : u_core/rvx_core_instance/C597/DATA2[6]
                                0.00           0.04          -0.04  (VIOLATED) 

   u_core/rvx_core_instance/rvx_core_csr_file_instance/N912
                                0.00           0.04          -0.04  (VIOLATED) 
     PIN : u_core/rvx_core_instance/rvx_core_csr_file_instance/C2358/DATA1[50]
                                0.00           0.04          -0.04  (VIOLATED) 

   u_core/rvx_core_instance/rvx_core_address_gen_instance/N98
                                0.00           0.04          -0.04  (VIOLATED) 
     PIN : u_core/rvx_core_instance/rvx_core_address_gen_instance/C91/DATA2[28]
                                0.00           0.04          -0.04  (VIOLATED) 

   u_core/rvx_core_instance/rvx_core_csr_file_instance/N872
                                0.00           0.04          -0.04  (VIOLATED) 
     PIN : u_core/rvx_core_instance/rvx_core_csr_file_instance/C2358/DATA1[10]
                                0.00           0.04          -0.04  (VIOLATED) 

   u_core/rvx_core_instance/N259
                                0.00           0.04          -0.04  (VIOLATED) 
     PIN : u_core/rvx_core_instance/C597/DATA2[8]
                                0.00           0.04          -0.04  (VIOLATED) 

   u_core/rvx_core_instance/rvx_core_csr_file_instance/N908
                                0.00           0.04          -0.04  (VIOLATED) 
     PIN : u_core/rvx_core_instance/rvx_core_csr_file_instance/C2358/DATA1[46]
                                0.00           0.04          -0.04  (VIOLATED) 

   u_core/rvx_core_instance/rvx_core_csr_file_instance/N906
                                0.00           0.04          -0.04  (VIOLATED) 
     PIN : u_core/rvx_core_instance/rvx_core_csr_file_instance/C2358/DATA1[44]
                                0.00           0.04          -0.04  (VIOLATED) 

   u_core/rvx_core_instance/N261
                                0.00           0.04          -0.04  (VIOLATED) 
     PIN : u_core/rvx_core_instance/C597/DATA2[10]
                                0.00           0.04          -0.04  (VIOLATED) 

   u_core/rvx_core_instance/rvx_core_csr_file_instance/N904
                                0.00           0.04          -0.04  (VIOLATED) 
     PIN : u_core/rvx_core_instance/rvx_core_csr_file_instance/C2358/DATA1[42]
                                0.00           0.04          -0.04  (VIOLATED) 

   u_core/rvx_core_instance/rvx_core_address_gen_instance/N96
                                0.00           0.04          -0.04  (VIOLATED) 
     PIN : u_core/rvx_core_instance/rvx_core_address_gen_instance/C91/DATA2[26]
                                0.00           0.04          -0.04  (VIOLATED) 

   u_core/rvx_core_instance/rvx_core_csr_file_instance/N902
                                0.00           0.04          -0.04  (VIOLATED) 
     PIN : u_core/rvx_core_instance/rvx_core_csr_file_instance/C2358/DATA1[40]
                                0.00           0.04          -0.04  (VIOLATED) 

   u_core/rvx_core_instance/N263
                                0.00           0.04          -0.04  (VIOLATED) 
     PIN : u_core/rvx_core_instance/C597/DATA2[12]
                                0.00           0.04          -0.04  (VIOLATED) 

   u_core/rvx_core_instance/rvx_core_csr_file_instance/N900
                                0.00           0.04          -0.04  (VIOLATED) 
     PIN : u_core/rvx_core_instance/rvx_core_csr_file_instance/C2358/DATA1[38]
                                0.00           0.04          -0.04  (VIOLATED) 

   u_core/rvx_core_instance/rvx_core_address_gen_instance/N94
                                0.00           0.04          -0.04  (VIOLATED) 
     PIN : u_core/rvx_core_instance/rvx_core_address_gen_instance/C91/DATA2[24]
                                0.00           0.04          -0.04  (VIOLATED) 

   u_core/rvx_core_instance/rvx_core_csr_file_instance/N898
                                0.00           0.04          -0.04  (VIOLATED) 
     PIN : u_core/rvx_core_instance/rvx_core_csr_file_instance/C2358/DATA1[36]
                                0.00           0.04          -0.04  (VIOLATED) 

   u_core/rvx_uart_instance/N327
                                0.00           0.04          -0.04  (VIOLATED) 
     PIN : u_core/rvx_uart_instance/C812/DATA3[4]
                                0.00           0.04          -0.04  (VIOLATED) 

   u_core/rvx_core_instance/rvx_core_csr_file_instance/N832
                                0.00           0.04          -0.04  (VIOLATED) 
     PIN : u_core/rvx_core_instance/rvx_core_csr_file_instance/C2357/DATA1[34]
                                0.00           0.04          -0.04  (VIOLATED) 

   u_core/rvx_core_instance/rvx_core_csr_file_instance/N830
                                0.00           0.04          -0.04  (VIOLATED) 
     PIN : u_core/rvx_core_instance/rvx_core_csr_file_instance/C2357/DATA1[32]
                                0.00           0.04          -0.04  (VIOLATED) 

   u_core/rvx_core_instance/rvx_core_csr_file_instance/N828
                                0.00           0.04          -0.04  (VIOLATED) 
     PIN : u_core/rvx_core_instance/rvx_core_csr_file_instance/C2357/DATA1[30]
                                0.00           0.04          -0.04  (VIOLATED) 

   u_core/rvx_core_instance/rvx_core_csr_file_instance/N826
                                0.00           0.04          -0.04  (VIOLATED) 
     PIN : u_core/rvx_core_instance/rvx_core_csr_file_instance/C2357/DATA1[28]
                                0.00           0.04          -0.04  (VIOLATED) 

   u_core/rvx_core_instance/rvx_core_address_gen_instance/N72
                                0.00           0.04          -0.04  (VIOLATED) 
     PIN : u_core/rvx_core_instance/rvx_core_address_gen_instance/C91/DATA2[2]
                                0.00           0.04          -0.04  (VIOLATED) 

   u_core/rvx_core_instance/rvx_core_csr_file_instance/N824
                                0.00           0.04          -0.04  (VIOLATED) 
     PIN : u_core/rvx_core_instance/rvx_core_csr_file_instance/C2357/DATA1[26]
                                0.00           0.04          -0.04  (VIOLATED) 

   u_core/rvx_core_instance/rvx_core_address_gen_instance/N68
                                0.00           0.04          -0.04  (VIOLATED) 
     PIN : u_core/rvx_core_instance/rvx_core_address_gen_instance/C92/DATA2[30]
                                0.00           0.04          -0.04  (VIOLATED) 

   u_core/rvx_core_instance/rvx_core_csr_file_instance/N822
                                0.00           0.04          -0.04  (VIOLATED) 
     PIN : u_core/rvx_core_instance/rvx_core_csr_file_instance/C2357/DATA1[24]
                                0.00           0.04          -0.04  (VIOLATED) 

   u_core/rvx_uart_instance/N325
                                0.00           0.04          -0.04  (VIOLATED) 
     PIN : u_core/rvx_uart_instance/C812/DATA3[2]
                                0.00           0.04          -0.04  (VIOLATED) 

   u_core/rvx_core_instance/rvx_core_csr_file_instance/N820
                                0.00           0.04          -0.04  (VIOLATED) 
     PIN : u_core/rvx_core_instance/rvx_core_csr_file_instance/C2357/DATA1[22]
                                0.00           0.04          -0.04  (VIOLATED) 

   u_core/rvx_core_instance/rvx_core_address_gen_instance/N66
                                0.00           0.04          -0.04  (VIOLATED) 
     PIN : u_core/rvx_core_instance/rvx_core_address_gen_instance/C92/DATA2[28]
                                0.00           0.04          -0.04  (VIOLATED) 

   u_core/rvx_core_instance/rvx_core_csr_file_instance/N818
                                0.00           0.04          -0.04  (VIOLATED) 
     PIN : u_core/rvx_core_instance/rvx_core_csr_file_instance/C2357/DATA1[20]
                                0.00           0.04          -0.04  (VIOLATED) 

   u_core/rvx_core_instance/rvx_core_csr_file_instance/N834
                                0.00           0.04          -0.04  (VIOLATED) 
     PIN : u_core/rvx_core_instance/rvx_core_csr_file_instance/C2357/DATA1[36]
                                0.00           0.04          -0.04  (VIOLATED) 

   u_core/rvx_core_instance/rvx_core_csr_file_instance/N816
                                0.00           0.04          -0.04  (VIOLATED) 
     PIN : u_core/rvx_core_instance/rvx_core_csr_file_instance/C2357/DATA1[18]
                                0.00           0.04          -0.04  (VIOLATED) 

   u_core/rvx_core_instance/rvx_core_address_gen_instance/N64
                                0.00           0.04          -0.04  (VIOLATED) 
     PIN : u_core/rvx_core_instance/rvx_core_address_gen_instance/C92/DATA2[26]
                                0.00           0.04          -0.04  (VIOLATED) 

   u_core/rvx_core_instance/rvx_core_csr_file_instance/N814
                                0.00           0.04          -0.04  (VIOLATED) 
     PIN : u_core/rvx_core_instance/rvx_core_csr_file_instance/C2357/DATA1[16]
                                0.00           0.04          -0.04  (VIOLATED) 

   u_core/rvx_uart_instance/N329
                                0.00           0.04          -0.04  (VIOLATED) 
     PIN : u_core/rvx_uart_instance/C812/DATA3[6]
                                0.00           0.04          -0.04  (VIOLATED) 

   u_core/rvx_core_instance/rvx_core_csr_file_instance/N812
                                0.00           0.04          -0.04  (VIOLATED) 
     PIN : u_core/rvx_core_instance/rvx_core_csr_file_instance/C2357/DATA1[14]
                                0.00           0.04          -0.04  (VIOLATED) 

   u_core/rvx_core_instance/rvx_core_address_gen_instance/N62
                                0.00           0.04          -0.04  (VIOLATED) 
     PIN : u_core/rvx_core_instance/rvx_core_address_gen_instance/C92/DATA2[24]
                                0.00           0.04          -0.04  (VIOLATED) 

   u_core/rvx_core_instance/rvx_core_csr_file_instance/N810
                                0.00           0.04          -0.04  (VIOLATED) 
     PIN : u_core/rvx_core_instance/rvx_core_csr_file_instance/C2357/DATA1[12]
                                0.00           0.04          -0.04  (VIOLATED) 

   u_core/rvx_uart_instance/N331
                                0.00           0.04          -0.04  (VIOLATED) 
     PIN : u_core/rvx_uart_instance/C812/DATA3[8]
                                0.00           0.04          -0.04  (VIOLATED) 

   u_core/rvx_core_instance/rvx_core_csr_file_instance/N808
                                0.00           0.04          -0.04  (VIOLATED) 
     PIN : u_core/rvx_core_instance/rvx_core_csr_file_instance/C2357/DATA1[10]
                                0.00           0.04          -0.04  (VIOLATED) 

   u_core/rvx_core_instance/rvx_core_address_gen_instance/N60
                                0.00           0.04          -0.04  (VIOLATED) 
     PIN : u_core/rvx_core_instance/rvx_core_address_gen_instance/C92/DATA2[22]
                                0.00           0.04          -0.04  (VIOLATED) 

   u_core/rvx_core_instance/rvx_core_csr_file_instance/N806
                                0.00           0.04          -0.04  (VIOLATED) 
     PIN : u_core/rvx_core_instance/rvx_core_csr_file_instance/C2357/DATA1[8]
                                0.00           0.04          -0.04  (VIOLATED) 

   u_core/rvx_core_instance/rvx_core_csr_file_instance/N858
                                0.00           0.04          -0.04  (VIOLATED) 
     PIN : u_core/rvx_core_instance/rvx_core_csr_file_instance/C2357/DATA1[60]
                                0.00           0.04          -0.04  (VIOLATED) 

   u_core/rvx_core_instance/rvx_core_address_gen_instance/N80
                                0.00           0.04          -0.04  (VIOLATED) 
     PIN : u_core/rvx_core_instance/rvx_core_address_gen_instance/C91/DATA2[10]
                                0.00           0.04          -0.04  (VIOLATED) 

   u_core/rvx_core_instance/rvx_core_csr_file_instance/N870
                                0.00           0.04          -0.04  (VIOLATED) 
     PIN : u_core/rvx_core_instance/rvx_core_csr_file_instance/C2358/DATA1[8]
                                0.00           0.04          -0.04  (VIOLATED) 

   u_core/rvx_core_instance/N279
                                0.00           0.04          -0.04  (VIOLATED) 
     PIN : u_core/rvx_core_instance/C597/DATA2[28]
                                0.00           0.04          -0.04  (VIOLATED) 

   u_core/rvx_core_instance/rvx_core_csr_file_instance/N868
                                0.00           0.04          -0.04  (VIOLATED) 
     PIN : u_core/rvx_core_instance/rvx_core_csr_file_instance/C2358/DATA1[6]
                                0.00           0.04          -0.04  (VIOLATED) 

   u_core/rvx_core_instance/rvx_core_address_gen_instance/N78
                                0.00           0.04          -0.04  (VIOLATED) 
     PIN : u_core/rvx_core_instance/rvx_core_address_gen_instance/C91/DATA2[8]
                                0.00           0.04          -0.04  (VIOLATED) 

   u_core/rvx_core_instance/rvx_core_csr_file_instance/N866
                                0.00           0.04          -0.04  (VIOLATED) 
     PIN : u_core/rvx_core_instance/rvx_core_csr_file_instance/C2358/DATA1[4]
                                0.00           0.04          -0.04  (VIOLATED) 

   u_core/rvx_core_instance/N281
                                0.00           0.04          -0.04  (VIOLATED) 
     PIN : u_core/rvx_core_instance/C597/DATA2[30]
                                0.00           0.04          -0.04  (VIOLATED) 

   u_core/rvx_core_instance/rvx_core_csr_file_instance/N864
                                0.00           0.04          -0.04  (VIOLATED) 
     PIN : u_core/rvx_core_instance/rvx_core_csr_file_instance/C2358/DATA1[2]
                                0.00           0.04          -0.04  (VIOLATED) 

   u_core/rvx_core_instance/rvx_core_address_gen_instance/N76
                                0.00           0.04          -0.04  (VIOLATED) 
     PIN : u_core/rvx_core_instance/rvx_core_address_gen_instance/C91/DATA2[6]
                                0.00           0.04          -0.04  (VIOLATED) 

   u_core/rvx_core_instance/rvx_core_address_gen_instance/N74
                                0.00           0.04          -0.04  (VIOLATED) 
     PIN : u_core/rvx_core_instance/rvx_core_address_gen_instance/C91/DATA2[4]
                                0.00           0.04          -0.04  (VIOLATED) 

   u_core/rvx_core_instance/rvx_core_csr_file_instance/N860
                                0.00           0.04          -0.04  (VIOLATED) 
     PIN : u_core/rvx_core_instance/rvx_core_csr_file_instance/C2357/DATA1[62]
                                0.00           0.04          -0.04  (VIOLATED) 

   u_core/rvx_uart_instance/N333
                                0.00           0.04          -0.04  (VIOLATED) 
     PIN : u_core/rvx_uart_instance/C812/DATA3[10]
                                0.00           0.04          -0.04  (VIOLATED) 

   u_core/rvx_core_instance/rvx_core_csr_file_instance/N856
                                0.00           0.04          -0.04  (VIOLATED) 
     PIN : u_core/rvx_core_instance/rvx_core_csr_file_instance/C2357/DATA1[58]
                                0.00           0.04          -0.04  (VIOLATED) 

   u_core/rvx_core_instance/rvx_core_csr_file_instance/N854
                                0.00           0.04          -0.04  (VIOLATED) 
     PIN : u_core/rvx_core_instance/rvx_core_csr_file_instance/C2357/DATA1[56]
                                0.00           0.04          -0.04  (VIOLATED) 

   u_core/rvx_core_instance/rvx_core_csr_file_instance/N852
                                0.00           0.04          -0.04  (VIOLATED) 
     PIN : u_core/rvx_core_instance/rvx_core_csr_file_instance/C2357/DATA1[54]
                                0.00           0.04          -0.04  (VIOLATED) 

   u_core/rvx_core_instance/rvx_core_csr_file_instance/N850
                                0.00           0.04          -0.04  (VIOLATED) 
     PIN : u_core/rvx_core_instance/rvx_core_csr_file_instance/C2357/DATA1[52]
                                0.00           0.04          -0.04  (VIOLATED) 

   u_core/rvx_core_instance/rvx_core_csr_file_instance/N848
                                0.00           0.04          -0.04  (VIOLATED) 
     PIN : u_core/rvx_core_instance/rvx_core_csr_file_instance/C2357/DATA1[50]
                                0.00           0.04          -0.04  (VIOLATED) 

   u_core/rvx_core_instance/rvx_core_csr_file_instance/N846
                                0.00           0.04          -0.04  (VIOLATED) 
     PIN : u_core/rvx_core_instance/rvx_core_csr_file_instance/C2357/DATA1[48]
                                0.00           0.04          -0.04  (VIOLATED) 

   u_core/rvx_core_instance/rvx_core_csr_file_instance/N844
                                0.00           0.04          -0.04  (VIOLATED) 
     PIN : u_core/rvx_core_instance/rvx_core_csr_file_instance/C2357/DATA1[46]
                                0.00           0.04          -0.04  (VIOLATED) 

   u_core/rvx_core_instance/rvx_core_csr_file_instance/N842
                                0.00           0.04          -0.04  (VIOLATED) 
     PIN : u_core/rvx_core_instance/rvx_core_csr_file_instance/C2357/DATA1[44]
                                0.00           0.04          -0.04  (VIOLATED) 

   u_core/rvx_core_instance/rvx_core_csr_file_instance/N840
                                0.00           0.04          -0.04  (VIOLATED) 
     PIN : u_core/rvx_core_instance/rvx_core_csr_file_instance/C2357/DATA1[42]
                                0.00           0.04          -0.04  (VIOLATED) 

   u_core/rvx_core_instance/rvx_core_csr_file_instance/N838
                                0.00           0.04          -0.04  (VIOLATED) 
     PIN : u_core/rvx_core_instance/rvx_core_csr_file_instance/C2357/DATA1[40]
                                0.00           0.04          -0.04  (VIOLATED) 

   u_core/rvx_core_instance/rvx_core_csr_file_instance/N836
                                0.00           0.04          -0.04  (VIOLATED) 
     PIN : u_core/rvx_core_instance/rvx_core_csr_file_instance/C2357/DATA1[38]
                                0.00           0.04          -0.04  (VIOLATED) 

   u_core/rvx_timer_instance/N208
                                0.00           0.04          -0.04  (VIOLATED) 
     PIN : u_core/rvx_timer_instance/C810/DATA3[28]
                                0.00           0.04          -0.04  (VIOLATED) 

   u_core/rvx_core_instance/rvx_core_csr_file_instance/N572
                                0.00           0.04          -0.04  (VIOLATED) 
     PIN : u_core/rvx_core_instance/rvx_core_csr_file_instance/C2356/DATA4[62]
                                0.00           0.04          -0.04  (VIOLATED) 

   u_core/rvx_core_instance/rvx_core_csr_file_instance/N570
                                0.00           0.04          -0.04  (VIOLATED) 
     PIN : u_core/rvx_core_instance/rvx_core_csr_file_instance/C2356/DATA4[60]
                                0.00           0.04          -0.04  (VIOLATED) 

   u_core/rvx_timer_instance/N202
                                0.00           0.04          -0.04  (VIOLATED) 
     PIN : u_core/rvx_timer_instance/C810/DATA3[22]
                                0.00           0.04          -0.04  (VIOLATED) 

   u_core/rvx_core_instance/rvx_core_csr_file_instance/N568
                                0.00           0.04          -0.04  (VIOLATED) 
     PIN : u_core/rvx_core_instance/rvx_core_csr_file_instance/C2356/DATA4[58]
                                0.00           0.04          -0.04  (VIOLATED) 

   u_core/rvx_i2c_instance/N248
                                0.00           0.04          -0.04  (VIOLATED) 
     PIN : u_core/rvx_i2c_instance/C874/DATA4[8]
                                0.00           0.04          -0.04  (VIOLATED) 

   u_core/rvx_core_instance/rvx_core_csr_file_instance/N566
                                0.00           0.04          -0.04  (VIOLATED) 
     PIN : u_core/rvx_core_instance/rvx_core_csr_file_instance/C2356/DATA4[56]
                                0.00           0.04          -0.04  (VIOLATED) 

   u_core/rvx_timer_instance/N204
                                0.00           0.04          -0.04  (VIOLATED) 
     PIN : u_core/rvx_timer_instance/C810/DATA3[24]
                                0.00           0.04          -0.04  (VIOLATED) 

   u_core/rvx_core_instance/rvx_core_csr_file_instance/N564
                                0.00           0.04          -0.04  (VIOLATED) 
     PIN : u_core/rvx_core_instance/rvx_core_csr_file_instance/C2356/DATA4[54]
                                0.00           0.04          -0.04  (VIOLATED) 

   u_core/rvx_core_instance/rvx_core_csr_file_instance/N562
                                0.00           0.04          -0.04  (VIOLATED) 
     PIN : u_core/rvx_core_instance/rvx_core_csr_file_instance/C2356/DATA4[52]
                                0.00           0.04          -0.04  (VIOLATED) 

   u_core/rvx_timer_instance/N206
                                0.00           0.04          -0.04  (VIOLATED) 
     PIN : u_core/rvx_timer_instance/C810/DATA3[26]
                                0.00           0.04          -0.04  (VIOLATED) 

   u_core/rvx_core_instance/rvx_core_csr_file_instance/N560
                                0.00           0.04          -0.04  (VIOLATED) 
     PIN : u_core/rvx_core_instance/rvx_core_csr_file_instance/C2356/DATA4[50]
                                0.00           0.04          -0.04  (VIOLATED) 

   u_core/rvx_core_instance/rvx_core_csr_file_instance/N558
                                0.00           0.04          -0.04  (VIOLATED) 
     PIN : u_core/rvx_core_instance/rvx_core_csr_file_instance/C2356/DATA4[48]
                                0.00           0.04          -0.04  (VIOLATED) 

   u_core/rvx_timer_instance/N200
                                0.00           0.04          -0.04  (VIOLATED) 
     PIN : u_core/rvx_timer_instance/C810/DATA3[20]
                                0.00           0.04          -0.04  (VIOLATED) 

   u_core/rvx_core_instance/rvx_core_csr_file_instance/N556
                                0.00           0.04          -0.04  (VIOLATED) 
     PIN : u_core/rvx_core_instance/rvx_core_csr_file_instance/C2356/DATA4[46]
                                0.00           0.04          -0.04  (VIOLATED) 

   u_core/rvx_i2c_instance/N246
                                0.00           0.04          -0.04  (VIOLATED) 
     PIN : u_core/rvx_i2c_instance/C874/DATA4[6]
                                0.00           0.04          -0.04  (VIOLATED) 

   u_core/rvx_core_instance/rvx_core_csr_file_instance/N554
                                0.00           0.04          -0.04  (VIOLATED) 
     PIN : u_core/rvx_core_instance/rvx_core_csr_file_instance/C2356/DATA4[44]
                                0.00           0.04          -0.04  (VIOLATED) 

   u_core/rvx_timer_instance/N210
                                0.00           0.04          -0.04  (VIOLATED) 
     PIN : u_core/rvx_timer_instance/C810/DATA3[30]
                                0.00           0.04          -0.04  (VIOLATED) 

   u_core/rvx_core_instance/rvx_core_csr_file_instance/N552
                                0.00           0.04          -0.04  (VIOLATED) 
     PIN : u_core/rvx_core_instance/rvx_core_csr_file_instance/C2356/DATA4[42]
                                0.00           0.04          -0.04  (VIOLATED) 

   u_core/rvx_core_instance/rvx_core_csr_file_instance/N550
                                0.00           0.04          -0.04  (VIOLATED) 
     PIN : u_core/rvx_core_instance/rvx_core_csr_file_instance/C2356/DATA4[40]
                                0.00           0.04          -0.04  (VIOLATED) 

   u_core/rvx_timer_instance/N212
                                0.00           0.04          -0.04  (VIOLATED) 
     PIN : u_core/rvx_timer_instance/C811/DATA3[0]
                                0.00           0.04          -0.04  (VIOLATED) 

   u_core/rvx_core_instance/rvx_core_csr_file_instance/N548
                                0.00           0.04          -0.04  (VIOLATED) 
     PIN : u_core/rvx_core_instance/rvx_core_csr_file_instance/C2356/DATA4[38]
                                0.00           0.04          -0.04  (VIOLATED) 

   u_core/rvx_core_instance/rvx_core_csr_file_instance/N546
                                0.00           0.04          -0.04  (VIOLATED) 
     PIN : u_core/rvx_core_instance/rvx_core_csr_file_instance/C2356/DATA4[36]
                                0.00           0.04          -0.04  (VIOLATED) 

   u_core/rvx_timer_instance/N214
                                0.00           0.04          -0.04  (VIOLATED) 
     PIN : u_core/rvx_timer_instance/C811/DATA3[2]
                                0.00           0.04          -0.04  (VIOLATED) 

   u_core/rvx_core_instance/rvx_core_csr_file_instance/N544
                                0.00           0.04          -0.04  (VIOLATED) 
     PIN : u_core/rvx_core_instance/rvx_core_csr_file_instance/C2356/DATA4[34]
                                0.00           0.04          -0.04  (VIOLATED) 

   u_core/rvx_timer_instance/N192
                                0.00           0.04          -0.04  (VIOLATED) 
     PIN : u_core/rvx_timer_instance/C810/DATA3[12]
                                0.00           0.04          -0.04  (VIOLATED) 

   u_core/rvx_i2c_instance/N254
                                0.00           0.04          -0.04  (VIOLATED) 
     PIN : u_core/rvx_i2c_instance/C874/DATA4[14]
                                0.00           0.04          -0.04  (VIOLATED) 

   u_core/rvx_core_instance/rvx_core_csr_file_instance/N602
                                0.00           0.04          -0.04  (VIOLATED) 
     PIN : u_core/rvx_core_instance/rvx_core_csr_file_instance/C2359/DATA3[28]
                                0.00           0.04          -0.04  (VIOLATED) 

   u_core/rvx_timer_instance/N186
                                0.00           0.04          -0.04  (VIOLATED) 
     PIN : u_core/rvx_timer_instance/C810/DATA3[6]
                                0.00           0.04          -0.04  (VIOLATED) 

   u_core/rvx_core_instance/rvx_core_csr_file_instance/N600
                                0.00           0.04          -0.04  (VIOLATED) 
     PIN : u_core/rvx_core_instance/rvx_core_csr_file_instance/C2359/DATA3[26]
                                0.00           0.04          -0.04  (VIOLATED) 

   u_core/rvx_i2c_instance/N252
                                0.00           0.04          -0.04  (VIOLATED) 
     PIN : u_core/rvx_i2c_instance/C874/DATA4[12]
                                0.00           0.04          -0.04  (VIOLATED) 

   u_core/rvx_core_instance/rvx_core_csr_file_instance/N598
                                0.00           0.04          -0.04  (VIOLATED) 
     PIN : u_core/rvx_core_instance/rvx_core_csr_file_instance/C2359/DATA3[24]
                                0.00           0.04          -0.04  (VIOLATED) 

   u_core/rvx_timer_instance/N188
                                0.00           0.04          -0.04  (VIOLATED) 
     PIN : u_core/rvx_timer_instance/C810/DATA3[8]
                                0.00           0.04          -0.04  (VIOLATED) 

   u_core/rvx_core_instance/rvx_core_csr_file_instance/N596
                                0.00           0.04          -0.04  (VIOLATED) 
     PIN : u_core/rvx_core_instance/rvx_core_csr_file_instance/C2359/DATA3[22]
                                0.00           0.04          -0.04  (VIOLATED) 

   u_core/rvx_core_instance/rvx_core_csr_file_instance/N594
                                0.00           0.04          -0.04  (VIOLATED) 
     PIN : u_core/rvx_core_instance/rvx_core_csr_file_instance/C2359/DATA3[20]
                                0.00           0.04          -0.04  (VIOLATED) 

   u_core/rvx_timer_instance/N190
                                0.00           0.04          -0.04  (VIOLATED) 
     PIN : u_core/rvx_timer_instance/C810/DATA3[10]
                                0.00           0.04          -0.04  (VIOLATED) 

   u_core/rvx_core_instance/rvx_core_csr_file_instance/N592
                                0.00           0.04          -0.04  (VIOLATED) 
     PIN : u_core/rvx_core_instance/rvx_core_csr_file_instance/C2359/DATA3[18]
                                0.00           0.04          -0.04  (VIOLATED) 

   u_core/rvx_core_instance/rvx_core_csr_file_instance/N590
                                0.00           0.04          -0.04  (VIOLATED) 
     PIN : u_core/rvx_core_instance/rvx_core_csr_file_instance/C2359/DATA3[16]
                                0.00           0.04          -0.04  (VIOLATED) 

   u_core/rvx_i2c_instance/N244
                                0.00           0.04          -0.04  (VIOLATED) 
     PIN : u_core/rvx_i2c_instance/C874/DATA4[4]
                                0.00           0.04          -0.04  (VIOLATED) 

   u_core/rvx_core_instance/rvx_core_csr_file_instance/N588
                                0.00           0.04          -0.04  (VIOLATED) 
     PIN : u_core/rvx_core_instance/rvx_core_csr_file_instance/C2359/DATA3[14]
                                0.00           0.04          -0.04  (VIOLATED) 

   u_core/rvx_core_instance/rvx_core_csr_file_instance/N586
                                0.00           0.04          -0.04  (VIOLATED) 
     PIN : u_core/rvx_core_instance/rvx_core_csr_file_instance/C2359/DATA3[12]
                                0.00           0.04          -0.04  (VIOLATED) 

   u_core/rvx_timer_instance/N194
                                0.00           0.04          -0.04  (VIOLATED) 
     PIN : u_core/rvx_timer_instance/C810/DATA3[14]
                                0.00           0.04          -0.04  (VIOLATED) 

   u_core/rvx_core_instance/rvx_core_csr_file_instance/N584
                                0.00           0.04          -0.04  (VIOLATED) 
     PIN : u_core/rvx_core_instance/rvx_core_csr_file_instance/C2359/DATA3[10]
                                0.00           0.04          -0.04  (VIOLATED) 

   u_core/rvx_core_instance/rvx_core_csr_file_instance/N582
                                0.00           0.04          -0.04  (VIOLATED) 
     PIN : u_core/rvx_core_instance/rvx_core_csr_file_instance/C2359/DATA3[8]
                                0.00           0.04          -0.04  (VIOLATED) 

   u_core/rvx_timer_instance/N196
                                0.00           0.04          -0.04  (VIOLATED) 
     PIN : u_core/rvx_timer_instance/C810/DATA3[16]
                                0.00           0.04          -0.04  (VIOLATED) 

   u_core/rvx_core_instance/rvx_core_csr_file_instance/N580
                                0.00           0.04          -0.04  (VIOLATED) 
     PIN : u_core/rvx_core_instance/rvx_core_csr_file_instance/C2359/DATA3[6]
                                0.00           0.04          -0.04  (VIOLATED) 

   u_core/rvx_core_instance/rvx_core_csr_file_instance/N578
                                0.00           0.04          -0.04  (VIOLATED) 
     PIN : u_core/rvx_core_instance/rvx_core_csr_file_instance/C2359/DATA3[4]
                                0.00           0.04          -0.04  (VIOLATED) 

   u_core/rvx_timer_instance/N198
                                0.00           0.04          -0.04  (VIOLATED) 
     PIN : u_core/rvx_timer_instance/C810/DATA3[18]
                                0.00           0.04          -0.04  (VIOLATED) 

   u_core/rvx_core_instance/rvx_core_csr_file_instance/N576
                                0.00           0.04          -0.04  (VIOLATED) 
     PIN : u_core/rvx_core_instance/rvx_core_csr_file_instance/C2359/DATA3[2]
                                0.00           0.04          -0.04  (VIOLATED) 

   u_core/rvx_i2c_instance/N250
                                0.00           0.04          -0.04  (VIOLATED) 
     PIN : u_core/rvx_i2c_instance/C874/DATA4[10]
                                0.00           0.04          -0.04  (VIOLATED) 

   u_core/rvx_spi_instance/N199
                                0.00           0.04          -0.04  (VIOLATED) 
     PIN : u_core/rvx_spi_instance/C817/DATA1[8]
                                0.00           0.04          -0.04  (VIOLATED) 

   u_core/rvx_core_instance/rvx_core_csr_file_instance/N512
                                0.00           0.04          -0.04  (VIOLATED) 
     PIN : u_core/rvx_core_instance/rvx_core_csr_file_instance/C2356/DATA4[2]
                                0.00           0.04          -0.04  (VIOLATED) 

   u_core/rvx_i2c_instance/N238
                                0.00           0.04          -0.04  (VIOLATED) 
     PIN : u_core/rvx_i2c_instance/C876/DATA3[4]
                                0.00           0.04          -0.04  (VIOLATED) 

   u_core/rvx_timer_instance/N232
                                0.00           0.04          -0.04  (VIOLATED) 
     PIN : u_core/rvx_timer_instance/C811/DATA3[20]
                                0.00           0.04          -0.04  (VIOLATED) 

   u_core/rvx_timer_instance/N234
                                0.00           0.04          -0.04  (VIOLATED) 
     PIN : u_core/rvx_timer_instance/C811/DATA3[22]
                                0.00           0.04          -0.04  (VIOLATED) 

   u_core/rvx_timer_instance/N236
                                0.00           0.04          -0.04  (VIOLATED) 
     PIN : u_core/rvx_timer_instance/C811/DATA3[24]
                                0.00           0.04          -0.04  (VIOLATED) 

   u_core/rvx_i2c_instance/N236
                                0.00           0.04          -0.04  (VIOLATED) 
     PIN : u_core/rvx_i2c_instance/C876/DATA3[2]
                                0.00           0.04          -0.04  (VIOLATED) 

   u_core/rvx_timer_instance/N238
                                0.00           0.04          -0.04  (VIOLATED) 
     PIN : u_core/rvx_timer_instance/C811/DATA3[26]
                                0.00           0.04          -0.04  (VIOLATED) 

   u_core/rvx_timer_instance/N240
                                0.00           0.04          -0.04  (VIOLATED) 
     PIN : u_core/rvx_timer_instance/C811/DATA3[28]
                                0.00           0.04          -0.04  (VIOLATED) 

   u_core/rvx_timer_instance/N242
                                0.00           0.04          -0.04  (VIOLATED) 
     PIN : u_core/rvx_timer_instance/C811/DATA3[30]
                                0.00           0.04          -0.04  (VIOLATED) 

   u_core/rvx_spi_instance/N193
                                0.00           0.04          -0.04  (VIOLATED) 
     PIN : u_core/rvx_spi_instance/C817/DATA1[2]
                                0.00           0.04          -0.04  (VIOLATED) 

   u_core/rvx_spi_instance/N195
                                0.00           0.04          -0.04  (VIOLATED) 
     PIN : u_core/rvx_spi_instance/C817/DATA1[4]
                                0.00           0.04          -0.04  (VIOLATED) 

   u_core/rvx_spi_instance/N197
                                0.00           0.04          -0.04  (VIOLATED) 
     PIN : u_core/rvx_spi_instance/C817/DATA1[6]
                                0.00           0.04          -0.04  (VIOLATED) 

   u_core/rvx_timer_instance/N230
                                0.00           0.04          -0.04  (VIOLATED) 
     PIN : u_core/rvx_timer_instance/C811/DATA3[18]
                                0.00           0.04          -0.04  (VIOLATED) 

   u_core/rvx_spi_instance/N201
                                0.00           0.04          -0.04  (VIOLATED) 
     PIN : u_core/rvx_spi_instance/C817/DATA1[10]
                                0.00           0.04          -0.04  (VIOLATED) 

   u_core/rvx_spi_instance/N203
                                0.00           0.04          -0.04  (VIOLATED) 
     PIN : u_core/rvx_spi_instance/C817/DATA1[12]
                                0.00           0.04          -0.04  (VIOLATED) 

   u_core/rvx_spi_instance/N229
                                0.00           0.04          -0.04  (VIOLATED) 
     PIN : u_core/rvx_spi_instance/C829/DATA3[2]
                                0.00           0.04          -0.04  (VIOLATED) 

   u_core/rvx_spi_instance/N205
                                0.00           0.04          -0.04  (VIOLATED) 
     PIN : u_core/rvx_spi_instance/C817/DATA1[14]
                                0.00           0.04          -0.04  (VIOLATED) 

   u_core/rvx_spi_instance/N209
                                0.00           0.04          -0.04  (VIOLATED) 
     PIN : u_core/rvx_spi_instance/C824/DATA1[2]
                                0.00           0.04          -0.04  (VIOLATED) 

   u_core/rvx_spi_instance/N211
                                0.00           0.04          -0.04  (VIOLATED) 
     PIN : u_core/rvx_spi_instance/C824/DATA1[4]
                                0.00           0.04          -0.04  (VIOLATED) 

   u_core/rvx_spi_instance/N213
                                0.00           0.04          -0.04  (VIOLATED) 
     PIN : u_core/rvx_spi_instance/C824/DATA1[6]
                                0.00           0.04          -0.04  (VIOLATED) 

   u_core/rvx_spi_instance/N225
                                0.00           0.04          -0.04  (VIOLATED) 
     PIN : u_core/rvx_spi_instance/C822/DATA3[2]
                                0.00           0.04          -0.04  (VIOLATED) 

   u_core/rvx_spi_instance/N215
                                0.00           0.04          -0.04  (VIOLATED) 
     PIN : u_core/rvx_spi_instance/C824/DATA1[8]
                                0.00           0.04          -0.04  (VIOLATED) 

   u_core/rvx_spi_instance/N217
                                0.00           0.04          -0.04  (VIOLATED) 
     PIN : u_core/rvx_spi_instance/C824/DATA1[10]
                                0.00           0.04          -0.04  (VIOLATED) 

   u_core/rvx_spi_instance/N219
                                0.00           0.04          -0.04  (VIOLATED) 
     PIN : u_core/rvx_spi_instance/C824/DATA1[12]
                                0.00           0.04          -0.04  (VIOLATED) 

   u_core/rvx_timer_instance/N222
                                0.00           0.04          -0.04  (VIOLATED) 
     PIN : u_core/rvx_timer_instance/C811/DATA3[10]
                                0.00           0.04          -0.04  (VIOLATED) 

   u_core/rvx_core_instance/rvx_core_csr_file_instance/N542
                                0.00           0.04          -0.04  (VIOLATED) 
     PIN : u_core/rvx_core_instance/rvx_core_csr_file_instance/C2356/DATA4[32]
                                0.00           0.04          -0.04  (VIOLATED) 

   u_core/rvx_timer_instance/N216
                                0.00           0.04          -0.04  (VIOLATED) 
     PIN : u_core/rvx_timer_instance/C811/DATA3[4]
                                0.00           0.04          -0.04  (VIOLATED) 

   u_core/rvx_core_instance/rvx_core_csr_file_instance/N540
                                0.00           0.04          -0.04  (VIOLATED) 
     PIN : u_core/rvx_core_instance/rvx_core_csr_file_instance/C2356/DATA4[30]
                                0.00           0.04          -0.04  (VIOLATED) 

   u_core/rvx_core_instance/rvx_core_csr_file_instance/N538
                                0.00           0.04          -0.04  (VIOLATED) 
     PIN : u_core/rvx_core_instance/rvx_core_csr_file_instance/C2356/DATA4[28]
                                0.00           0.04          -0.04  (VIOLATED) 

   u_core/rvx_timer_instance/N218
                                0.00           0.04          -0.04  (VIOLATED) 
     PIN : u_core/rvx_timer_instance/C811/DATA3[6]
                                0.00           0.04          -0.04  (VIOLATED) 

   u_core/rvx_core_instance/rvx_core_csr_file_instance/N536
                                0.00           0.04          -0.04  (VIOLATED) 
     PIN : u_core/rvx_core_instance/rvx_core_csr_file_instance/C2356/DATA4[26]
                                0.00           0.04          -0.04  (VIOLATED) 

   u_core/rvx_core_instance/rvx_core_csr_file_instance/N534
                                0.00           0.04          -0.04  (VIOLATED) 
     PIN : u_core/rvx_core_instance/rvx_core_csr_file_instance/C2356/DATA4[24]
                                0.00           0.04          -0.04  (VIOLATED) 

   u_core/rvx_timer_instance/N220
                                0.00           0.04          -0.04  (VIOLATED) 
     PIN : u_core/rvx_timer_instance/C811/DATA3[8]
                                0.00           0.04          -0.04  (VIOLATED) 

   u_core/rvx_core_instance/rvx_core_csr_file_instance/N532
                                0.00           0.04          -0.04  (VIOLATED) 
     PIN : u_core/rvx_core_instance/rvx_core_csr_file_instance/C2356/DATA4[22]
                                0.00           0.04          -0.04  (VIOLATED) 

   u_core/rvx_i2c_instance/N242
                                0.00           0.04          -0.04  (VIOLATED) 
     PIN : u_core/rvx_i2c_instance/C874/DATA4[2]
                                0.00           0.04          -0.04  (VIOLATED) 

   u_core/rvx_core_instance/rvx_core_csr_file_instance/N530
                                0.00           0.04          -0.04  (VIOLATED) 
     PIN : u_core/rvx_core_instance/rvx_core_csr_file_instance/C2356/DATA4[20]
                                0.00           0.04          -0.04  (VIOLATED) 

   u_core/rvx_core_instance/rvx_core_address_gen_instance/N30
                                0.00           0.04          -0.04  (VIOLATED) 
     PIN : u_core/rvx_core_instance/rvx_core_address_gen_instance/C91/DATA1[30]
                                0.00           0.04          -0.04  (VIOLATED) 

   u_core/rvx_core_instance/rvx_core_csr_file_instance/N528
                                0.00           0.04          -0.04  (VIOLATED) 
     PIN : u_core/rvx_core_instance/rvx_core_csr_file_instance/C2356/DATA4[18]
                                0.00           0.04          -0.04  (VIOLATED) 

   u_core/rvx_core_instance/rvx_core_csr_file_instance/N526
                                0.00           0.04          -0.04  (VIOLATED) 
     PIN : u_core/rvx_core_instance/rvx_core_csr_file_instance/C2356/DATA4[16]
                                0.00           0.04          -0.04  (VIOLATED) 

   u_core/rvx_timer_instance/N224
                                0.00           0.04          -0.04  (VIOLATED) 
     PIN : u_core/rvx_timer_instance/C811/DATA3[12]
                                0.00           0.04          -0.04  (VIOLATED) 

   u_core/rvx_core_instance/rvx_core_csr_file_instance/N524
                                0.00           0.04          -0.04  (VIOLATED) 
     PIN : u_core/rvx_core_instance/rvx_core_csr_file_instance/C2356/DATA4[14]
                                0.00           0.04          -0.04  (VIOLATED) 

   u_core/rvx_core_instance/rvx_core_csr_file_instance/N522
                                0.00           0.04          -0.04  (VIOLATED) 
     PIN : u_core/rvx_core_instance/rvx_core_csr_file_instance/C2356/DATA4[12]
                                0.00           0.04          -0.04  (VIOLATED) 

   u_core/rvx_timer_instance/N226
                                0.00           0.04          -0.04  (VIOLATED) 
     PIN : u_core/rvx_timer_instance/C811/DATA3[14]
                                0.00           0.04          -0.04  (VIOLATED) 

   u_core/rvx_core_instance/rvx_core_csr_file_instance/N520
                                0.00           0.04          -0.04  (VIOLATED) 
     PIN : u_core/rvx_core_instance/rvx_core_csr_file_instance/C2356/DATA4[10]
                                0.00           0.04          -0.04  (VIOLATED) 

   u_core/rvx_core_instance/rvx_core_csr_file_instance/N518
                                0.00           0.04          -0.04  (VIOLATED) 
     PIN : u_core/rvx_core_instance/rvx_core_csr_file_instance/C2356/DATA4[8]
                                0.00           0.04          -0.04  (VIOLATED) 

   u_core/rvx_timer_instance/N228
                                0.00           0.04          -0.04  (VIOLATED) 
     PIN : u_core/rvx_timer_instance/C811/DATA3[16]
                                0.00           0.04          -0.04  (VIOLATED) 

   u_core/rvx_core_instance/rvx_core_csr_file_instance/N516
                                0.00           0.04          -0.04  (VIOLATED) 
     PIN : u_core/rvx_core_instance/rvx_core_csr_file_instance/C2356/DATA4[6]
                                0.00           0.04          -0.04  (VIOLATED) 

   u_core/rvx_core_instance/rvx_core_csr_file_instance/N514
                                0.00           0.04          -0.04  (VIOLATED) 
     PIN : u_core/rvx_core_instance/rvx_core_csr_file_instance/C2356/DATA4[4]
                                0.00           0.04          -0.04  (VIOLATED) 

   u_core/rvx_uart_instance/N415
                                0.00           0.04          -0.04  (VIOLATED) 
     PIN : u_core/rvx_uart_instance/C815/DATA1[20]
                                0.00           0.04          -0.04  (VIOLATED) 

   u_core/rvx_core_instance/rvx_core_csr_file_instance/N650
                                0.00           0.04          -0.04  (VIOLATED) 
     PIN : u_core/rvx_core_instance/rvx_core_csr_file_instance/C2331/DATA1[12]
                                0.00           0.04          -0.04  (VIOLATED) 

   u_core/rvx_uart_instance/N411
                                0.00           0.04          -0.04  (VIOLATED) 
     PIN : u_core/rvx_uart_instance/C815/DATA1[16]
                                0.00           0.04          -0.04  (VIOLATED) 

   u_core/rvx_core_instance/rvx_core_csr_file_instance/N648
                                0.00           0.04          -0.04  (VIOLATED) 
     PIN : u_core/rvx_core_instance/rvx_core_csr_file_instance/C2331/DATA1[10]
                                0.00           0.04          -0.04  (VIOLATED) 

   u_core/rvx_core_instance/rvx_core_alu_instance/N75
                                0.00           0.04          -0.04  (VIOLATED) 
     PIN : u_core/rvx_core_instance/rvx_core_alu_instance/C306/DATA1[26]
                                0.00           0.04          -0.04  (VIOLATED) 

   u_core/rvx_core_instance/rvx_core_csr_file_instance/N646
                                0.00           0.04          -0.04  (VIOLATED) 
     PIN : u_core/rvx_core_instance/rvx_core_csr_file_instance/C2331/DATA1[8]
                                0.00           0.04          -0.04  (VIOLATED) 

   u_core/rvx_uart_instance/N413
                                0.00           0.04          -0.04  (VIOLATED) 
     PIN : u_core/rvx_uart_instance/C815/DATA1[18]
                                0.00           0.04          -0.04  (VIOLATED) 

   u_core/rvx_core_instance/rvx_core_csr_file_instance/N644
                                0.00           0.04          -0.04  (VIOLATED) 
     PIN : u_core/rvx_core_instance/rvx_core_csr_file_instance/C2331/DATA1[6]
                                0.00           0.04          -0.04  (VIOLATED) 

   u_core/rvx_core_instance/rvx_core_csr_file_instance/N676
                                0.00           0.04          -0.04  (VIOLATED) 
     PIN : u_core/rvx_core_instance/rvx_core_csr_file_instance/C2356/DATA2[6]
                                0.00           0.04          -0.04  (VIOLATED) 

   u_core/rvx_core_instance/rvx_core_csr_file_instance/N604
                                0.00           0.04          -0.04  (VIOLATED) 
     PIN : u_core/rvx_core_instance/rvx_core_csr_file_instance/C2359/DATA3[30]
                                0.00           0.04          -0.04  (VIOLATED) 

   u_core/rvx_core_instance/rvx_core_address_gen_instance/N16
                                0.00           0.04          -0.04  (VIOLATED) 
     PIN : u_core/rvx_core_instance/rvx_core_address_gen_instance/C91/DATA1[16]
                                0.00           0.04          -0.04  (VIOLATED) 

   u_core/rvx_uart_instance/N397
                                0.00           0.04          -0.04  (VIOLATED) 
     PIN : u_core/rvx_uart_instance/C815/DATA1[2]
                                0.00           0.04          -0.04  (VIOLATED) 

   u_core/rvx_core_instance/rvx_core_csr_file_instance/N642
                                0.00           0.04          -0.04  (VIOLATED) 
     PIN : u_core/rvx_core_instance/rvx_core_csr_file_instance/C2331/DATA1[4]
                                0.00           0.04          -0.04  (VIOLATED) 

   u_core/rvx_core_instance/rvx_core_address_gen_instance/N18
                                0.00           0.04          -0.04  (VIOLATED) 
     PIN : u_core/rvx_core_instance/rvx_core_address_gen_instance/C91/DATA1[18]
                                0.00           0.04          -0.04  (VIOLATED) 

   u_core/rvx_core_instance/rvx_core_csr_file_instance/N678
                                0.00           0.04          -0.04  (VIOLATED) 
     PIN : u_core/rvx_core_instance/rvx_core_csr_file_instance/C2356/DATA2[8]
                                0.00           0.04          -0.04  (VIOLATED) 

   u_core/rvx_core_instance/rvx_core_address_gen_instance/N26
                                0.00           0.04          -0.04  (VIOLATED) 
     PIN : u_core/rvx_core_instance/rvx_core_address_gen_instance/C91/DATA1[26]
                                0.00           0.04          -0.04  (VIOLATED) 

   u_core/rvx_core_instance/rvx_core_csr_file_instance/N640
                                0.00           0.04          -0.04  (VIOLATED) 
     PIN : u_core/rvx_core_instance/rvx_core_csr_file_instance/C2331/DATA1[2]
                                0.00           0.04          -0.04  (VIOLATED) 

   u_core/rvx_core_instance/rvx_core_csr_file_instance/N680
                                0.00           0.04          -0.04  (VIOLATED) 
     PIN : u_core/rvx_core_instance/rvx_core_csr_file_instance/C2356/DATA2[10]
                                0.00           0.04          -0.04  (VIOLATED) 

   u_core/rvx_core_instance/rvx_core_alu_instance/N77
                                0.00           0.04          -0.04  (VIOLATED) 
     PIN : u_core/rvx_core_instance/rvx_core_alu_instance/C306/DATA1[28]
                                0.00           0.04          -0.04  (VIOLATED) 

   u_core/rvx_core_instance/rvx_core_alu_instance/N65
                                0.00           0.04          -0.04  (VIOLATED) 
     PIN : u_core/rvx_core_instance/rvx_core_alu_instance/C306/DATA1[16]
                                0.00           0.04          -0.04  (VIOLATED) 

   u_core/rvx_core_instance/rvx_core_csr_file_instance/N636
                                0.00           0.04          -0.04  (VIOLATED) 
     PIN : u_core/rvx_core_instance/rvx_core_csr_file_instance/C2359/DATA3[62]
                                0.00           0.04          -0.04  (VIOLATED) 

   u_core/rvx_core_instance/rvx_core_csr_file_instance/N682
                                0.00           0.04          -0.04  (VIOLATED) 
     PIN : u_core/rvx_core_instance/rvx_core_csr_file_instance/C2356/DATA2[12]
                                0.00           0.04          -0.04  (VIOLATED) 

   u_core/rvx_core_instance/rvx_core_address_gen_instance/N28
                                0.00           0.04          -0.04  (VIOLATED) 
     PIN : u_core/rvx_core_instance/rvx_core_address_gen_instance/C91/DATA1[28]
                                0.00           0.04          -0.04  (VIOLATED) 

   u_core/rvx_uart_instance/N417
                                0.00           0.04          -0.04  (VIOLATED) 
     PIN : u_core/rvx_uart_instance/C815/DATA1[22]
                                0.00           0.04          -0.04  (VIOLATED) 

   u_core/rvx_core_instance/rvx_core_csr_file_instance/N684
                                0.00           0.04          -0.04  (VIOLATED) 
     PIN : u_core/rvx_core_instance/rvx_core_csr_file_instance/C2356/DATA2[14]
                                0.00           0.04          -0.04  (VIOLATED) 

   u_core/rvx_core_instance/rvx_core_alu_instance/N71
                                0.00           0.04          -0.04  (VIOLATED) 
     PIN : u_core/rvx_core_instance/rvx_core_alu_instance/C306/DATA1[22]
                                0.00           0.04          -0.04  (VIOLATED) 

   u_core/rvx_core_instance/rvx_core_alu_instance/N67
                                0.00           0.04          -0.04  (VIOLATED) 
     PIN : u_core/rvx_core_instance/rvx_core_alu_instance/C306/DATA1[18]
                                0.00           0.04          -0.04  (VIOLATED) 

   u_core/rvx_core_instance/rvx_core_csr_file_instance/N674
                                0.00           0.04          -0.04  (VIOLATED) 
     PIN : u_core/rvx_core_instance/rvx_core_csr_file_instance/C2356/DATA2[4]
                                0.00           0.04          -0.04  (VIOLATED) 

   u_core/rvx_uart_instance/N399
                                0.00           0.04          -0.04  (VIOLATED) 
     PIN : u_core/rvx_uart_instance/C815/DATA1[4]
                                0.00           0.04          -0.04  (VIOLATED) 

   u_core/rvx_core_instance/rvx_core_csr_file_instance/N672
                                0.00           0.04          -0.04  (VIOLATED) 
     PIN : u_core/rvx_core_instance/rvx_core_csr_file_instance/C2356/DATA2[2]
                                0.00           0.04          -0.04  (VIOLATED) 

   u_core/rvx_core_instance/rvx_core_address_gen_instance/N24
                                0.00           0.04          -0.04  (VIOLATED) 
     PIN : u_core/rvx_core_instance/rvx_core_address_gen_instance/C91/DATA1[24]
                                0.00           0.04          -0.04  (VIOLATED) 

   u_core/rvx_core_instance/rvx_core_alu_instance/N69
                                0.00           0.04          -0.04  (VIOLATED) 
     PIN : u_core/rvx_core_instance/rvx_core_alu_instance/C306/DATA1[20]
                                0.00           0.04          -0.04  (VIOLATED) 

   u_core/rvx_uart_instance/N401
                                0.00           0.04          -0.04  (VIOLATED) 
     PIN : u_core/rvx_uart_instance/C815/DATA1[6]
                                0.00           0.04          -0.04  (VIOLATED) 

   u_core/rvx_core_instance/rvx_core_csr_file_instance/N668
                                0.00           0.04          -0.04  (VIOLATED) 
     PIN : u_core/rvx_core_instance/rvx_core_csr_file_instance/C2331/DATA1[30]
                                0.00           0.04          -0.04  (VIOLATED) 

   u_core/rvx_core_instance/rvx_core_address_gen_instance/N22
                                0.00           0.04          -0.04  (VIOLATED) 
     PIN : u_core/rvx_core_instance/rvx_core_address_gen_instance/C91/DATA1[22]
                                0.00           0.04          -0.04  (VIOLATED) 

   u_core/rvx_core_instance/rvx_core_csr_file_instance/N666
                                0.00           0.04          -0.04  (VIOLATED) 
     PIN : u_core/rvx_core_instance/rvx_core_csr_file_instance/C2331/DATA1[28]
                                0.00           0.04          -0.04  (VIOLATED) 

   u_core/rvx_uart_instance/N403
                                0.00           0.04          -0.04  (VIOLATED) 
     PIN : u_core/rvx_uart_instance/C815/DATA1[8]
                                0.00           0.04          -0.04  (VIOLATED) 

   u_core/rvx_core_instance/rvx_core_csr_file_instance/N664
                                0.00           0.04          -0.04  (VIOLATED) 
     PIN : u_core/rvx_core_instance/rvx_core_csr_file_instance/C2331/DATA1[26]
                                0.00           0.04          -0.04  (VIOLATED) 

   u_core/rvx_timer_instance/N184
                                0.00           0.04          -0.04  (VIOLATED) 
     PIN : u_core/rvx_timer_instance/C810/DATA3[4]
                                0.00           0.04          -0.04  (VIOLATED) 

   u_core/rvx_core_instance/rvx_core_csr_file_instance/N662
                                0.00           0.04          -0.04  (VIOLATED) 
     PIN : u_core/rvx_core_instance/rvx_core_csr_file_instance/C2331/DATA1[24]
                                0.00           0.04          -0.04  (VIOLATED) 

   u_core/rvx_uart_instance/N405
                                0.00           0.04          -0.04  (VIOLATED) 
     PIN : u_core/rvx_uart_instance/C815/DATA1[10]
                                0.00           0.04          -0.04  (VIOLATED) 

   u_core/rvx_core_instance/rvx_core_csr_file_instance/N660
                                0.00           0.04          -0.04  (VIOLATED) 
     PIN : u_core/rvx_core_instance/rvx_core_csr_file_instance/C2331/DATA1[22]
                                0.00           0.04          -0.04  (VIOLATED) 

   u_core/rvx_core_instance/rvx_core_address_gen_instance/N20
                                0.00           0.04          -0.04  (VIOLATED) 
     PIN : u_core/rvx_core_instance/rvx_core_address_gen_instance/C91/DATA1[20]
                                0.00           0.04          -0.04  (VIOLATED) 

   u_core/rvx_core_instance/rvx_core_csr_file_instance/N658
                                0.00           0.04          -0.04  (VIOLATED) 
     PIN : u_core/rvx_core_instance/rvx_core_csr_file_instance/C2331/DATA1[20]
                                0.00           0.04          -0.04  (VIOLATED) 

   u_core/rvx_uart_instance/N407
                                0.00           0.04          -0.04  (VIOLATED) 
     PIN : u_core/rvx_uart_instance/C815/DATA1[12]
                                0.00           0.04          -0.04  (VIOLATED) 

   u_core/rvx_core_instance/rvx_core_csr_file_instance/N656
                                0.00           0.04          -0.04  (VIOLATED) 
     PIN : u_core/rvx_core_instance/rvx_core_csr_file_instance/C2331/DATA1[18]
                                0.00           0.04          -0.04  (VIOLATED) 

   u_core/rvx_core_instance/rvx_core_alu_instance/N73
                                0.00           0.04          -0.04  (VIOLATED) 
     PIN : u_core/rvx_core_instance/rvx_core_alu_instance/C306/DATA1[24]
                                0.00           0.04          -0.04  (VIOLATED) 

   u_core/rvx_core_instance/rvx_core_csr_file_instance/N654
                                0.00           0.04          -0.04  (VIOLATED) 
     PIN : u_core/rvx_core_instance/rvx_core_csr_file_instance/C2331/DATA1[16]
                                0.00           0.04          -0.04  (VIOLATED) 

   u_core/rvx_uart_instance/N409
                                0.00           0.04          -0.04  (VIOLATED) 
     PIN : u_core/rvx_uart_instance/C815/DATA1[14]
                                0.00           0.04          -0.04  (VIOLATED) 

   u_core/rvx_core_instance/rvx_core_csr_file_instance/N652
                                0.00           0.04          -0.04  (VIOLATED) 
     PIN : u_core/rvx_core_instance/rvx_core_csr_file_instance/C2331/DATA1[14]
                                0.00           0.04          -0.04  (VIOLATED) 

   u_core/rvx_core_instance/rvx_core_address_gen_instance/N8
                                0.00           0.04          -0.04  (VIOLATED) 
     PIN : u_core/rvx_core_instance/rvx_core_address_gen_instance/C91/DATA1[8]
                                0.00           0.04          -0.04  (VIOLATED) 

   u_core/rvx_core_instance/rvx_core_address_gen_instance/N2
                                0.00           0.04          -0.04  (VIOLATED) 
     PIN : u_core/rvx_core_instance/rvx_core_address_gen_instance/C91/DATA1[2]
                                0.00           0.04          -0.04  (VIOLATED) 

   u_core/rvx_core_instance/rvx_core_csr_file_instance/N626
                                0.00           0.04          -0.04  (VIOLATED) 
     PIN : u_core/rvx_core_instance/rvx_core_csr_file_instance/C2359/DATA3[52]
                                0.00           0.04          -0.04  (VIOLATED) 

   u_core/rvx_core_instance/rvx_core_address_gen_instance/N12
                                0.00           0.04          -0.04  (VIOLATED) 
     PIN : u_core/rvx_core_instance/rvx_core_address_gen_instance/C91/DATA1[12]
                                0.00           0.04          -0.04  (VIOLATED) 

   u_core/rvx_core_instance/rvx_core_csr_file_instance/N624
                                0.00           0.04          -0.04  (VIOLATED) 
     PIN : u_core/rvx_core_instance/rvx_core_csr_file_instance/C2359/DATA3[50]
                                0.00           0.04          -0.04  (VIOLATED) 

   u_core/rvx_uart_instance/N423
                                0.00           0.04          -0.04  (VIOLATED) 
     PIN : u_core/rvx_uart_instance/C815/DATA1[28]
                                0.00           0.04          -0.04  (VIOLATED) 

   u_core/rvx_core_instance/rvx_core_csr_file_instance/N622
                                0.00           0.04          -0.04  (VIOLATED) 
     PIN : u_core/rvx_core_instance/rvx_core_csr_file_instance/C2359/DATA3[48]
                                0.00           0.04          -0.04  (VIOLATED) 

   u_core/rvx_core_instance/rvx_core_address_gen_instance/N10
                                0.00           0.04          -0.04  (VIOLATED) 
     PIN : u_core/rvx_core_instance/rvx_core_address_gen_instance/C91/DATA1[10]
                                0.00           0.04          -0.04  (VIOLATED) 

   u_core/rvx_core_instance/rvx_core_csr_file_instance/N620
                                0.00           0.04          -0.04  (VIOLATED) 
     PIN : u_core/rvx_core_instance/rvx_core_csr_file_instance/C2359/DATA3[46]
                                0.00           0.04          -0.04  (VIOLATED) 

   u_core/rvx_uart_instance/N425
                                0.00           0.04          -0.04  (VIOLATED) 
     PIN : u_core/rvx_uart_instance/C815/DATA1[30]
                                0.00           0.04          -0.04  (VIOLATED) 

   u_core/rvx_core_instance/rvx_core_csr_file_instance/N618
                                0.00           0.04          -0.04  (VIOLATED) 
     PIN : u_core/rvx_core_instance/rvx_core_csr_file_instance/C2359/DATA3[44]
                                0.00           0.04          -0.04  (VIOLATED) 

   u_core/rvx_core_instance/rvx_core_csr_file_instance/N634
                                0.00           0.04          -0.04  (VIOLATED) 
     PIN : u_core/rvx_core_instance/rvx_core_csr_file_instance/C2359/DATA3[60]
                                0.00           0.04          -0.04  (VIOLATED) 

   u_core/rvx_core_instance/rvx_core_csr_file_instance/N608
                                0.00           0.04          -0.04  (VIOLATED) 
     PIN : u_core/rvx_core_instance/rvx_core_csr_file_instance/C2359/DATA3[34]
                                0.00           0.04          -0.04  (VIOLATED) 

   u_core/rvx_core_instance/rvx_core_csr_file_instance/N616
                                0.00           0.04          -0.04  (VIOLATED) 
     PIN : u_core/rvx_core_instance/rvx_core_csr_file_instance/C2359/DATA3[42]
                                0.00           0.04          -0.04  (VIOLATED) 

   u_core/rvx_timer_instance/N182
                                0.00           0.04          -0.04  (VIOLATED) 
     PIN : u_core/rvx_timer_instance/C810/DATA3[2]
                                0.00           0.04          -0.04  (VIOLATED) 

   u_core/rvx_core_instance/rvx_core_csr_file_instance/N690
                                0.00           0.04          -0.04  (VIOLATED) 
     PIN : u_core/rvx_core_instance/rvx_core_csr_file_instance/C2356/DATA2[20]
                                0.00           0.04          -0.04  (VIOLATED) 

   u_core/rvx_core_instance/rvx_core_csr_file_instance/N614
                                0.00           0.04          -0.04  (VIOLATED) 
     PIN : u_core/rvx_core_instance/rvx_core_csr_file_instance/C2359/DATA3[40]
                                0.00           0.04          -0.04  (VIOLATED) 

   u_core/rvx_core_instance/rvx_core_address_gen_instance/N6
                                0.00           0.04          -0.04  (VIOLATED) 
     PIN : u_core/rvx_core_instance/rvx_core_address_gen_instance/C91/DATA1[6]
                                0.00           0.04          -0.04  (VIOLATED) 

   u_core/rvx_core_instance/rvx_core_csr_file_instance/N610
                                0.00           0.04          -0.04  (VIOLATED) 
     PIN : u_core/rvx_core_instance/rvx_core_csr_file_instance/C2359/DATA3[36]
                                0.00           0.04          -0.04  (VIOLATED) 

   u_core/rvx_core_instance/rvx_core_address_gen_instance/N4
                                0.00           0.04          -0.04  (VIOLATED) 
     PIN : u_core/rvx_core_instance/rvx_core_address_gen_instance/C91/DATA1[4]
                                0.00           0.04          -0.04  (VIOLATED) 

   u_core/rvx_core_instance/rvx_core_csr_file_instance/N612
                                0.00           0.04          -0.04  (VIOLATED) 
     PIN : u_core/rvx_core_instance/rvx_core_csr_file_instance/C2359/DATA3[38]
                                0.00           0.04          -0.04  (VIOLATED) 

   u_core/rvx_core_instance/rvx_core_csr_file_instance/N630
                                0.00           0.04          -0.04  (VIOLATED) 
     PIN : u_core/rvx_core_instance/rvx_core_csr_file_instance/C2359/DATA3[56]
                                0.00           0.04          -0.04  (VIOLATED) 

   u_core/rvx_core_instance/rvx_core_alu_instance/N63
                                0.00           0.04          -0.04  (VIOLATED) 
     PIN : u_core/rvx_core_instance/rvx_core_alu_instance/C306/DATA1[14]
                                0.00           0.04          -0.04  (VIOLATED) 

   u_core/rvx_uart_instance/N419
                                0.00           0.04          -0.04  (VIOLATED) 
     PIN : u_core/rvx_uart_instance/C815/DATA1[24]
                                0.00           0.04          -0.04  (VIOLATED) 

   u_core/rvx_core_instance/rvx_core_csr_file_instance/N688
                                0.00           0.04          -0.04  (VIOLATED) 
     PIN : u_core/rvx_core_instance/rvx_core_csr_file_instance/C2356/DATA2[18]
                                0.00           0.04          -0.04  (VIOLATED) 

   u_core/rvx_core_instance/rvx_core_csr_file_instance/N606
                                0.00           0.04          -0.04  (VIOLATED) 
     PIN : u_core/rvx_core_instance/rvx_core_csr_file_instance/C2359/DATA3[32]
                                0.00           0.04          -0.04  (VIOLATED) 

   u_core/rvx_core_instance/rvx_core_csr_file_instance/N632
                                0.00           0.04          -0.04  (VIOLATED) 
     PIN : u_core/rvx_core_instance/rvx_core_csr_file_instance/C2359/DATA3[58]
                                0.00           0.04          -0.04  (VIOLATED) 

   u_core/rvx_core_instance/rvx_core_csr_file_instance/N686
                                0.00           0.04          -0.04  (VIOLATED) 
     PIN : u_core/rvx_core_instance/rvx_core_csr_file_instance/C2356/DATA2[16]
                                0.00           0.04          -0.04  (VIOLATED) 

   u_core/rvx_core_instance/rvx_core_alu_instance/N79
                                0.00           0.04          -0.04  (VIOLATED) 
     PIN : u_core/rvx_core_instance/rvx_core_alu_instance/C306/DATA1[30]
                                0.00           0.04          -0.04  (VIOLATED) 

   u_core/rvx_core_instance/rvx_core_csr_file_instance/N628
                                0.00           0.04          -0.04  (VIOLATED) 
     PIN : u_core/rvx_core_instance/rvx_core_csr_file_instance/C2359/DATA3[54]
                                0.00           0.04          -0.04  (VIOLATED) 

   u_core/rvx_uart_instance/N393
                                0.00           0.04          -0.04  (VIOLATED) 
     PIN : u_core/rvx_uart_instance/C811/DATA1[2]
                                0.00           0.04          -0.04  (VIOLATED) 

   u_core/rvx_core_instance/rvx_core_address_gen_instance/N14
                                0.00           0.04          -0.04  (VIOLATED) 
     PIN : u_core/rvx_core_instance/rvx_core_address_gen_instance/C91/DATA1[14]
                                0.00           0.04          -0.04  (VIOLATED) 

   u_core/rvx_uart_instance/N421
                                0.00           0.04          -0.04  (VIOLATED) 
     PIN : u_core/rvx_uart_instance/C815/DATA1[26]
                                0.00           0.04          -0.04  (VIOLATED) 

   u_core/rvx_core_instance/rvx_core_alu_instance/alu_minus_2nd_operand_s2[14]
                                0.00           0.04          -0.04  (VIOLATED) 
     PIN : u_core/rvx_core_instance/rvx_core_alu_instance/C303/DATA1[14]
                                0.00           0.04          -0.04  (VIOLATED) 

   u_core/rvx_core_instance/rvx_core_alu_instance/alu_minus_2nd_operand_s2[20]
                                0.00           0.04          -0.04  (VIOLATED) 
     PIN : u_core/rvx_core_instance/rvx_core_alu_instance/C303/DATA1[20]
                                0.00           0.04          -0.04  (VIOLATED) 

   u_core/rvx_core_instance/rvx_core_alu_instance/alu_minus_2nd_operand_s2[2]
                                0.00           0.04          -0.04  (VIOLATED) 
     PIN : u_core/rvx_core_instance/rvx_core_alu_instance/C303/DATA1[2]
                                0.00           0.04          -0.04  (VIOLATED) 

   u_core/rvx_core_instance/rvx_core_alu_instance/alu_minus_2nd_operand_s2[22]
                                0.00           0.04          -0.04  (VIOLATED) 
     PIN : u_core/rvx_core_instance/rvx_core_alu_instance/C303/DATA1[22]
                                0.00           0.04          -0.04  (VIOLATED) 

   u_core/rvx_core_instance/rvx_core_alu_instance/alu_minus_2nd_operand_s2[4]
                                0.00           0.04          -0.04  (VIOLATED) 
     PIN : u_core/rvx_core_instance/rvx_core_alu_instance/C303/DATA1[4]
                                0.00           0.04          -0.04  (VIOLATED) 

   u_core/rvx_core_instance/rvx_core_alu_instance/alu_minus_2nd_operand_s2[18]
                                0.00           0.04          -0.04  (VIOLATED) 
     PIN : u_core/rvx_core_instance/rvx_core_alu_instance/C303/DATA1[18]
                                0.00           0.04          -0.04  (VIOLATED) 

   u_core/rvx_core_instance/rvx_core_alu_instance/alu_minus_2nd_operand_s2[24]
                                0.00           0.04          -0.04  (VIOLATED) 
     PIN : u_core/rvx_core_instance/rvx_core_alu_instance/C303/DATA1[24]
                                0.00           0.04          -0.04  (VIOLATED) 

   u_core/rvx_core_instance/rvx_core_alu_instance/alu_minus_2nd_operand_s2[6]
                                0.00           0.04          -0.04  (VIOLATED) 
     PIN : u_core/rvx_core_instance/rvx_core_alu_instance/C303/DATA1[6]
                                0.00           0.04          -0.04  (VIOLATED) 

   u_core/rvx_core_instance/rvx_core_alu_instance/alu_minus_2nd_operand_s2[16]
                                0.00           0.04          -0.04  (VIOLATED) 
     PIN : u_core/rvx_core_instance/rvx_core_alu_instance/C303/DATA1[16]
                                0.00           0.04          -0.04  (VIOLATED) 

   u_core/rvx_core_instance/rvx_core_alu_instance/alu_minus_2nd_operand_s2[8]
                                0.00           0.04          -0.04  (VIOLATED) 
     PIN : u_core/rvx_core_instance/rvx_core_alu_instance/C303/DATA1[8]
                                0.00           0.04          -0.04  (VIOLATED) 

   u_core/rvx_core_instance/rvx_core_alu_instance/alu_minus_2nd_operand_s2[10]
                                0.00           0.04          -0.04  (VIOLATED) 
     PIN : u_core/rvx_core_instance/rvx_core_alu_instance/C303/DATA1[10]
                                0.00           0.04          -0.04  (VIOLATED) 

   u_core/rvx_core_instance/rvx_core_alu_instance/alu_minus_2nd_operand_s2[30]
                                0.00           0.04          -0.04  (VIOLATED) 
     PIN : u_core/rvx_core_instance/rvx_core_alu_instance/C303/DATA1[30]
                                0.00           0.04          -0.04  (VIOLATED) 

   u_core/rvx_core_instance/rvx_core_alu_instance/alu_minus_2nd_operand_s2[28]
                                0.00           0.04          -0.04  (VIOLATED) 
     PIN : u_core/rvx_core_instance/rvx_core_alu_instance/C303/DATA1[28]
                                0.00           0.04          -0.04  (VIOLATED) 

   u_core/rvx_core_instance/rvx_core_alu_instance/alu_minus_2nd_operand_s2[26]
                                0.00           0.04          -0.04  (VIOLATED) 
     PIN : u_core/rvx_core_instance/rvx_core_alu_instance/C303/DATA1[26]
                                0.00           0.04          -0.04  (VIOLATED) 

   u_core/rvx_core_instance/rvx_core_alu_instance/alu_minus_2nd_operand_s2[12]
                                0.00           0.04          -0.04  (VIOLATED) 
     PIN : u_core/rvx_core_instance/rvx_core_alu_instance/C303/DATA1[12]
                                0.00           0.04          -0.04  (VIOLATED) 

   u_core/rvx_spi_instance/bit_select[2]
                                0.00           0.04          -0.04  (VIOLATED) 
     PIN : u_core/rvx_spi_instance/C978/I1
                                0.00           0.04          -0.04  (VIOLATED) 
     PIN : u_core/rvx_spi_instance/I_52/I
                                0.00           0.04          -0.04  (VIOLATED) 
     PIN : u_core/rvx_spi_instance/C942/I1
                                0.00           0.04          -0.04  (VIOLATED) 
     PIN : u_core/rvx_spi_instance/C944/I1
                                0.00           0.04          -0.04  (VIOLATED) 
     PIN : u_core/rvx_spi_instance/C946/I1
                                0.00           0.04          -0.04  (VIOLATED) 
     PIN : u_core/rvx_spi_instance/C948/I1
                                0.00           0.04          -0.04  (VIOLATED) 
     PIN : u_core/rvx_spi_instance/C972/I1
                                0.00           0.04          -0.04  (VIOLATED) 
     PIN : u_core/rvx_spi_instance/C974/I1
                                0.00           0.04          -0.04  (VIOLATED) 
     PIN : u_core/rvx_spi_instance/C976/I1
                                0.00           0.04          -0.04  (VIOLATED) 

   u_core/rvx_core_instance/rvx_core_branch_instance/equal
                                0.00           0.04          -0.04  (VIOLATED) 
     PIN : u_core/rvx_core_instance/rvx_core_branch_instance/I_0/I
                                0.00           0.04          -0.04  (VIOLATED) 
     PIN : u_core/rvx_core_instance/rvx_core_branch_instance/C74/DATA1[0]
                                0.00           0.04          -0.04  (VIOLATED) 

   u_core/rvx_i2c_instance/N0
                                0.00           0.04          -0.04  (VIOLATED) 
     PIN : u_core/rvx_i2c_instance/C883/I0
                                0.00           0.04          -0.04  (VIOLATED) 

   u_core/rvx_i2c_instance/shift_completed
                                0.00           0.04          -0.04  (VIOLATED) 
     PIN : u_core/rvx_i2c_instance/I_37/I
                                0.00           0.04          -0.04  (VIOLATED) 
     PIN : u_core/rvx_i2c_instance/C915/I2
                                0.00           0.04          -0.04  (VIOLATED) 

   u_core/rvx_core_instance/rvx_core_integer_file_instance/N0
                                0.00           0.04          -0.04  (VIOLATED) 
     PIN : u_core/rvx_core_instance/rvx_core_integer_file_instance/C2480/I0
                                0.00           0.04          -0.04  (VIOLATED) 

   u_core/rvx_core_instance/rvx_core_integer_file_instance/N1
                                0.00           0.04          -0.04  (VIOLATED) 
     PIN : u_core/rvx_core_instance/rvx_core_integer_file_instance/C2481/I0
                                0.00           0.04          -0.04  (VIOLATED) 

   u_core/rvx_core_instance/gen_rvx_core_mdu.rvx_core_mdu_instance/result_ss[0]
                                0.00           0.04          -0.04  (VIOLATED) 
     PIN : u_core/rvx_core_instance/gen_rvx_core_mdu.rvx_core_mdu_instance/C92/DATA2[0]
                                0.00           0.04          -0.04  (VIOLATED) 
     PIN : u_core/rvx_core_instance/gen_rvx_core_mdu.rvx_core_mdu_instance/C91/DATA1[0]
                                0.00           0.04          -0.04  (VIOLATED) 

   u_core/rvx_core_instance/gen_rvx_core_mdu.rvx_core_mdu_instance/result_ss[2]
                                0.00           0.04          -0.04  (VIOLATED) 
     PIN : u_core/rvx_core_instance/gen_rvx_core_mdu.rvx_core_mdu_instance/C92/DATA2[2]
                                0.00           0.04          -0.04  (VIOLATED) 
     PIN : u_core/rvx_core_instance/gen_rvx_core_mdu.rvx_core_mdu_instance/C91/DATA1[2]
                                0.00           0.04          -0.04  (VIOLATED) 

   u_core/rvx_timer_instance/N154
                                0.00           0.04          -0.04  (VIOLATED) 
     PIN : u_core/rvx_timer_instance/C878/I0
                                0.00           0.04          -0.04  (VIOLATED) 
     PIN : u_core/rvx_timer_instance/C875/I0
                                0.00           0.04          -0.04  (VIOLATED) 

   u_core/rvx_spi_instance/N87
                                0.00           0.04          -0.04  (VIOLATED) 
     PIN : u_core/rvx_spi_instance/C953/I1
                                0.00           0.04          -0.04  (VIOLATED) 
     PIN : u_core/rvx_spi_instance/C830/DATA3[0]
                                0.00           0.04          -0.04  (VIOLATED) 
     PIN : u_core/rvx_spi_instance/C835/DATA3[0]
                                0.00           0.04          -0.04  (VIOLATED) 
     PIN : u_core/rvx_spi_instance/C838/DATA3[0]
                                0.00           0.04          -0.04  (VIOLATED) 

   u_core/rvx_spi_instance/N96
                                0.00           0.04          -0.04  (VIOLATED) 
     PIN : u_core/rvx_spi_instance/C983/I1
                                0.00           0.04          -0.04  (VIOLATED) 
     PIN : u_core/rvx_spi_instance/C830/DATA4[0]
                                0.00           0.04          -0.04  (VIOLATED) 
     PIN : u_core/rvx_spi_instance/C835/DATA4[0]
                                0.00           0.04          -0.04  (VIOLATED) 
     PIN : u_core/rvx_spi_instance/C838/DATA4[0]
                                0.00           0.04          -0.04  (VIOLATED) 

   u_core/rvx_uart_instance/N83
                                0.00           0.03          -0.03  (VIOLATED) 
     PIN : u_core/rvx_uart_instance/C880/I1
                                0.00           0.03          -0.03  (VIOLATED) 
     PIN : u_core/rvx_uart_instance/C811/CONTROL1[0]
                                0.00           0.03          -0.03  (VIOLATED) 
     PIN : u_core/rvx_uart_instance/I_29/I
                                0.00           0.03          -0.03  (VIOLATED) 

   u_core/rvx_spi_instance/N94
                                0.00           0.03          -0.03  (VIOLATED) 
     PIN : u_core/rvx_spi_instance/I_55/I
                                0.00           0.03          -0.03  (VIOLATED) 
     PIN : u_core/rvx_spi_instance/C818/CONTROL1[0]
                                0.00           0.03          -0.03  (VIOLATED) 
     PIN : u_core/rvx_spi_instance/I_16/I
                                0.00           0.03          -0.03  (VIOLATED) 
     PIN : u_core/rvx_spi_instance/C820/DATA1[0]
                                0.00           0.03          -0.03  (VIOLATED) 

   u_core/rvx_spi_instance/N103
                                0.00           0.03          -0.03  (VIOLATED) 
     PIN : u_core/rvx_spi_instance/I_59/I
                                0.00           0.03          -0.03  (VIOLATED) 
     PIN : u_core/rvx_spi_instance/C825/CONTROL1[0]
                                0.00           0.03          -0.03  (VIOLATED) 
     PIN : u_core/rvx_spi_instance/I_17/I
                                0.00           0.03          -0.03  (VIOLATED) 
     PIN : u_core/rvx_spi_instance/C827/DATA1[0]
                                0.00           0.03          -0.03  (VIOLATED) 

   u_core/rvx_spi_instance/N93
                                0.00           0.03          -0.03  (VIOLATED) 
     PIN : u_core/rvx_spi_instance/C994/I0
                                0.00           0.03          -0.03  (VIOLATED) 
     PIN : u_core/rvx_spi_instance/C956/I0
                                0.00           0.03          -0.03  (VIOLATED) 

   u_core/rvx_spi_instance/N102
                                0.00           0.03          -0.03  (VIOLATED) 
     PIN : u_core/rvx_spi_instance/C996/I0
                                0.00           0.03          -0.03  (VIOLATED) 
     PIN : u_core/rvx_spi_instance/C986/I0
                                0.00           0.03          -0.03  (VIOLATED) 

   u_core/rvx_interconnect_instance/N2
                                0.00           0.03          -0.03  (VIOLATED) 
     PIN : u_core/rvx_interconnect_instance/C347/I0
                                0.00           0.03          -0.03  (VIOLATED) 

   u_core/rvx_interconnect_instance/N0
                                0.00           0.03          -0.03  (VIOLATED) 
     PIN : u_core/rvx_interconnect_instance/C345/I0
                                0.00           0.03          -0.03  (VIOLATED) 

   u_core/rvx_tightly_coupled_memory_instance/N1
                                0.00           0.03          -0.03  (VIOLATED) 
     PIN : u_core/rvx_tightly_coupled_memory_instance/C36507/I0
                                0.00           0.03          -0.03  (VIOLATED) 

   u_core/rvx_interconnect_instance/N4
                                0.00           0.03          -0.03  (VIOLATED) 
     PIN : u_core/rvx_interconnect_instance/C349/I0
                                0.00           0.03          -0.03  (VIOLATED) 

   u_core/rvx_tightly_coupled_memory_instance/N0
                                0.00           0.03          -0.03  (VIOLATED) 
     PIN : u_core/rvx_tightly_coupled_memory_instance/C36486/I0
                                0.00           0.03          -0.03  (VIOLATED) 

   u_core/rvx_interconnect_instance/N6
                                0.00           0.03          -0.03  (VIOLATED) 
     PIN : u_core/rvx_interconnect_instance/C351/I0
                                0.00           0.03          -0.03  (VIOLATED) 

   u_core/rvx_interconnect_instance/N10
                                0.00           0.03          -0.03  (VIOLATED) 
     PIN : u_core/rvx_interconnect_instance/C355/I0
                                0.00           0.03          -0.03  (VIOLATED) 

   u_core/rvx_interconnect_instance/N8
                                0.00           0.03          -0.03  (VIOLATED) 
     PIN : u_core/rvx_interconnect_instance/C353/I0
                                0.00           0.03          -0.03  (VIOLATED) 

   u_core/rvx_core_instance/gen_rvx_core_mdu.rvx_core_mdu_instance/result_ss[1]
                                0.00           0.03          -0.03  (VIOLATED) 
     PIN : u_core/rvx_core_instance/gen_rvx_core_mdu.rvx_core_mdu_instance/C92/DATA2[1]
                                0.00           0.03          -0.03  (VIOLATED) 
     PIN : u_core/rvx_core_instance/gen_rvx_core_mdu.rvx_core_mdu_instance/C91/DATA1[1]
                                0.00           0.03          -0.03  (VIOLATED) 

   u_core/rvx_core_instance/rvx_core_branch_instance/less_than_unsigned
                                0.00           0.02          -0.02  (VIOLATED) 
     PIN : u_core/rvx_core_instance/rvx_core_branch_instance/I_3/I
                                0.00           0.02          -0.02  (VIOLATED) 
     PIN : u_core/rvx_core_instance/rvx_core_branch_instance/C72/DATA2[0]
                                0.00           0.02          -0.02  (VIOLATED) 
     PIN : u_core/rvx_core_instance/rvx_core_branch_instance/C74/DATA5[0]
                                0.00           0.02          -0.02  (VIOLATED) 

   u_core/rvx_spi_instance/N95
                                0.00           0.02          -0.02  (VIOLATED) 
     PIN : u_core/rvx_spi_instance/C981/I1
                                0.00           0.02          -0.02  (VIOLATED) 
     PIN : u_core/rvx_spi_instance/C824/CONTROL1[0]
                                0.00           0.02          -0.02  (VIOLATED) 
     PIN : u_core/rvx_spi_instance/I_57/I
                                0.00           0.02          -0.02  (VIOLATED) 

   u_core/rvx_uart_instance/N130
                                0.00           0.02          -0.02  (VIOLATED) 
     PIN : u_core/rvx_uart_instance/C919/I0
                                0.00           0.02          -0.02  (VIOLATED) 
     PIN : u_core/rvx_uart_instance/C896/I0
                                0.00           0.02          -0.02  (VIOLATED) 

   u_core/rvx_uart_instance/N82
                                0.00           0.02          -0.02  (VIOLATED) 
     PIN : u_core/rvx_uart_instance/C885/I0
                                0.00           0.02          -0.02  (VIOLATED) 
     PIN : u_core/rvx_uart_instance/C874/I0
                                0.00           0.02          -0.02  (VIOLATED) 

   u_core/rvx_core_instance/rvx_core_alu_instance/alu_sltu_result_s2
                                0.00           0.02          -0.02  (VIOLATED) 
     PIN : u_core/rvx_core_instance/rvx_core_alu_instance/C306/DATA7[0]
                                0.00           0.02          -0.02  (VIOLATED) 
     PIN : u_core/rvx_core_instance/rvx_core_alu_instance/C305/DATA2[0]
                                0.00           0.02          -0.02  (VIOLATED) 

   u_core/rvx_spi_instance/N86
                                0.00           0.02          -0.02  (VIOLATED) 
     PIN : u_core/rvx_spi_instance/C951/I1
                                0.00           0.02          -0.02  (VIOLATED) 
     PIN : u_core/rvx_spi_instance/C817/CONTROL1[0]
                                0.00           0.02          -0.02  (VIOLATED) 
     PIN : u_core/rvx_spi_instance/I_53/I
                                0.00           0.02          -0.02  (VIOLATED) 

   u_core/rvx_i2c_instance/N175
                                0.00           0.02          -0.02  (VIOLATED) 
     PIN : u_core/rvx_i2c_instance/C1037/I0
                                0.00           0.02          -0.02  (VIOLATED) 
     PIN : u_core/rvx_i2c_instance/C1026/I0
                                0.00           0.02          -0.02  (VIOLATED) 

   u_core/rvx_interconnect_instance/N9
                                0.00           0.02          -0.02  (VIOLATED) 
     PIN : u_core/rvx_interconnect_instance/C353/I1
                                0.00           0.02          -0.02  (VIOLATED) 

   u_core/rvx_interconnect_instance/N7
                                0.00           0.02          -0.02  (VIOLATED) 
     PIN : u_core/rvx_interconnect_instance/C351/I1
                                0.00           0.02          -0.02  (VIOLATED) 

   u_core/rvx_interconnect_instance/N11
                                0.00           0.02          -0.02  (VIOLATED) 
     PIN : u_core/rvx_interconnect_instance/C355/I1
                                0.00           0.02          -0.02  (VIOLATED) 

   u_core/rvx_interconnect_instance/N5
                                0.00           0.02          -0.02  (VIOLATED) 
     PIN : u_core/rvx_interconnect_instance/C349/I1
                                0.00           0.02          -0.02  (VIOLATED) 

   u_core/rvx_interconnect_instance/N3
                                0.00           0.02          -0.02  (VIOLATED) 
     PIN : u_core/rvx_interconnect_instance/C347/I1
                                0.00           0.02          -0.02  (VIOLATED) 

   u_core/rvx_interconnect_instance/N1
                                0.00           0.02          -0.02  (VIOLATED) 
     PIN : u_core/rvx_interconnect_instance/C345/I1
                                0.00           0.02          -0.02  (VIOLATED) 

   u_core/rvx_uart_instance/N131
                                0.00           0.02          -0.02  (VIOLATED) 
     PIN : u_core/rvx_uart_instance/C906/I1
                                0.00           0.02          -0.02  (VIOLATED) 
     PIN : u_core/rvx_uart_instance/C815/CONTROL1[0]
                                0.00           0.02          -0.02  (VIOLATED) 
     PIN : u_core/rvx_uart_instance/I_14/I
                                0.00           0.02          -0.02  (VIOLATED) 
     PIN : u_core/rvx_uart_instance/I_34/I
                                0.00           0.02          -0.02  (VIOLATED) 

  ---------------------------------------------------------------------------
   Number of max_transition violation(s): 1225

   Mode: functional Corner: corner_ss
   Scenario: functional_ss
   max_capacitance                                                             
                             Required        Actual                            
   Net                      Capacitance    Capacitance       Slack  Violation  
  ---------------------------------------------------------------------------
   gpio_out_c[0]                0.00         318.28        -318.28  (VIOLATED) 
     PIN : u_core/rvx_gpio_instance/gpio_output_reg[0]/Q
                                0.00         318.28        -318.28  (VIOLATED) 

   gpio_oe_c[0]                 0.00         316.39        -316.39  (VIOLATED) 
     PIN : u_core/rvx_gpio_instance/gpio_output_enable_reg[0]/Q
                                0.00         316.39        -316.39  (VIOLATED) 

   gpio_out_c[1]                0.00         307.88        -307.88  (VIOLATED) 
     PIN : u_core/rvx_gpio_instance/gpio_output_reg[1]/Q
                                0.00         307.88        -307.88  (VIOLATED) 

   gpio_oe_c[1]                 0.00         306.41        -306.41  (VIOLATED) 
     PIN : u_core/rvx_gpio_instance/gpio_output_enable_reg[1]/Q
                                0.00         306.41        -306.41  (VIOLATED) 

   sda_oe                       0.00         299.09        -299.09  (VIOLATED) 
     PIN : I_0/Z                0.00         299.09        -299.09  (VIOLATED) 

   gpio_out_c[2]                0.00         297.29        -297.29  (VIOLATED) 
     PIN : u_core/rvx_gpio_instance/gpio_output_reg[2]/Q
                                0.00         297.29        -297.29  (VIOLATED) 

   gpio_oe_c[2]                 0.00         296.11        -296.11  (VIOLATED) 
     PIN : u_core/rvx_gpio_instance/gpio_output_enable_reg[2]/Q
                                0.00         296.11        -296.11  (VIOLATED) 

   cs_c                         0.00         294.79        -294.79  (VIOLATED) 
     PIN : u_core/rvx_spi_instance/chip_select_reg/Q
                                0.00         294.79        -294.79  (VIOLATED) 

   scl_oe                       0.00         290.36        -290.36  (VIOLATED) 
     PIN : I_1/Z                0.00         290.36        -290.36  (VIOLATED) 

   gpio_out_c[3]                0.00         284.74        -284.74  (VIOLATED) 
     PIN : u_core/rvx_gpio_instance/gpio_output_reg[3]/Q
                                0.00         284.74        -284.74  (VIOLATED) 

   gpio_oe_c[3]                 0.00         284.03        -284.03  (VIOLATED) 
     PIN : u_core/rvx_gpio_instance/gpio_output_enable_reg[3]/Q
                                0.00         284.03        -284.03  (VIOLATED) 

   sclk_c                       0.00         279.11        -279.11  (VIOLATED) 
     PIN : u_core/rvx_spi_instance/sclk_reg/Q
                                0.00         279.11        -279.11  (VIOLATED) 

   gpio_ie[0]                   0.00         258.49        -258.49  (VIOLATED) 
     PIN : I_9/Z                0.00         258.49        -258.49  (VIOLATED) 

   mosi_c                       0.00         254.92        -254.92  (VIOLATED) 
     PIN : u_core/rvx_spi_instance/mosi_reg/Q
                                0.00         254.92        -254.92  (VIOLATED) 

   gpio_ie[1]                   0.00         249.76        -249.76  (VIOLATED) 
     PIN : I_8/Z                0.00         249.76        -249.76  (VIOLATED) 

   gpio_ie[2]                   0.00         238.75        -238.75  (VIOLATED) 
     PIN : I_7/Z                0.00         238.75        -238.75  (VIOLATED) 

   gpio_ie[3]                   0.00         230.51        -230.51  (VIOLATED) 
     PIN : I_6/Z                0.00         230.51        -230.51  (VIOLATED) 

   gpio_out_c[7]                0.00         219.09        -219.09  (VIOLATED) 
     PIN : u_core/rvx_gpio_instance/gpio_output_reg[7]/Q
                                0.00         219.09        -219.09  (VIOLATED) 

   gpio_oe_c[7]                 0.00         217.83        -217.83  (VIOLATED) 
     PIN : u_core/rvx_gpio_instance/gpio_output_enable_reg[7]/Q
                                0.00         217.83        -217.83  (VIOLATED) 

   gpio_out_c[6]                0.00         206.16        -206.16  (VIOLATED) 
     PIN : u_core/rvx_gpio_instance/gpio_output_reg[6]/Q
                                0.00         206.16        -206.16  (VIOLATED) 

   gpio_oe_c[6]                 0.00         205.48        -205.48  (VIOLATED) 
     PIN : u_core/rvx_gpio_instance/gpio_output_enable_reg[6]/Q
                                0.00         205.48        -205.48  (VIOLATED) 

   uart_tx_c                    0.00         192.77        -192.77  (VIOLATED) 
     PIN : u_core/rvx_uart_instance/tx_register_reg[0]/Q
                                0.00         192.77        -192.77  (VIOLATED) 

   gpio_ie[7]                   0.00         177.16        -177.16  (VIOLATED) 
     PIN : I_2/Z                0.00         177.16        -177.16  (VIOLATED) 

   gpio_out_c[5]                0.00         167.01        -167.01  (VIOLATED) 
     PIN : u_core/rvx_gpio_instance/gpio_output_reg[5]/Q
                                0.00         167.01        -167.01  (VIOLATED) 

   gpio_ie[6]                   0.00         166.48        -166.48  (VIOLATED) 
     PIN : I_3/Z                0.00         166.48        -166.48  (VIOLATED) 

   gpio_oe_c[5]                 0.00         165.69        -165.69  (VIOLATED) 
     PIN : u_core/rvx_gpio_instance/gpio_output_enable_reg[5]/Q
                                0.00         165.69        -165.69  (VIOLATED) 

   u_core/rvx_core_instance/rvx_core_alu_instance/srl_36/U0/N_0
                                8.00         172.86        -164.86  (VIOLATED) 
     PIN : u_core/rvx_core_instance/rvx_core_alu_instance/srl_36/U0/U_0/Y
                                8.00         172.86        -164.86  (VIOLATED) 

   u_core/rvx_core_instance/rvx_core_alu_instance/sra_34/U0/N_0
                                8.00         172.86        -164.86  (VIOLATED) 
     PIN : u_core/rvx_core_instance/rvx_core_alu_instance/sra_34/U0/U_0/Y
                                8.00         172.86        -164.86  (VIOLATED) 

   u_core/rvx_core_instance/rvx_core_alu_instance/sll_53/U0/N_0
                                8.00         165.60        -157.60  (VIOLATED) 
     PIN : u_core/rvx_core_instance/rvx_core_alu_instance/sll_53/U0/U_0/Y
                                8.00         165.60        -157.60  (VIOLATED) 

   gpio_out_c[4]                0.00         154.00        -154.00  (VIOLATED) 
     PIN : u_core/rvx_gpio_instance/gpio_output_reg[4]/Q
                                0.00         154.00        -154.00  (VIOLATED) 

   gpio_oe_c[4]                 0.00         152.73        -152.73  (VIOLATED) 
     PIN : u_core/rvx_gpio_instance/gpio_output_enable_reg[4]/Q
                                0.00         152.73        -152.73  (VIOLATED) 

   gpio_ie[5]                   0.00         134.42        -134.42  (VIOLATED) 
     PIN : I_4/Z                0.00         134.42        -134.42  (VIOLATED) 

   gpio_ie[4]                   0.00         123.76        -123.76  (VIOLATED) 
     PIN : I_5/Z                0.00         123.76        -123.76  (VIOLATED) 

   u_core/rvx_core_instance/rs1_data_s2[20]
                                0.00         120.07        -120.07  (VIOLATED) 
     PIN : u_core/rvx_core_instance/rs1_data_s2_reg[20]/Q
                                0.00         120.07        -120.07  (VIOLATED) 

   u_core/rvx_core_instance/rs1_data_s2[11]
                                0.00         120.07        -120.07  (VIOLATED) 
     PIN : u_core/rvx_core_instance/rs1_data_s2_reg[11]/Q
                                0.00         120.07        -120.07  (VIOLATED) 

   u_core/rvx_core_instance/rs1_data_s2[17]
                                0.00         120.07        -120.07  (VIOLATED) 
     PIN : u_core/rvx_core_instance/rs1_data_s2_reg[17]/Q
                                0.00         120.07        -120.07  (VIOLATED) 

   u_core/rvx_core_instance/rs1_data_s2[23]
                                0.00         120.07        -120.07  (VIOLATED) 
     PIN : u_core/rvx_core_instance/rs1_data_s2_reg[23]/Q
                                0.00         120.07        -120.07  (VIOLATED) 

   u_core/rvx_core_instance/rs1_data_s2[26]
                                0.00         120.07        -120.07  (VIOLATED) 
     PIN : u_core/rvx_core_instance/rs1_data_s2_reg[26]/Q
                                0.00         120.07        -120.07  (VIOLATED) 

   u_core/rvx_core_instance/rs1_data_s2[29]
                                0.00         120.07        -120.07  (VIOLATED) 
     PIN : u_core/rvx_core_instance/rs1_data_s2_reg[29]/Q
                                0.00         120.07        -120.07  (VIOLATED) 

   u_core/rvx_core_instance/rs1_data_s2[14]
                                0.00         120.07        -120.07  (VIOLATED) 
     PIN : u_core/rvx_core_instance/rs1_data_s2_reg[14]/Q
                                0.00         120.07        -120.07  (VIOLATED) 

   u_core/rvx_core_instance/rs1_data_s2[2]
                                0.00         120.07        -120.07  (VIOLATED) 
     PIN : u_core/rvx_core_instance/rs1_data_s2_reg[2]/Q
                                0.00         120.07        -120.07  (VIOLATED) 

   u_core/rvx_core_instance/rs1_data_s2[5]
                                0.00         120.07        -120.07  (VIOLATED) 
     PIN : u_core/rvx_core_instance/rs1_data_s2_reg[5]/Q
                                0.00         120.07        -120.07  (VIOLATED) 

   u_core/rvx_core_instance/rs1_data_s2[8]
                                0.00         120.07        -120.07  (VIOLATED) 
     PIN : u_core/rvx_core_instance/rs1_data_s2_reg[8]/Q
                                0.00         120.07        -120.07  (VIOLATED) 

   u_core/rvx_core_instance/rs1_data_s2[31]
                                0.00          83.29         -83.29  (VIOLATED) 
     PIN : u_core/rvx_core_instance/rs1_data_s2_reg[31]/Q
                                0.00          83.29         -83.29  (VIOLATED) 

   u_core/rvx_core_instance/rs2_data_s2[3]
                                0.00          64.60         -64.60  (VIOLATED) 
     PIN : u_core/rvx_core_instance/rs2_data_s2_reg[3]/Q
                                0.00          64.60         -64.60  (VIOLATED) 

   u_core/rvx_core_instance/rs2_data_s2[2]
                                0.00          64.60         -64.60  (VIOLATED) 
     PIN : u_core/rvx_core_instance/rs2_data_s2_reg[2]/Q
                                0.00          64.60         -64.60  (VIOLATED) 

   u_core/rvx_core_instance/rs2_data_s2[21]
                                0.00          64.60         -64.60  (VIOLATED) 
     PIN : u_core/rvx_core_instance/rs2_data_s2_reg[21]/Q
                                0.00          64.60         -64.60  (VIOLATED) 

   u_core/rvx_core_instance/rs2_data_s2[22]
                                0.00          64.60         -64.60  (VIOLATED) 
     PIN : u_core/rvx_core_instance/rs2_data_s2_reg[22]/Q
                                0.00          64.60         -64.60  (VIOLATED) 

   u_core/rvx_core_instance/rs2_data_s2[23]
                                0.00          64.60         -64.60  (VIOLATED) 
     PIN : u_core/rvx_core_instance/rs2_data_s2_reg[23]/Q
                                0.00          64.60         -64.60  (VIOLATED) 

   u_core/rvx_core_instance/rs2_data_s2[24]
                                0.00          64.60         -64.60  (VIOLATED) 
     PIN : u_core/rvx_core_instance/rs2_data_s2_reg[24]/Q
                                0.00          64.60         -64.60  (VIOLATED) 

   u_core/rvx_core_instance/rs2_data_s2[25]
                                0.00          64.60         -64.60  (VIOLATED) 
     PIN : u_core/rvx_core_instance/rs2_data_s2_reg[25]/Q
                                0.00          64.60         -64.60  (VIOLATED) 

   u_core/rvx_core_instance/rs2_data_s2[26]
                                0.00          64.60         -64.60  (VIOLATED) 
     PIN : u_core/rvx_core_instance/rs2_data_s2_reg[26]/Q
                                0.00          64.60         -64.60  (VIOLATED) 

   u_core/rvx_core_instance/rs2_data_s2[20]
                                0.00          64.60         -64.60  (VIOLATED) 
     PIN : u_core/rvx_core_instance/rs2_data_s2_reg[20]/Q
                                0.00          64.60         -64.60  (VIOLATED) 

   u_core/rvx_core_instance/rs2_data_s2[4]
                                0.00          64.60         -64.60  (VIOLATED) 
     PIN : u_core/rvx_core_instance/rs2_data_s2_reg[4]/Q
                                0.00          64.60         -64.60  (VIOLATED) 

   u_core/rvx_core_instance/rs2_data_s2[5]
                                0.00          64.60         -64.60  (VIOLATED) 
     PIN : u_core/rvx_core_instance/rs2_data_s2_reg[5]/Q
                                0.00          64.60         -64.60  (VIOLATED) 

   u_core/rvx_core_instance/rs2_data_s2[6]
                                0.00          64.60         -64.60  (VIOLATED) 
     PIN : u_core/rvx_core_instance/rs2_data_s2_reg[6]/Q
                                0.00          64.60         -64.60  (VIOLATED) 

   u_core/rvx_core_instance/rs2_data_s2[7]
                                0.00          64.60         -64.60  (VIOLATED) 
     PIN : u_core/rvx_core_instance/rs2_data_s2_reg[7]/Q
                                0.00          64.60         -64.60  (VIOLATED) 

   u_core/rvx_core_instance/rs2_data_s2[8]
                                0.00          64.60         -64.60  (VIOLATED) 
     PIN : u_core/rvx_core_instance/rs2_data_s2_reg[8]/Q
                                0.00          64.60         -64.60  (VIOLATED) 

   u_core/rvx_core_instance/rs2_data_s2[9]
                                0.00          64.60         -64.60  (VIOLATED) 
     PIN : u_core/rvx_core_instance/rs2_data_s2_reg[9]/Q
                                0.00          64.60         -64.60  (VIOLATED) 

   u_core/rvx_core_instance/rs2_data_s2[10]
                                0.00          64.60         -64.60  (VIOLATED) 
     PIN : u_core/rvx_core_instance/rs2_data_s2_reg[10]/Q
                                0.00          64.60         -64.60  (VIOLATED) 

   u_core/rvx_core_instance/rs2_data_s2[11]
                                0.00          64.60         -64.60  (VIOLATED) 
     PIN : u_core/rvx_core_instance/rs2_data_s2_reg[11]/Q
                                0.00          64.60         -64.60  (VIOLATED) 

   u_core/rvx_core_instance/rs2_data_s2[12]
                                0.00          64.60         -64.60  (VIOLATED) 
     PIN : u_core/rvx_core_instance/rs2_data_s2_reg[12]/Q
                                0.00          64.60         -64.60  (VIOLATED) 

   u_core/rvx_core_instance/rs2_data_s2[13]
                                0.00          64.60         -64.60  (VIOLATED) 
     PIN : u_core/rvx_core_instance/rs2_data_s2_reg[13]/Q
                                0.00          64.60         -64.60  (VIOLATED) 

   u_core/rvx_core_instance/rs2_data_s2[14]
                                0.00          64.60         -64.60  (VIOLATED) 
     PIN : u_core/rvx_core_instance/rs2_data_s2_reg[14]/Q
                                0.00          64.60         -64.60  (VIOLATED) 

   u_core/rvx_core_instance/rs2_data_s2[15]
                                0.00          64.60         -64.60  (VIOLATED) 
     PIN : u_core/rvx_core_instance/rs2_data_s2_reg[15]/Q
                                0.00          64.60         -64.60  (VIOLATED) 

   u_core/rvx_core_instance/rs2_data_s2[16]
                                0.00          64.60         -64.60  (VIOLATED) 
     PIN : u_core/rvx_core_instance/rs2_data_s2_reg[16]/Q
                                0.00          64.60         -64.60  (VIOLATED) 

   u_core/rvx_core_instance/rs2_data_s2[17]
                                0.00          64.60         -64.60  (VIOLATED) 
     PIN : u_core/rvx_core_instance/rs2_data_s2_reg[17]/Q
                                0.00          64.60         -64.60  (VIOLATED) 

   u_core/rvx_core_instance/rs2_data_s2[18]
                                0.00          64.60         -64.60  (VIOLATED) 
     PIN : u_core/rvx_core_instance/rs2_data_s2_reg[18]/Q
                                0.00          64.60         -64.60  (VIOLATED) 

   u_core/rvx_core_instance/rs2_data_s2[19]
                                0.00          64.60         -64.60  (VIOLATED) 
     PIN : u_core/rvx_core_instance/rs2_data_s2_reg[19]/Q
                                0.00          64.60         -64.60  (VIOLATED) 

   u_core/rvx_core_instance/rs2_data_s2[27]
                                0.00          64.60         -64.60  (VIOLATED) 
     PIN : u_core/rvx_core_instance/rs2_data_s2_reg[27]/Q
                                0.00          64.60         -64.60  (VIOLATED) 

   u_core/rvx_core_instance/rs2_data_s2[28]
                                0.00          64.60         -64.60  (VIOLATED) 
     PIN : u_core/rvx_core_instance/rs2_data_s2_reg[28]/Q
                                0.00          64.60         -64.60  (VIOLATED) 

   u_core/rvx_core_instance/rs2_data_s2[29]
                                0.00          64.60         -64.60  (VIOLATED) 
     PIN : u_core/rvx_core_instance/rs2_data_s2_reg[29]/Q
                                0.00          64.60         -64.60  (VIOLATED) 

   u_core/rvx_core_instance/rs2_data_s2[31]
                                0.00          64.02         -64.02  (VIOLATED) 
     PIN : u_core/rvx_core_instance/rs2_data_s2_reg[31]/Q
                                0.00          64.02         -64.02  (VIOLATED) 

   u_core/rvx_core_instance/rs2_data_s2[30]
                                0.00          63.96         -63.96  (VIOLATED) 
     PIN : u_core/rvx_core_instance/rs2_data_s2_reg[30]/Q
                                0.00          63.96         -63.96  (VIOLATED) 

   u_core/rvx_core_instance/rs2_data_s2[1]
                                0.00          61.66         -61.66  (VIOLATED) 
     PIN : u_core/rvx_core_instance/rs2_data_s2_reg[1]/Q
                                0.00          61.66         -61.66  (VIOLATED) 

   u_core/rvx_core_instance/rs2_data_s2[0]
                                0.00          59.41         -59.41  (VIOLATED) 
     PIN : u_core/rvx_core_instance/rs2_data_s2_reg[0]/Q
                                0.00          59.41         -59.41  (VIOLATED) 

   u_core/peripheral_rw_address[0]
                                0.00          48.00         -48.00  (VIOLATED) 
     PIN : u_core/rvx_core_instance/rvx_core_bus_controller_instance/C523/Z[0]
                                0.00          48.00         -48.00  (VIOLATED) 

   u_core/peripheral_rw_address[1]
                                0.00          30.31         -30.31  (VIOLATED) 
     PIN : u_core/rvx_core_instance/rvx_core_bus_controller_instance/C523/Z[1]
                                0.00          30.31         -30.31  (VIOLATED) 

   u_core/controller_rw_address[20]
                                0.00          29.48         -29.48  (VIOLATED) 
     PIN : u_core/rvx_core_instance/rvx_core_bus_controller_instance/C523/Z[20]
                                0.00          29.48         -29.48  (VIOLATED) 

   u_core/peripheral_rw_address[4]
                                0.00          29.48         -29.48  (VIOLATED) 
     PIN : u_core/rvx_core_instance/rvx_core_bus_controller_instance/C523/Z[4]
                                0.00          29.48         -29.48  (VIOLATED) 

   u_core/controller_rw_address[17]
                                0.00          29.48         -29.48  (VIOLATED) 
     PIN : u_core/rvx_core_instance/rvx_core_bus_controller_instance/C523/Z[17]
                                0.00          29.48         -29.48  (VIOLATED) 

   u_core/controller_rw_address[28]
                                0.00          29.48         -29.48  (VIOLATED) 
     PIN : u_core/rvx_core_instance/rvx_core_bus_controller_instance/C523/Z[28]
                                0.00          29.48         -29.48  (VIOLATED) 

   u_core/controller_rw_address[18]
                                0.00          29.48         -29.48  (VIOLATED) 
     PIN : u_core/rvx_core_instance/rvx_core_bus_controller_instance/C523/Z[18]
                                0.00          29.48         -29.48  (VIOLATED) 

   u_core/controller_rw_address[19]
                                0.00          29.48         -29.48  (VIOLATED) 
     PIN : u_core/rvx_core_instance/rvx_core_bus_controller_instance/C523/Z[19]
                                0.00          29.48         -29.48  (VIOLATED) 

   u_core/controller_rw_address[14]
                                0.00          29.48         -29.48  (VIOLATED) 
     PIN : u_core/rvx_core_instance/rvx_core_bus_controller_instance/C523/Z[14]
                                0.00          29.48         -29.48  (VIOLATED) 

   u_core/controller_rw_address[21]
                                0.00          29.48         -29.48  (VIOLATED) 
     PIN : u_core/rvx_core_instance/rvx_core_bus_controller_instance/C523/Z[21]
                                0.00          29.48         -29.48  (VIOLATED) 

   u_core/controller_rw_address[22]
                                0.00          29.48         -29.48  (VIOLATED) 
     PIN : u_core/rvx_core_instance/rvx_core_bus_controller_instance/C523/Z[22]
                                0.00          29.48         -29.48  (VIOLATED) 

   u_core/controller_rw_address[23]
                                0.00          29.48         -29.48  (VIOLATED) 
     PIN : u_core/rvx_core_instance/rvx_core_bus_controller_instance/C523/Z[23]
                                0.00          29.48         -29.48  (VIOLATED) 

   u_core/controller_rw_address[24]
                                0.00          29.48         -29.48  (VIOLATED) 
     PIN : u_core/rvx_core_instance/rvx_core_bus_controller_instance/C523/Z[24]
                                0.00          29.48         -29.48  (VIOLATED) 

   u_core/controller_rw_address[25]
                                0.00          29.48         -29.48  (VIOLATED) 
     PIN : u_core/rvx_core_instance/rvx_core_bus_controller_instance/C523/Z[25]
                                0.00          29.48         -29.48  (VIOLATED) 

   u_core/controller_rw_address[26]
                                0.00          29.48         -29.48  (VIOLATED) 
     PIN : u_core/rvx_core_instance/rvx_core_bus_controller_instance/C523/Z[26]
                                0.00          29.48         -29.48  (VIOLATED) 

   u_core/controller_rw_address[27]
                                0.00          29.48         -29.48  (VIOLATED) 
     PIN : u_core/rvx_core_instance/rvx_core_bus_controller_instance/C523/Z[27]
                                0.00          29.48         -29.48  (VIOLATED) 

   u_core/controller_rw_address[16]
                                0.00          29.48         -29.48  (VIOLATED) 
     PIN : u_core/rvx_core_instance/rvx_core_bus_controller_instance/C523/Z[16]
                                0.00          29.48         -29.48  (VIOLATED) 

   u_core/controller_rw_address[29]
                                0.00          29.48         -29.48  (VIOLATED) 
     PIN : u_core/rvx_core_instance/rvx_core_bus_controller_instance/C523/Z[29]
                                0.00          29.48         -29.48  (VIOLATED) 

   u_core/controller_rw_address[15]
                                0.00          29.48         -29.48  (VIOLATED) 
     PIN : u_core/rvx_core_instance/rvx_core_bus_controller_instance/C523/Z[15]
                                0.00          29.48         -29.48  (VIOLATED) 

   u_core/controller_rw_address[30]
                                0.00          29.48         -29.48  (VIOLATED) 
     PIN : u_core/rvx_core_instance/rvx_core_bus_controller_instance/C523/Z[30]
                                0.00          29.48         -29.48  (VIOLATED) 

   u_core/controller_rw_address[13]
                                0.00          29.48         -29.48  (VIOLATED) 
     PIN : u_core/rvx_core_instance/rvx_core_bus_controller_instance/C523/Z[13]
                                0.00          29.48         -29.48  (VIOLATED) 

   u_core/controller_rw_address[12]
                                0.00          29.48         -29.48  (VIOLATED) 
     PIN : u_core/rvx_core_instance/rvx_core_bus_controller_instance/C523/Z[12]
                                0.00          29.48         -29.48  (VIOLATED) 

   u_core/controller_rw_address[11]
                                0.00          29.48         -29.48  (VIOLATED) 
     PIN : u_core/rvx_core_instance/rvx_core_bus_controller_instance/C523/Z[11]
                                0.00          29.48         -29.48  (VIOLATED) 

   u_core/controller_rw_address[10]
                                0.00          29.48         -29.48  (VIOLATED) 
     PIN : u_core/rvx_core_instance/rvx_core_bus_controller_instance/C523/Z[10]
                                0.00          29.48         -29.48  (VIOLATED) 

   u_core/controller_rw_address[9]
                                0.00          29.48         -29.48  (VIOLATED) 
     PIN : u_core/rvx_core_instance/rvx_core_bus_controller_instance/C523/Z[9]
                                0.00          29.48         -29.48  (VIOLATED) 

   u_core/controller_rw_address[8]
                                0.00          29.48         -29.48  (VIOLATED) 
     PIN : u_core/rvx_core_instance/rvx_core_bus_controller_instance/C523/Z[8]
                                0.00          29.48         -29.48  (VIOLATED) 

   u_core/controller_rw_address[7]
                                0.00          29.48         -29.48  (VIOLATED) 
     PIN : u_core/rvx_core_instance/rvx_core_bus_controller_instance/C523/Z[7]
                                0.00          29.48         -29.48  (VIOLATED) 

   u_core/controller_rw_address[6]
                                0.00          29.48         -29.48  (VIOLATED) 
     PIN : u_core/rvx_core_instance/rvx_core_bus_controller_instance/C523/Z[6]
                                0.00          29.48         -29.48  (VIOLATED) 

   u_core/controller_rw_address[5]
                                0.00          29.48         -29.48  (VIOLATED) 
     PIN : u_core/rvx_core_instance/rvx_core_bus_controller_instance/C523/Z[5]
                                0.00          29.48         -29.48  (VIOLATED) 

   u_core/peripheral_rw_address[2]
                                0.00          29.48         -29.48  (VIOLATED) 
     PIN : u_core/rvx_core_instance/rvx_core_bus_controller_instance/C523/Z[2]
                                0.00          29.48         -29.48  (VIOLATED) 

   u_core/peripheral_rw_address[3]
                                0.00          29.48         -29.48  (VIOLATED) 
     PIN : u_core/rvx_core_instance/rvx_core_bus_controller_instance/C523/Z[3]
                                0.00          29.48         -29.48  (VIOLATED) 

   u_core/rvx_core_instance/rvx_core_alu_instance/sll_53/U0/N_33
                                8.00          36.14         -28.14  (VIOLATED) 
     PIN : u_core/rvx_core_instance/rvx_core_alu_instance/sll_53/U0/U_11/SO
                                8.00          36.14         -28.14  (VIOLATED) 

   u_core/rvx_core_instance/rvx_core_alu_instance/sll_53/U0/N_40
                                8.00          36.14         -28.14  (VIOLATED) 
     PIN : u_core/rvx_core_instance/rvx_core_alu_instance/sll_53/U0/U_16/Y
                                8.00          36.14         -28.14  (VIOLATED) 

   u_core/rvx_core_instance/rvx_core_alu_instance/sll_53/U0/N_26
                                8.00          36.14         -28.14  (VIOLATED) 
     PIN : u_core/rvx_core_instance/rvx_core_alu_instance/sll_53/U0/U_6/SO
                                8.00          36.14         -28.14  (VIOLATED) 

   u_core/rvx_core_instance/rvx_core_alu_instance/srl_36/U0/N_40
                                8.00          36.14         -28.14  (VIOLATED) 
     PIN : u_core/rvx_core_instance/rvx_core_alu_instance/srl_36/U0/U_16/Y
                                8.00          36.14         -28.14  (VIOLATED) 

   u_core/rvx_core_instance/rvx_core_alu_instance/srl_36/U0/N_33
                                8.00          36.14         -28.14  (VIOLATED) 
     PIN : u_core/rvx_core_instance/rvx_core_alu_instance/srl_36/U0/U_11/SO
                                8.00          36.14         -28.14  (VIOLATED) 

   u_core/rvx_core_instance/rvx_core_alu_instance/srl_36/U0/N_26
                                8.00          36.14         -28.14  (VIOLATED) 
     PIN : u_core/rvx_core_instance/rvx_core_alu_instance/srl_36/U0/U_6/SO
                                8.00          36.14         -28.14  (VIOLATED) 

   u_core/rvx_core_instance/rvx_core_alu_instance/sra_34/U0/N_40
                                8.00          36.14         -28.14  (VIOLATED) 
     PIN : u_core/rvx_core_instance/rvx_core_alu_instance/sra_34/U0/U_16/Y
                                8.00          36.14         -28.14  (VIOLATED) 

   u_core/rvx_core_instance/rvx_core_alu_instance/sra_34/U0/N_33
                                8.00          36.14         -28.14  (VIOLATED) 
     PIN : u_core/rvx_core_instance/rvx_core_alu_instance/sra_34/U0/U_11/SO
                                8.00          36.14         -28.14  (VIOLATED) 

   u_core/rvx_core_instance/rvx_core_alu_instance/sra_34/U0/N_26
                                8.00          36.14         -28.14  (VIOLATED) 
     PIN : u_core/rvx_core_instance/rvx_core_alu_instance/sra_34/U0/U_6/SO
                                8.00          36.14         -28.14  (VIOLATED) 

   u_core/rvx_core_instance/rvx_core_alu_instance/sra_34/U0/N_30
                                8.00          35.83         -27.83  (VIOLATED) 
     PIN : u_core/rvx_core_instance/rvx_core_alu_instance/sra_34/U0/U_9/SO
                                8.00          35.83         -27.83  (VIOLATED) 

   u_core/rvx_core_instance/rvx_core_alu_instance/sll_53/U0/N_30
                                8.00          35.83         -27.83  (VIOLATED) 
     PIN : u_core/rvx_core_instance/rvx_core_alu_instance/sll_53/U0/U_9/SO
                                8.00          35.83         -27.83  (VIOLATED) 

   u_core/rvx_core_instance/rvx_core_alu_instance/srl_36/U0/N_37
                                8.00          35.83         -27.83  (VIOLATED) 
     PIN : u_core/rvx_core_instance/rvx_core_alu_instance/srl_36/U0/U_14/SO
                                8.00          35.83         -27.83  (VIOLATED) 

   u_core/rvx_core_instance/rvx_core_alu_instance/srl_36/U0/N_30
                                8.00          35.83         -27.83  (VIOLATED) 
     PIN : u_core/rvx_core_instance/rvx_core_alu_instance/srl_36/U0/U_9/SO
                                8.00          35.83         -27.83  (VIOLATED) 

   u_core/rvx_core_instance/rvx_core_alu_instance/sra_34/U0/N_37
                                8.00          35.83         -27.83  (VIOLATED) 
     PIN : u_core/rvx_core_instance/rvx_core_alu_instance/sra_34/U0/U_14/SO
                                8.00          35.83         -27.83  (VIOLATED) 

   u_core/rvx_core_instance/rvx_core_alu_instance/sll_53/U0/N_37
                                8.00          35.83         -27.83  (VIOLATED) 
     PIN : u_core/rvx_core_instance/rvx_core_alu_instance/sll_53/U0/U_14/SO
                                8.00          35.83         -27.83  (VIOLATED) 

   u_core/rvx_spi_instance/cycle_counter[0]
                                0.00          16.32         -16.32  (VIOLATED) 
     PIN : u_core/rvx_spi_instance/cycle_counter_reg[0]/Q
                                0.00          16.32         -16.32  (VIOLATED) 

   u_core/rvx_core_instance/rs1_data_s2[1]
                                0.00          16.03         -16.03  (VIOLATED) 
     PIN : u_core/rvx_core_instance/rs1_data_s2_reg[1]/Q
                                0.00          16.03         -16.03  (VIOLATED) 

   u_core/rvx_core_instance/rs1_data_s2[10]
                                0.00          15.75         -15.75  (VIOLATED) 
     PIN : u_core/rvx_core_instance/rs1_data_s2_reg[10]/Q
                                0.00          15.75         -15.75  (VIOLATED) 

   u_core/rvx_core_instance/rs1_data_s2[16]
                                0.00          15.75         -15.75  (VIOLATED) 
     PIN : u_core/rvx_core_instance/rs1_data_s2_reg[16]/Q
                                0.00          15.75         -15.75  (VIOLATED) 

   u_core/rvx_core_instance/rs1_data_s2[19]
                                0.00          15.75         -15.75  (VIOLATED) 
     PIN : u_core/rvx_core_instance/rs1_data_s2_reg[19]/Q
                                0.00          15.75         -15.75  (VIOLATED) 

   u_core/rvx_core_instance/rs1_data_s2[22]
                                0.00          15.75         -15.75  (VIOLATED) 
     PIN : u_core/rvx_core_instance/rs1_data_s2_reg[22]/Q
                                0.00          15.75         -15.75  (VIOLATED) 

   u_core/rvx_core_instance/rs1_data_s2[25]
                                0.00          15.75         -15.75  (VIOLATED) 
     PIN : u_core/rvx_core_instance/rs1_data_s2_reg[25]/Q
                                0.00          15.75         -15.75  (VIOLATED) 

   u_core/rvx_core_instance/rs1_data_s2[28]
                                0.00          15.75         -15.75  (VIOLATED) 
     PIN : u_core/rvx_core_instance/rs1_data_s2_reg[28]/Q
                                0.00          15.75         -15.75  (VIOLATED) 

   u_core/rvx_core_instance/rs1_data_s2[13]
                                0.00          15.75         -15.75  (VIOLATED) 
     PIN : u_core/rvx_core_instance/rs1_data_s2_reg[13]/Q
                                0.00          15.75         -15.75  (VIOLATED) 

   u_core/rvx_core_instance/rs1_data_s2[7]
                                0.00          15.75         -15.75  (VIOLATED) 
     PIN : u_core/rvx_core_instance/rs1_data_s2_reg[7]/Q
                                0.00          15.75         -15.75  (VIOLATED) 

   u_core/rvx_core_instance/rs1_data_s2[4]
                                0.00          15.75         -15.75  (VIOLATED) 
     PIN : u_core/rvx_core_instance/rs1_data_s2_reg[4]/Q
                                0.00          15.75         -15.75  (VIOLATED) 

   u_core/rvx_core_instance/rs1_data_s2[12]
                                0.00          15.72         -15.72  (VIOLATED) 
     PIN : u_core/rvx_core_instance/rs1_data_s2_reg[12]/Q
                                0.00          15.72         -15.72  (VIOLATED) 

   u_core/rvx_core_instance/rs1_data_s2[24]
                                0.00          15.72         -15.72  (VIOLATED) 
     PIN : u_core/rvx_core_instance/rs1_data_s2_reg[24]/Q
                                0.00          15.72         -15.72  (VIOLATED) 

   u_core/rvx_core_instance/rs1_data_s2[27]
                                0.00          15.72         -15.72  (VIOLATED) 
     PIN : u_core/rvx_core_instance/rs1_data_s2_reg[27]/Q
                                0.00          15.72         -15.72  (VIOLATED) 

   u_core/rvx_core_instance/rs1_data_s2[30]
                                0.00          15.72         -15.72  (VIOLATED) 
     PIN : u_core/rvx_core_instance/rs1_data_s2_reg[30]/Q
                                0.00          15.72         -15.72  (VIOLATED) 

   u_core/rvx_core_instance/rs1_data_s2[21]
                                0.00          15.72         -15.72  (VIOLATED) 
     PIN : u_core/rvx_core_instance/rs1_data_s2_reg[21]/Q
                                0.00          15.72         -15.72  (VIOLATED) 

   u_core/rvx_core_instance/rs1_data_s2[18]
                                0.00          15.72         -15.72  (VIOLATED) 
     PIN : u_core/rvx_core_instance/rs1_data_s2_reg[18]/Q
                                0.00          15.72         -15.72  (VIOLATED) 

   u_core/rvx_core_instance/rs1_data_s2[9]
                                0.00          15.72         -15.72  (VIOLATED) 
     PIN : u_core/rvx_core_instance/rs1_data_s2_reg[9]/Q
                                0.00          15.72         -15.72  (VIOLATED) 

   u_core/rvx_core_instance/rs1_data_s2[3]
                                0.00          15.72         -15.72  (VIOLATED) 
     PIN : u_core/rvx_core_instance/rs1_data_s2_reg[3]/Q
                                0.00          15.72         -15.72  (VIOLATED) 

   u_core/rvx_core_instance/rs1_data_s2[6]
                                0.00          15.72         -15.72  (VIOLATED) 
     PIN : u_core/rvx_core_instance/rs1_data_s2_reg[6]/Q
                                0.00          15.72         -15.72  (VIOLATED) 

   u_core/rvx_core_instance/rs1_data_s2[15]
                                0.00          15.72         -15.72  (VIOLATED) 
     PIN : u_core/rvx_core_instance/rs1_data_s2_reg[15]/Q
                                0.00          15.72         -15.72  (VIOLATED) 

   u_core/rvx_spi_instance/cycle_counter[1]
                                0.00          13.15         -13.15  (VIOLATED) 
     PIN : u_core/rvx_spi_instance/cycle_counter_reg[1]/Q
                                0.00          13.15         -13.15  (VIOLATED) 

   u_core/rvx_core_instance/rs1_data_s2[0]
                                0.00          13.07         -13.07  (VIOLATED) 
     PIN : u_core/rvx_core_instance/rs1_data_s2_reg[0]/Q
                                0.00          13.07         -13.07  (VIOLATED) 

   u_core/rvx_spi_instance/cycle_counter[13]
                                0.00          12.90         -12.90  (VIOLATED) 
     PIN : u_core/rvx_spi_instance/cycle_counter_reg[13]/Q
                                0.00          12.90         -12.90  (VIOLATED) 

   u_core/rvx_spi_instance/cycle_counter[3]
                                0.00          12.90         -12.90  (VIOLATED) 
     PIN : u_core/rvx_spi_instance/cycle_counter_reg[3]/Q
                                0.00          12.90         -12.90  (VIOLATED) 

   u_core/rvx_spi_instance/cycle_counter[14]
                                0.00          12.90         -12.90  (VIOLATED) 
     PIN : u_core/rvx_spi_instance/cycle_counter_reg[14]/Q
                                0.00          12.90         -12.90  (VIOLATED) 

   u_core/rvx_spi_instance/cycle_counter[12]
                                0.00          12.90         -12.90  (VIOLATED) 
     PIN : u_core/rvx_spi_instance/cycle_counter_reg[12]/Q
                                0.00          12.90         -12.90  (VIOLATED) 

   u_core/rvx_spi_instance/cycle_counter[2]
                                0.00          12.90         -12.90  (VIOLATED) 
     PIN : u_core/rvx_spi_instance/cycle_counter_reg[2]/Q
                                0.00          12.90         -12.90  (VIOLATED) 

   u_core/rvx_spi_instance/cycle_counter[11]
                                0.00          12.90         -12.90  (VIOLATED) 
     PIN : u_core/rvx_spi_instance/cycle_counter_reg[11]/Q
                                0.00          12.90         -12.90  (VIOLATED) 

   u_core/rvx_spi_instance/cycle_counter[10]
                                0.00          12.90         -12.90  (VIOLATED) 
     PIN : u_core/rvx_spi_instance/cycle_counter_reg[10]/Q
                                0.00          12.90         -12.90  (VIOLATED) 

   u_core/rvx_spi_instance/cycle_counter[9]
                                0.00          12.90         -12.90  (VIOLATED) 
     PIN : u_core/rvx_spi_instance/cycle_counter_reg[9]/Q
                                0.00          12.90         -12.90  (VIOLATED) 

   u_core/rvx_spi_instance/cycle_counter[8]
                                0.00          12.90         -12.90  (VIOLATED) 
     PIN : u_core/rvx_spi_instance/cycle_counter_reg[8]/Q
                                0.00          12.90         -12.90  (VIOLATED) 

   u_core/rvx_spi_instance/cycle_counter[7]
                                0.00          12.90         -12.90  (VIOLATED) 
     PIN : u_core/rvx_spi_instance/cycle_counter_reg[7]/Q
                                0.00          12.90         -12.90  (VIOLATED) 

   u_core/rvx_spi_instance/cycle_counter[4]
                                0.00          12.90         -12.90  (VIOLATED) 
     PIN : u_core/rvx_spi_instance/cycle_counter_reg[4]/Q
                                0.00          12.90         -12.90  (VIOLATED) 

   u_core/rvx_spi_instance/cycle_counter[6]
                                0.00          12.90         -12.90  (VIOLATED) 
     PIN : u_core/rvx_spi_instance/cycle_counter_reg[6]/Q
                                0.00          12.90         -12.90  (VIOLATED) 

   u_core/rvx_spi_instance/cycle_counter[5]
                                0.00          12.90         -12.90  (VIOLATED) 
     PIN : u_core/rvx_spi_instance/cycle_counter_reg[5]/Q
                                0.00          12.90         -12.90  (VIOLATED) 

   u_core/controller_rw_address[31]
                                0.00          12.71         -12.71  (VIOLATED) 
     PIN : u_core/rvx_core_instance/rvx_core_bus_controller_instance/C523/Z[31]
                                0.00          12.71         -12.71  (VIOLATED) 

   u_core/rvx_core_instance/gen_rvx_core_mdu.rvx_core_mdu_instance/mult_23/U0/N_387
                                8.00          19.03         -11.03  (VIOLATED) 
     PIN : u_core/rvx_core_instance/gen_rvx_core_mdu.rvx_core_mdu_instance/mult_23/U0/U_19120/Y
                                8.00          19.03         -11.03  (VIOLATED) 

   u_core/rvx_core_instance/gen_rvx_core_mdu.rvx_core_mdu_instance/mult_23/U0/N_369
                                8.00          18.88         -10.88  (VIOLATED) 
     PIN : u_core/rvx_core_instance/gen_rvx_core_mdu.rvx_core_mdu_instance/mult_23/U0/U_173/Y
                                8.00          18.88         -10.88  (VIOLATED) 

   u_core/rvx_core_instance/gen_rvx_core_mdu.rvx_core_mdu_instance/mult_23/U0/N_348
                                8.00          18.88         -10.88  (VIOLATED) 
     PIN : u_core/rvx_core_instance/gen_rvx_core_mdu.rvx_core_mdu_instance/mult_23/U0/U_152/Y
                                8.00          18.88         -10.88  (VIOLATED) 

   u_core/rvx_core_instance/gen_rvx_core_mdu.rvx_core_mdu_instance/mult_23/U0/N_341
                                8.00          18.88         -10.88  (VIOLATED) 
     PIN : u_core/rvx_core_instance/gen_rvx_core_mdu.rvx_core_mdu_instance/mult_23/U0/U_145/Y
                                8.00          18.88         -10.88  (VIOLATED) 

   u_core/rvx_core_instance/gen_rvx_core_mdu.rvx_core_mdu_instance/mult_23/U0/N_355
                                8.00          18.88         -10.88  (VIOLATED) 
     PIN : u_core/rvx_core_instance/gen_rvx_core_mdu.rvx_core_mdu_instance/mult_23/U0/U_159/Y
                                8.00          18.88         -10.88  (VIOLATED) 

   u_core/rvx_core_instance/gen_rvx_core_mdu.rvx_core_mdu_instance/mult_23/U0/N_334
                                8.00          18.88         -10.88  (VIOLATED) 
     PIN : u_core/rvx_core_instance/gen_rvx_core_mdu.rvx_core_mdu_instance/mult_23/U0/U_138/Y
                                8.00          18.88         -10.88  (VIOLATED) 

   u_core/rvx_core_instance/gen_rvx_core_mdu.rvx_core_mdu_instance/mult_23/U0/N_362
                                8.00          18.88         -10.88  (VIOLATED) 
     PIN : u_core/rvx_core_instance/gen_rvx_core_mdu.rvx_core_mdu_instance/mult_23/U0/U_166/Y
                                8.00          18.88         -10.88  (VIOLATED) 

   u_core/rvx_core_instance/gen_rvx_core_mdu.rvx_core_mdu_instance/mult_23/U0/N_327
                                8.00          18.88         -10.88  (VIOLATED) 
     PIN : u_core/rvx_core_instance/gen_rvx_core_mdu.rvx_core_mdu_instance/mult_23/U0/U_131/Y
                                8.00          18.88         -10.88  (VIOLATED) 

   u_core/rvx_core_instance/gen_rvx_core_mdu.rvx_core_mdu_instance/mult_23/U0/N_320
                                8.00          18.88         -10.88  (VIOLATED) 
     PIN : u_core/rvx_core_instance/gen_rvx_core_mdu.rvx_core_mdu_instance/mult_23/U0/U_124/Y
                                8.00          18.88         -10.88  (VIOLATED) 

   u_core/rvx_core_instance/gen_rvx_core_mdu.rvx_core_mdu_instance/mult_23/U0/N_376
                                8.00          18.88         -10.88  (VIOLATED) 
     PIN : u_core/rvx_core_instance/gen_rvx_core_mdu.rvx_core_mdu_instance/mult_23/U0/U_180/Y
                                8.00          18.88         -10.88  (VIOLATED) 

   u_core/rvx_core_instance/gen_rvx_core_mdu.rvx_core_mdu_instance/mult_23/U0/N_383
                                8.00          18.88         -10.88  (VIOLATED) 
     PIN : u_core/rvx_core_instance/gen_rvx_core_mdu.rvx_core_mdu_instance/mult_23/U0/U_187/Y
                                8.00          18.88         -10.88  (VIOLATED) 

   u_core/rvx_spi_instance/bit_counter[1]
                                0.00          10.81         -10.81  (VIOLATED) 
     PIN : u_core/rvx_spi_instance/bit_counter_reg[1]/Q
                                0.00          10.81         -10.81  (VIOLATED) 

   u_core/rvx_spi_instance/bit_counter[2]
                                0.00          10.81         -10.81  (VIOLATED) 
     PIN : u_core/rvx_spi_instance/bit_counter_reg[2]/Q
                                0.00          10.81         -10.81  (VIOLATED) 

   u_core/rvx_core_instance/gen_rvx_core_mdu.rvx_core_mdu_instance/mult_23/U0/N_380
                                8.00          18.59         -10.59  (VIOLATED) 
     PIN : u_core/rvx_core_instance/gen_rvx_core_mdu.rvx_core_mdu_instance/mult_23/U0/U_184/Y
                                8.00          18.59         -10.59  (VIOLATED) 

   u_core/rvx_core_instance/gen_rvx_core_mdu.rvx_core_mdu_instance/mult_23/U0/N_317
                                8.00          18.59         -10.59  (VIOLATED) 
     PIN : u_core/rvx_core_instance/gen_rvx_core_mdu.rvx_core_mdu_instance/mult_23/U0/U_121/Y
                                8.00          18.59         -10.59  (VIOLATED) 

   u_core/rvx_core_instance/gen_rvx_core_mdu.rvx_core_mdu_instance/mult_23/U0/N_352
                                8.00          18.59         -10.59  (VIOLATED) 
     PIN : u_core/rvx_core_instance/gen_rvx_core_mdu.rvx_core_mdu_instance/mult_23/U0/U_156/Y
                                8.00          18.59         -10.59  (VIOLATED) 

   u_core/rvx_core_instance/gen_rvx_core_mdu.rvx_core_mdu_instance/mult_23/U0/N_345
                                8.00          18.59         -10.59  (VIOLATED) 
     PIN : u_core/rvx_core_instance/gen_rvx_core_mdu.rvx_core_mdu_instance/mult_23/U0/U_149/Y
                                8.00          18.59         -10.59  (VIOLATED) 

   u_core/rvx_core_instance/gen_rvx_core_mdu.rvx_core_mdu_instance/mult_23/U0/N_324
                                8.00          18.59         -10.59  (VIOLATED) 
     PIN : u_core/rvx_core_instance/gen_rvx_core_mdu.rvx_core_mdu_instance/mult_23/U0/U_128/Y
                                8.00          18.59         -10.59  (VIOLATED) 

   u_core/rvx_core_instance/gen_rvx_core_mdu.rvx_core_mdu_instance/mult_23/U0/N_366
                                8.00          18.59         -10.59  (VIOLATED) 
     PIN : u_core/rvx_core_instance/gen_rvx_core_mdu.rvx_core_mdu_instance/mult_23/U0/U_170/Y
                                8.00          18.59         -10.59  (VIOLATED) 

   u_core/rvx_core_instance/gen_rvx_core_mdu.rvx_core_mdu_instance/mult_23/U0/N_373
                                8.00          18.59         -10.59  (VIOLATED) 
     PIN : u_core/rvx_core_instance/gen_rvx_core_mdu.rvx_core_mdu_instance/mult_23/U0/U_177/Y
                                8.00          18.59         -10.59  (VIOLATED) 

   u_core/rvx_core_instance/gen_rvx_core_mdu.rvx_core_mdu_instance/mult_23/U0/N_359
                                8.00          18.59         -10.59  (VIOLATED) 
     PIN : u_core/rvx_core_instance/gen_rvx_core_mdu.rvx_core_mdu_instance/mult_23/U0/U_163/Y
                                8.00          18.59         -10.59  (VIOLATED) 

   u_core/rvx_core_instance/gen_rvx_core_mdu.rvx_core_mdu_instance/mult_23/U0/N_338
                                8.00          18.59         -10.59  (VIOLATED) 
     PIN : u_core/rvx_core_instance/gen_rvx_core_mdu.rvx_core_mdu_instance/mult_23/U0/U_142/Y
                                8.00          18.59         -10.59  (VIOLATED) 

   u_core/rvx_core_instance/gen_rvx_core_mdu.rvx_core_mdu_instance/mult_23/U0/N_331
                                8.00          18.59         -10.59  (VIOLATED) 
     PIN : u_core/rvx_core_instance/gen_rvx_core_mdu.rvx_core_mdu_instance/mult_23/U0/U_135/Y
                                8.00          18.59         -10.59  (VIOLATED) 

   u_core/rvx_core_instance/gen_rvx_core_mdu.rvx_core_mdu_instance/mult_22/U0/N_379
                                8.00          18.47         -10.47  (VIOLATED) 
     PIN : u_core/rvx_core_instance/gen_rvx_core_mdu.rvx_core_mdu_instance/mult_22/U0/U_18720/Y
                                8.00          18.47         -10.47  (VIOLATED) 

   u_core/rvx_core_instance/gen_rvx_core_mdu.rvx_core_mdu_instance/mult_22/U0/N_333
                                8.00          18.31         -10.31  (VIOLATED) 
     PIN : u_core/rvx_core_instance/gen_rvx_core_mdu.rvx_core_mdu_instance/mult_22/U0/U_141/Y
                                8.00          18.31         -10.31  (VIOLATED) 

   u_core/rvx_core_instance/gen_rvx_core_mdu.rvx_core_mdu_instance/mult_22/U0/N_326
                                8.00          18.31         -10.31  (VIOLATED) 
     PIN : u_core/rvx_core_instance/gen_rvx_core_mdu.rvx_core_mdu_instance/mult_22/U0/U_134/Y
                                8.00          18.31         -10.31  (VIOLATED) 

   u_core/rvx_core_instance/gen_rvx_core_mdu.rvx_core_mdu_instance/mult_22/U0/N_340
                                8.00          18.31         -10.31  (VIOLATED) 
     PIN : u_core/rvx_core_instance/gen_rvx_core_mdu.rvx_core_mdu_instance/mult_22/U0/U_148/Y
                                8.00          18.31         -10.31  (VIOLATED) 

   u_core/rvx_core_instance/gen_rvx_core_mdu.rvx_core_mdu_instance/mult_22/U0/N_354
                                8.00          18.31         -10.31  (VIOLATED) 
     PIN : u_core/rvx_core_instance/gen_rvx_core_mdu.rvx_core_mdu_instance/mult_22/U0/U_162/Y
                                8.00          18.31         -10.31  (VIOLATED) 

   u_core/rvx_core_instance/gen_rvx_core_mdu.rvx_core_mdu_instance/mult_22/U0/N_347
                                8.00          18.31         -10.31  (VIOLATED) 
     PIN : u_core/rvx_core_instance/gen_rvx_core_mdu.rvx_core_mdu_instance/mult_22/U0/U_155/Y
                                8.00          18.31         -10.31  (VIOLATED) 

   u_core/rvx_core_instance/gen_rvx_core_mdu.rvx_core_mdu_instance/mult_22/U0/N_319
                                8.00          18.31         -10.31  (VIOLATED) 
     PIN : u_core/rvx_core_instance/gen_rvx_core_mdu.rvx_core_mdu_instance/mult_22/U0/U_127/Y
                                8.00          18.31         -10.31  (VIOLATED) 

   u_core/rvx_core_instance/gen_rvx_core_mdu.rvx_core_mdu_instance/mult_22/U0/N_375
                                8.00          18.31         -10.31  (VIOLATED) 
     PIN : u_core/rvx_core_instance/gen_rvx_core_mdu.rvx_core_mdu_instance/mult_22/U0/U_183/Y
                                8.00          18.31         -10.31  (VIOLATED) 

   u_core/rvx_core_instance/gen_rvx_core_mdu.rvx_core_mdu_instance/mult_22/U0/N_368
                                8.00          18.31         -10.31  (VIOLATED) 
     PIN : u_core/rvx_core_instance/gen_rvx_core_mdu.rvx_core_mdu_instance/mult_22/U0/U_176/Y
                                8.00          18.31         -10.31  (VIOLATED) 

   u_core/rvx_core_instance/gen_rvx_core_mdu.rvx_core_mdu_instance/mult_22/U0/N_312
                                8.00          18.31         -10.31  (VIOLATED) 
     PIN : u_core/rvx_core_instance/gen_rvx_core_mdu.rvx_core_mdu_instance/mult_22/U0/U_120/Y
                                8.00          18.31         -10.31  (VIOLATED) 

   u_core/rvx_core_instance/gen_rvx_core_mdu.rvx_core_mdu_instance/mult_22/U0/N_361
                                8.00          18.31         -10.31  (VIOLATED) 
     PIN : u_core/rvx_core_instance/gen_rvx_core_mdu.rvx_core_mdu_instance/mult_22/U0/U_169/Y
                                8.00          18.31         -10.31  (VIOLATED) 

   u_core/rvx_core_instance/gen_rvx_core_mdu.rvx_core_mdu_instance/mult_24/U0/N_302
                                8.00          18.29         -10.29  (VIOLATED) 
     PIN : u_core/rvx_core_instance/gen_rvx_core_mdu.rvx_core_mdu_instance/mult_24/U0/U_172/Y
                                8.00          18.29         -10.29  (VIOLATED) 

   u_core/rvx_core_instance/gen_rvx_core_mdu.rvx_core_mdu_instance/mult_24/U0/N_322
                                8.00          18.29         -10.29  (VIOLATED) 
     PIN : u_core/rvx_core_instance/gen_rvx_core_mdu.rvx_core_mdu_instance/mult_24/U0/U_192/Y
                                8.00          18.29         -10.29  (VIOLATED) 

   u_core/rvx_core_instance/gen_rvx_core_mdu.rvx_core_mdu_instance/mult_24/U0/N_316
                                8.00          18.29         -10.29  (VIOLATED) 
     PIN : u_core/rvx_core_instance/gen_rvx_core_mdu.rvx_core_mdu_instance/mult_24/U0/U_186/Y
                                8.00          18.29         -10.29  (VIOLATED) 

   u_core/rvx_core_instance/gen_rvx_core_mdu.rvx_core_mdu_instance/mult_24/U0/N_309
                                8.00          18.29         -10.29  (VIOLATED) 
     PIN : u_core/rvx_core_instance/gen_rvx_core_mdu.rvx_core_mdu_instance/mult_24/U0/U_179/Y
                                8.00          18.29         -10.29  (VIOLATED) 

   u_core/rvx_core_instance/gen_rvx_core_mdu.rvx_core_mdu_instance/mult_24/U0/N_295
                                8.00          18.29         -10.29  (VIOLATED) 
     PIN : u_core/rvx_core_instance/gen_rvx_core_mdu.rvx_core_mdu_instance/mult_24/U0/U_165/Y
                                8.00          18.29         -10.29  (VIOLATED) 

   u_core/rvx_core_instance/gen_rvx_core_mdu.rvx_core_mdu_instance/mult_24/U0/N_281
                                8.00          18.29         -10.29  (VIOLATED) 
     PIN : u_core/rvx_core_instance/gen_rvx_core_mdu.rvx_core_mdu_instance/mult_24/U0/U_151/Y
                                8.00          18.29         -10.29  (VIOLATED) 

   u_core/rvx_core_instance/gen_rvx_core_mdu.rvx_core_mdu_instance/mult_24/U0/N_288
                                8.00          18.29         -10.29  (VIOLATED) 
     PIN : u_core/rvx_core_instance/gen_rvx_core_mdu.rvx_core_mdu_instance/mult_24/U0/U_158/Y
                                8.00          18.29         -10.29  (VIOLATED) 

   u_core/rvx_core_instance/gen_rvx_core_mdu.rvx_core_mdu_instance/mult_24/U0/N_274
                                8.00          18.29         -10.29  (VIOLATED) 
     PIN : u_core/rvx_core_instance/gen_rvx_core_mdu.rvx_core_mdu_instance/mult_24/U0/U_144/Y
                                8.00          18.29         -10.29  (VIOLATED) 

   u_core/rvx_core_instance/gen_rvx_core_mdu.rvx_core_mdu_instance/mult_24/U0/N_253
                                8.00          18.29         -10.29  (VIOLATED) 
     PIN : u_core/rvx_core_instance/gen_rvx_core_mdu.rvx_core_mdu_instance/mult_24/U0/U_123/Y
                                8.00          18.29         -10.29  (VIOLATED) 

   u_core/rvx_core_instance/gen_rvx_core_mdu.rvx_core_mdu_instance/mult_24/U0/N_260
                                8.00          18.29         -10.29  (VIOLATED) 
     PIN : u_core/rvx_core_instance/gen_rvx_core_mdu.rvx_core_mdu_instance/mult_24/U0/U_130/Y
                                8.00          18.29         -10.29  (VIOLATED) 

   u_core/rvx_core_instance/gen_rvx_core_mdu.rvx_core_mdu_instance/mult_24/U0/N_267
                                8.00          18.29         -10.29  (VIOLATED) 
     PIN : u_core/rvx_core_instance/gen_rvx_core_mdu.rvx_core_mdu_instance/mult_24/U0/U_137/Y
                                8.00          18.29         -10.29  (VIOLATED) 

   u_core/rvx_core_instance/gen_rvx_core_mdu.rvx_core_mdu_instance/mult_22/U0/N_351
                                8.00          18.06         -10.06  (VIOLATED) 
     PIN : u_core/rvx_core_instance/gen_rvx_core_mdu.rvx_core_mdu_instance/mult_22/U0/U_159/Y
                                8.00          18.06         -10.06  (VIOLATED) 

   u_core/rvx_core_instance/gen_rvx_core_mdu.rvx_core_mdu_instance/mult_22/U0/N_337
                                8.00          18.06         -10.06  (VIOLATED) 
     PIN : u_core/rvx_core_instance/gen_rvx_core_mdu.rvx_core_mdu_instance/mult_22/U0/U_145/Y
                                8.00          18.06         -10.06  (VIOLATED) 

   u_core/rvx_core_instance/gen_rvx_core_mdu.rvx_core_mdu_instance/mult_22/U0/N_344
                                8.00          18.06         -10.06  (VIOLATED) 
     PIN : u_core/rvx_core_instance/gen_rvx_core_mdu.rvx_core_mdu_instance/mult_22/U0/U_152/Y
                                8.00          18.06         -10.06  (VIOLATED) 

   u_core/rvx_core_instance/gen_rvx_core_mdu.rvx_core_mdu_instance/mult_22/U0/N_358
                                8.00          18.06         -10.06  (VIOLATED) 
     PIN : u_core/rvx_core_instance/gen_rvx_core_mdu.rvx_core_mdu_instance/mult_22/U0/U_166/Y
                                8.00          18.06         -10.06  (VIOLATED) 

   u_core/rvx_core_instance/gen_rvx_core_mdu.rvx_core_mdu_instance/mult_22/U0/N_365
                                8.00          18.06         -10.06  (VIOLATED) 
     PIN : u_core/rvx_core_instance/gen_rvx_core_mdu.rvx_core_mdu_instance/mult_22/U0/U_173/Y
                                8.00          18.06         -10.06  (VIOLATED) 

   u_core/rvx_core_instance/gen_rvx_core_mdu.rvx_core_mdu_instance/mult_22/U0/N_330
                                8.00          18.06         -10.06  (VIOLATED) 
     PIN : u_core/rvx_core_instance/gen_rvx_core_mdu.rvx_core_mdu_instance/mult_22/U0/U_138/Y
                                8.00          18.06         -10.06  (VIOLATED) 

   u_core/rvx_core_instance/gen_rvx_core_mdu.rvx_core_mdu_instance/mult_22/U0/N_309
                                8.00          18.06         -10.06  (VIOLATED) 
     PIN : u_core/rvx_core_instance/gen_rvx_core_mdu.rvx_core_mdu_instance/mult_22/U0/U_117/Y
                                8.00          18.06         -10.06  (VIOLATED) 

   u_core/rvx_core_instance/gen_rvx_core_mdu.rvx_core_mdu_instance/mult_22/U0/N_323
                                8.00          18.06         -10.06  (VIOLATED) 
     PIN : u_core/rvx_core_instance/gen_rvx_core_mdu.rvx_core_mdu_instance/mult_22/U0/U_131/Y
                                8.00          18.06         -10.06  (VIOLATED) 

   u_core/rvx_core_instance/gen_rvx_core_mdu.rvx_core_mdu_instance/mult_22/U0/N_316
                                8.00          18.06         -10.06  (VIOLATED) 
     PIN : u_core/rvx_core_instance/gen_rvx_core_mdu.rvx_core_mdu_instance/mult_22/U0/U_124/Y
                                8.00          18.06         -10.06  (VIOLATED) 

   u_core/rvx_core_instance/gen_rvx_core_mdu.rvx_core_mdu_instance/mult_22/U0/N_372
                                8.00          18.06         -10.06  (VIOLATED) 
     PIN : u_core/rvx_core_instance/gen_rvx_core_mdu.rvx_core_mdu_instance/mult_22/U0/U_180/Y
                                8.00          18.06         -10.06  (VIOLATED) 

   u_core/rvx_core_instance/gen_rvx_core_mdu.rvx_core_mdu_instance/mult_23/U0/N_386
                                8.00          17.98          -9.98  (VIOLATED) 
     PIN : u_core/rvx_core_instance/gen_rvx_core_mdu.rvx_core_mdu_instance/mult_23/U0/U_190/Y
                                8.00          17.98          -9.98  (VIOLATED) 

   u_core/rvx_core_instance/gen_rvx_core_mdu.rvx_core_mdu_instance/mult_23/U0/N_382
                                8.00          17.87          -9.87  (VIOLATED) 
     PIN : u_core/rvx_core_instance/gen_rvx_core_mdu.rvx_core_mdu_instance/mult_23/U0/U_18619/Y
                                8.00          17.87          -9.87  (VIOLATED) 

   u_core/rvx_core_instance/gen_rvx_core_mdu.rvx_core_mdu_instance/mult_23/U0/N_319
                                8.00          17.87          -9.87  (VIOLATED) 
     PIN : u_core/rvx_core_instance/gen_rvx_core_mdu.rvx_core_mdu_instance/mult_23/U0/U_1231/Y
                                8.00          17.87          -9.87  (VIOLATED) 

   u_core/rvx_core_instance/gen_rvx_core_mdu.rvx_core_mdu_instance/mult_23/U0/N_347
                                8.00          17.87          -9.87  (VIOLATED) 
     PIN : u_core/rvx_core_instance/gen_rvx_core_mdu.rvx_core_mdu_instance/mult_23/U0/U_1519/Y
                                8.00          17.87          -9.87  (VIOLATED) 

   u_core/rvx_core_instance/gen_rvx_core_mdu.rvx_core_mdu_instance/mult_23/U0/N_375
                                8.00          17.87          -9.87  (VIOLATED) 
     PIN : u_core/rvx_core_instance/gen_rvx_core_mdu.rvx_core_mdu_instance/mult_23/U0/U_17917/Y
                                8.00          17.87          -9.87  (VIOLATED) 

   u_core/rvx_core_instance/gen_rvx_core_mdu.rvx_core_mdu_instance/mult_23/U0/N_326
                                8.00          17.87          -9.87  (VIOLATED) 
     PIN : u_core/rvx_core_instance/gen_rvx_core_mdu.rvx_core_mdu_instance/mult_23/U0/U_1303/Y
                                8.00          17.87          -9.87  (VIOLATED) 

   u_core/rvx_core_instance/gen_rvx_core_mdu.rvx_core_mdu_instance/mult_23/U0/N_368
                                8.00          17.87          -9.87  (VIOLATED) 
     PIN : u_core/rvx_core_instance/gen_rvx_core_mdu.rvx_core_mdu_instance/mult_23/U0/U_17215/Y
                                8.00          17.87          -9.87  (VIOLATED) 

   u_core/rvx_core_instance/gen_rvx_core_mdu.rvx_core_mdu_instance/mult_23/U0/N_333
                                8.00          17.87          -9.87  (VIOLATED) 
     PIN : u_core/rvx_core_instance/gen_rvx_core_mdu.rvx_core_mdu_instance/mult_23/U0/U_1375/Y
                                8.00          17.87          -9.87  (VIOLATED) 

   u_core/rvx_core_instance/gen_rvx_core_mdu.rvx_core_mdu_instance/mult_23/U0/N_361
                                8.00          17.87          -9.87  (VIOLATED) 
     PIN : u_core/rvx_core_instance/gen_rvx_core_mdu.rvx_core_mdu_instance/mult_23/U0/U_16513/Y
                                8.00          17.87          -9.87  (VIOLATED) 

   u_core/rvx_core_instance/gen_rvx_core_mdu.rvx_core_mdu_instance/mult_23/U0/N_340
                                8.00          17.87          -9.87  (VIOLATED) 
     PIN : u_core/rvx_core_instance/gen_rvx_core_mdu.rvx_core_mdu_instance/mult_23/U0/U_1447/Y
                                8.00          17.87          -9.87  (VIOLATED) 

   u_core/rvx_core_instance/gen_rvx_core_mdu.rvx_core_mdu_instance/mult_23/U0/N_354
                                8.00          17.87          -9.87  (VIOLATED) 
     PIN : u_core/rvx_core_instance/gen_rvx_core_mdu.rvx_core_mdu_instance/mult_23/U0/U_15811/Y
                                8.00          17.87          -9.87  (VIOLATED) 

   u_core/rvx_core_instance/gen_rvx_core_mdu.rvx_core_mdu_instance/mult_23/U0/N_374
                                8.00          17.74          -9.74  (VIOLATED) 
     PIN : u_core/rvx_core_instance/gen_rvx_core_mdu.rvx_core_mdu_instance/mult_23/U0/U_17816/Y
                                8.00          17.74          -9.74  (VIOLATED) 

   u_core/rvx_core_instance/gen_rvx_core_mdu.rvx_core_mdu_instance/mult_23/U0/N_325
                                8.00          17.74          -9.74  (VIOLATED) 
     PIN : u_core/rvx_core_instance/gen_rvx_core_mdu.rvx_core_mdu_instance/mult_23/U0/U_1292/Y
                                8.00          17.74          -9.74  (VIOLATED) 

   u_core/rvx_core_instance/gen_rvx_core_mdu.rvx_core_mdu_instance/mult_23/U0/N_367
                                8.00          17.74          -9.74  (VIOLATED) 
     PIN : u_core/rvx_core_instance/gen_rvx_core_mdu.rvx_core_mdu_instance/mult_23/U0/U_17114/Y
                                8.00          17.74          -9.74  (VIOLATED) 

   u_core/rvx_core_instance/gen_rvx_core_mdu.rvx_core_mdu_instance/mult_23/U0/N_360
                                8.00          17.74          -9.74  (VIOLATED) 
     PIN : u_core/rvx_core_instance/gen_rvx_core_mdu.rvx_core_mdu_instance/mult_23/U0/U_16412/Y
                                8.00          17.74          -9.74  (VIOLATED) 

   u_core/rvx_core_instance/gen_rvx_core_mdu.rvx_core_mdu_instance/mult_23/U0/N_339
                                8.00          17.74          -9.74  (VIOLATED) 
     PIN : u_core/rvx_core_instance/gen_rvx_core_mdu.rvx_core_mdu_instance/mult_23/U0/U_1436/Y
                                8.00          17.74          -9.74  (VIOLATED) 

   u_core/rvx_core_instance/gen_rvx_core_mdu.rvx_core_mdu_instance/mult_23/U0/N_318
                                8.00          17.74          -9.74  (VIOLATED) 
     PIN : u_core/rvx_core_instance/gen_rvx_core_mdu.rvx_core_mdu_instance/mult_23/U0/U_1220/Y
                                8.00          17.74          -9.74  (VIOLATED) 

   u_core/rvx_core_instance/gen_rvx_core_mdu.rvx_core_mdu_instance/mult_23/U0/N_381
                                8.00          17.74          -9.74  (VIOLATED) 
     PIN : u_core/rvx_core_instance/gen_rvx_core_mdu.rvx_core_mdu_instance/mult_23/U0/U_18518/Y
                                8.00          17.74          -9.74  (VIOLATED) 

   u_core/rvx_core_instance/gen_rvx_core_mdu.rvx_core_mdu_instance/mult_23/U0/N_353
                                8.00          17.74          -9.74  (VIOLATED) 
     PIN : u_core/rvx_core_instance/gen_rvx_core_mdu.rvx_core_mdu_instance/mult_23/U0/U_15710/Y
                                8.00          17.74          -9.74  (VIOLATED) 

   u_core/rvx_core_instance/gen_rvx_core_mdu.rvx_core_mdu_instance/mult_23/U0/N_346
                                8.00          17.74          -9.74  (VIOLATED) 
     PIN : u_core/rvx_core_instance/gen_rvx_core_mdu.rvx_core_mdu_instance/mult_23/U0/U_1508/Y
                                8.00          17.74          -9.74  (VIOLATED) 

   u_core/rvx_core_instance/gen_rvx_core_mdu.rvx_core_mdu_instance/mult_23/U0/N_332
                                8.00          17.74          -9.74  (VIOLATED) 
     PIN : u_core/rvx_core_instance/gen_rvx_core_mdu.rvx_core_mdu_instance/mult_23/U0/U_1364/Y
                                8.00          17.74          -9.74  (VIOLATED) 

   u_core/rvx_spi_instance/bit_counter[3]
                                0.00           9.70          -9.70  (VIOLATED) 
     PIN : u_core/rvx_spi_instance/bit_counter_reg[3]/Q
                                0.00           9.70          -9.70  (VIOLATED) 

   u_core/rvx_core_instance/gen_rvx_core_mdu.rvx_core_mdu_instance/mult_22/U0/N_378
                                8.00          17.47          -9.47  (VIOLATED) 
     PIN : u_core/rvx_core_instance/gen_rvx_core_mdu.rvx_core_mdu_instance/mult_22/U0/U_186/Y
                                8.00          17.47          -9.47  (VIOLATED) 

   u_core/rvx_core_instance/gen_rvx_core_mdu.rvx_core_mdu_instance/mult_22/U0/N_346
                                8.00          17.36          -9.36  (VIOLATED) 
     PIN : u_core/rvx_core_instance/gen_rvx_core_mdu.rvx_core_mdu_instance/mult_22/U0/U_15411/Y
                                8.00          17.36          -9.36  (VIOLATED) 

   u_core/rvx_core_instance/gen_rvx_core_mdu.rvx_core_mdu_instance/mult_24/U0/N_266
                                8.00          17.36          -9.36  (VIOLATED) 
     PIN : u_core/rvx_core_instance/gen_rvx_core_mdu.rvx_core_mdu_instance/mult_24/U0/U_1365/Y
                                8.00          17.36          -9.36  (VIOLATED) 

   u_core/rvx_core_instance/gen_rvx_core_mdu.rvx_core_mdu_instance/mult_24/U0/N_273
                                8.00          17.36          -9.36  (VIOLATED) 
     PIN : u_core/rvx_core_instance/gen_rvx_core_mdu.rvx_core_mdu_instance/mult_24/U0/U_1437/Y
                                8.00          17.36          -9.36  (VIOLATED) 

   u_core/rvx_core_instance/gen_rvx_core_mdu.rvx_core_mdu_instance/mult_24/U0/N_280
                                8.00          17.36          -9.36  (VIOLATED) 
     PIN : u_core/rvx_core_instance/gen_rvx_core_mdu.rvx_core_mdu_instance/mult_24/U0/U_1509/Y
                                8.00          17.36          -9.36  (VIOLATED) 

   u_core/rvx_core_instance/gen_rvx_core_mdu.rvx_core_mdu_instance/mult_24/U0/N_259
                                8.00          17.36          -9.36  (VIOLATED) 
     PIN : u_core/rvx_core_instance/gen_rvx_core_mdu.rvx_core_mdu_instance/mult_24/U0/U_1293/Y
                                8.00          17.36          -9.36  (VIOLATED) 

   u_core/rvx_core_instance/gen_rvx_core_mdu.rvx_core_mdu_instance/mult_24/U0/N_287
                                8.00          17.36          -9.36  (VIOLATED) 
     PIN : u_core/rvx_core_instance/gen_rvx_core_mdu.rvx_core_mdu_instance/mult_24/U0/U_15711/Y
                                8.00          17.36          -9.36  (VIOLATED) 

   u_core/rvx_core_instance/gen_rvx_core_mdu.rvx_core_mdu_instance/mult_22/U0/N_332
                                8.00          17.36          -9.36  (VIOLATED) 
     PIN : u_core/rvx_core_instance/gen_rvx_core_mdu.rvx_core_mdu_instance/mult_22/U0/U_1407/Y
                                8.00          17.36          -9.36  (VIOLATED) 

   u_core/rvx_core_instance/gen_rvx_core_mdu.rvx_core_mdu_instance/mult_22/U0/N_325
                                8.00          17.36          -9.36  (VIOLATED) 
     PIN : u_core/rvx_core_instance/gen_rvx_core_mdu.rvx_core_mdu_instance/mult_22/U0/U_1335/Y
                                8.00          17.36          -9.36  (VIOLATED) 

   u_core/rvx_core_instance/gen_rvx_core_mdu.rvx_core_mdu_instance/mult_22/U0/N_339
                                8.00          17.36          -9.36  (VIOLATED) 
     PIN : u_core/rvx_core_instance/gen_rvx_core_mdu.rvx_core_mdu_instance/mult_22/U0/U_1479/Y
                                8.00          17.36          -9.36  (VIOLATED) 

   u_core/rvx_core_instance/gen_rvx_core_mdu.rvx_core_mdu_instance/mult_22/U0/N_318
                                8.00          17.36          -9.36  (VIOLATED) 
     PIN : u_core/rvx_core_instance/gen_rvx_core_mdu.rvx_core_mdu_instance/mult_22/U0/U_1263/Y
                                8.00          17.36          -9.36  (VIOLATED) 

   u_core/rvx_core_instance/gen_rvx_core_mdu.rvx_core_mdu_instance/mult_22/U0/N_311
                                8.00          17.36          -9.36  (VIOLATED) 
     PIN : u_core/rvx_core_instance/gen_rvx_core_mdu.rvx_core_mdu_instance/mult_22/U0/U_1191/Y
                                8.00          17.36          -9.36  (VIOLATED) 

   u_core/rvx_core_instance/gen_rvx_core_mdu.rvx_core_mdu_instance/mult_24/U0/N_301
                                8.00          17.36          -9.36  (VIOLATED) 
     PIN : u_core/rvx_core_instance/gen_rvx_core_mdu.rvx_core_mdu_instance/mult_24/U0/U_17115/Y
                                8.00          17.36          -9.36  (VIOLATED) 

   u_core/rvx_core_instance/gen_rvx_core_mdu.rvx_core_mdu_instance/mult_24/U0/N_252
                                8.00          17.36          -9.36  (VIOLATED) 
     PIN : u_core/rvx_core_instance/gen_rvx_core_mdu.rvx_core_mdu_instance/mult_24/U0/U_1221/Y
                                8.00          17.36          -9.36  (VIOLATED) 

   u_core/rvx_core_instance/gen_rvx_core_mdu.rvx_core_mdu_instance/mult_24/U0/N_294
                                8.00          17.36          -9.36  (VIOLATED) 
     PIN : u_core/rvx_core_instance/gen_rvx_core_mdu.rvx_core_mdu_instance/mult_24/U0/U_16413/Y
                                8.00          17.36          -9.36  (VIOLATED) 

   u_core/rvx_core_instance/gen_rvx_core_mdu.rvx_core_mdu_instance/mult_24/U0/N_321
                                8.00          17.36          -9.36  (VIOLATED) 
     PIN : u_core/rvx_core_instance/gen_rvx_core_mdu.rvx_core_mdu_instance/mult_24/U0/U_19121/Y
                                8.00          17.36          -9.36  (VIOLATED) 

   u_core/rvx_core_instance/gen_rvx_core_mdu.rvx_core_mdu_instance/mult_22/U0/N_374
                                8.00          17.36          -9.36  (VIOLATED) 
     PIN : u_core/rvx_core_instance/gen_rvx_core_mdu.rvx_core_mdu_instance/mult_22/U0/U_18219/Y
                                8.00          17.36          -9.36  (VIOLATED) 

   u_core/rvx_core_instance/gen_rvx_core_mdu.rvx_core_mdu_instance/mult_24/U0/N_308
                                8.00          17.36          -9.36  (VIOLATED) 
     PIN : u_core/rvx_core_instance/gen_rvx_core_mdu.rvx_core_mdu_instance/mult_24/U0/U_17817/Y
                                8.00          17.36          -9.36  (VIOLATED) 

   u_core/rvx_core_instance/gen_rvx_core_mdu.rvx_core_mdu_instance/mult_22/U0/N_353
                                8.00          17.36          -9.36  (VIOLATED) 
     PIN : u_core/rvx_core_instance/gen_rvx_core_mdu.rvx_core_mdu_instance/mult_22/U0/U_16113/Y
                                8.00          17.36          -9.36  (VIOLATED) 

   u_core/rvx_core_instance/gen_rvx_core_mdu.rvx_core_mdu_instance/mult_22/U0/N_367
                                8.00          17.36          -9.36  (VIOLATED) 
     PIN : u_core/rvx_core_instance/gen_rvx_core_mdu.rvx_core_mdu_instance/mult_22/U0/U_17517/Y
                                8.00          17.36          -9.36  (VIOLATED) 

   u_core/rvx_core_instance/gen_rvx_core_mdu.rvx_core_mdu_instance/mult_24/U0/N_315
                                8.00          17.36          -9.36  (VIOLATED) 
     PIN : u_core/rvx_core_instance/gen_rvx_core_mdu.rvx_core_mdu_instance/mult_24/U0/U_18519/Y
                                8.00          17.36          -9.36  (VIOLATED) 

   u_core/rvx_core_instance/gen_rvx_core_mdu.rvx_core_mdu_instance/mult_22/U0/N_360
                                8.00          17.36          -9.36  (VIOLATED) 
     PIN : u_core/rvx_core_instance/gen_rvx_core_mdu.rvx_core_mdu_instance/mult_22/U0/U_16815/Y
                                8.00          17.36          -9.36  (VIOLATED) 

   u_core/rvx_core_instance/gen_rvx_core_mdu.rvx_core_mdu_instance/mult_22/U0/N_366
                                8.00          17.23          -9.23  (VIOLATED) 
     PIN : u_core/rvx_core_instance/gen_rvx_core_mdu.rvx_core_mdu_instance/mult_22/U0/U_17416/Y
                                8.00          17.23          -9.23  (VIOLATED) 

   u_core/rvx_core_instance/gen_rvx_core_mdu.rvx_core_mdu_instance/mult_22/U0/N_345
                                8.00          17.23          -9.23  (VIOLATED) 
     PIN : u_core/rvx_core_instance/gen_rvx_core_mdu.rvx_core_mdu_instance/mult_22/U0/U_15310/Y
                                8.00          17.23          -9.23  (VIOLATED) 

   u_core/rvx_core_instance/gen_rvx_core_mdu.rvx_core_mdu_instance/mult_22/U0/N_352
                                8.00          17.23          -9.23  (VIOLATED) 
     PIN : u_core/rvx_core_instance/gen_rvx_core_mdu.rvx_core_mdu_instance/mult_22/U0/U_16012/Y
                                8.00          17.23          -9.23  (VIOLATED) 

   u_core/rvx_core_instance/gen_rvx_core_mdu.rvx_core_mdu_instance/mult_22/U0/N_359
                                8.00          17.23          -9.23  (VIOLATED) 
     PIN : u_core/rvx_core_instance/gen_rvx_core_mdu.rvx_core_mdu_instance/mult_22/U0/U_16714/Y
                                8.00          17.23          -9.23  (VIOLATED) 

   u_core/rvx_core_instance/gen_rvx_core_mdu.rvx_core_mdu_instance/mult_22/U0/N_338
                                8.00          17.23          -9.23  (VIOLATED) 
     PIN : u_core/rvx_core_instance/gen_rvx_core_mdu.rvx_core_mdu_instance/mult_22/U0/U_1468/Y
                                8.00          17.23          -9.23  (VIOLATED) 

   u_core/rvx_core_instance/gen_rvx_core_mdu.rvx_core_mdu_instance/mult_22/U0/N_331
                                8.00          17.23          -9.23  (VIOLATED) 
     PIN : u_core/rvx_core_instance/gen_rvx_core_mdu.rvx_core_mdu_instance/mult_22/U0/U_1396/Y
                                8.00          17.23          -9.23  (VIOLATED) 

   u_core/rvx_core_instance/gen_rvx_core_mdu.rvx_core_mdu_instance/mult_22/U0/N_324
                                8.00          17.23          -9.23  (VIOLATED) 
     PIN : u_core/rvx_core_instance/gen_rvx_core_mdu.rvx_core_mdu_instance/mult_22/U0/U_1324/Y
                                8.00          17.23          -9.23  (VIOLATED) 

   u_core/rvx_core_instance/gen_rvx_core_mdu.rvx_core_mdu_instance/mult_22/U0/N_373
                                8.00          17.23          -9.23  (VIOLATED) 
     PIN : u_core/rvx_core_instance/gen_rvx_core_mdu.rvx_core_mdu_instance/mult_22/U0/U_18118/Y
                                8.00          17.23          -9.23  (VIOLATED) 

   u_core/rvx_core_instance/gen_rvx_core_mdu.rvx_core_mdu_instance/mult_22/U0/N_317
                                8.00          17.23          -9.23  (VIOLATED) 
     PIN : u_core/rvx_core_instance/gen_rvx_core_mdu.rvx_core_mdu_instance/mult_22/U0/U_1252/Y
                                8.00          17.23          -9.23  (VIOLATED) 

   u_core/rvx_core_instance/gen_rvx_core_mdu.rvx_core_mdu_instance/mult_22/U0/N_310
                                8.00          17.23          -9.23  (VIOLATED) 
     PIN : u_core/rvx_core_instance/gen_rvx_core_mdu.rvx_core_mdu_instance/mult_22/U0/U_1180/Y
                                8.00          17.23          -9.23  (VIOLATED) 

   u_core/rvx_core_instance/gen_rvx_core_mdu.rvx_core_mdu_instance/mult_24/U0/N_250
                                8.00          16.99          -8.99  (VIOLATED) 
     PIN : u_core/rvx_core_instance/gen_rvx_core_mdu.rvx_core_mdu_instance/mult_24/U0/U_120/Y
                                8.00          16.99          -8.99  (VIOLATED) 

   u_core/rvx_core_instance/gen_rvx_core_mdu.rvx_core_mdu_instance/mult_24/U0/N_257
                                8.00          16.99          -8.99  (VIOLATED) 
     PIN : u_core/rvx_core_instance/gen_rvx_core_mdu.rvx_core_mdu_instance/mult_24/U0/U_127/Y
                                8.00          16.99          -8.99  (VIOLATED) 

   u_core/rvx_core_instance/gen_rvx_core_mdu.rvx_core_mdu_instance/mult_24/U0/N_264
                                8.00          16.99          -8.99  (VIOLATED) 
     PIN : u_core/rvx_core_instance/gen_rvx_core_mdu.rvx_core_mdu_instance/mult_24/U0/U_134/Y
                                8.00          16.99          -8.99  (VIOLATED) 

   u_core/rvx_core_instance/gen_rvx_core_mdu.rvx_core_mdu_instance/mult_24/U0/N_306
                                8.00          16.99          -8.99  (VIOLATED) 
     PIN : u_core/rvx_core_instance/gen_rvx_core_mdu.rvx_core_mdu_instance/mult_24/U0/U_176/Y
                                8.00          16.99          -8.99  (VIOLATED) 

   u_core/rvx_core_instance/gen_rvx_core_mdu.rvx_core_mdu_instance/mult_24/U0/N_278
                                8.00          16.99          -8.99  (VIOLATED) 
     PIN : u_core/rvx_core_instance/gen_rvx_core_mdu.rvx_core_mdu_instance/mult_24/U0/U_148/Y
                                8.00          16.99          -8.99  (VIOLATED) 

   u_core/rvx_core_instance/gen_rvx_core_mdu.rvx_core_mdu_instance/mult_24/U0/N_285
                                8.00          16.99          -8.99  (VIOLATED) 
     PIN : u_core/rvx_core_instance/gen_rvx_core_mdu.rvx_core_mdu_instance/mult_24/U0/U_155/Y
                                8.00          16.99          -8.99  (VIOLATED) 

   u_core/rvx_core_instance/gen_rvx_core_mdu.rvx_core_mdu_instance/mult_24/U0/N_313
                                8.00          16.99          -8.99  (VIOLATED) 
     PIN : u_core/rvx_core_instance/gen_rvx_core_mdu.rvx_core_mdu_instance/mult_24/U0/U_183/Y
                                8.00          16.99          -8.99  (VIOLATED) 

   u_core/rvx_core_instance/gen_rvx_core_mdu.rvx_core_mdu_instance/mult_24/U0/N_292
                                8.00          16.99          -8.99  (VIOLATED) 
     PIN : u_core/rvx_core_instance/gen_rvx_core_mdu.rvx_core_mdu_instance/mult_24/U0/U_162/Y
                                8.00          16.99          -8.99  (VIOLATED) 

   u_core/rvx_core_instance/gen_rvx_core_mdu.rvx_core_mdu_instance/mult_24/U0/N_271
                                8.00          16.99          -8.99  (VIOLATED) 
     PIN : u_core/rvx_core_instance/gen_rvx_core_mdu.rvx_core_mdu_instance/mult_24/U0/U_141/Y
                                8.00          16.99          -8.99  (VIOLATED) 

   u_core/rvx_core_instance/gen_rvx_core_mdu.rvx_core_mdu_instance/mult_24/U0/N_299
                                8.00          16.99          -8.99  (VIOLATED) 
     PIN : u_core/rvx_core_instance/gen_rvx_core_mdu.rvx_core_mdu_instance/mult_24/U0/U_169/Y
                                8.00          16.99          -8.99  (VIOLATED) 

   u_core/rvx_core_instance/gen_rvx_core_mdu.rvx_core_mdu_instance/mult_24/U0/N_319
                                8.00          16.99          -8.99  (VIOLATED) 
     PIN : u_core/rvx_core_instance/gen_rvx_core_mdu.rvx_core_mdu_instance/mult_24/U0/U_189/Y
                                8.00          16.99          -8.99  (VIOLATED) 

   u_core/rvx_uart_instance/rx_cycle_counter[0]
                                0.00           8.94          -8.94  (VIOLATED) 
     PIN : u_core/rvx_uart_instance/rx_cycle_counter_reg[0]/Q
                                0.00           8.94          -8.94  (VIOLATED) 

   u_core/rvx_core_instance/rvx_core_alu_instance/sra_34/U0/N_44
                                8.00          16.63          -8.63  (VIOLATED) 
     PIN : u_core/rvx_core_instance/rvx_core_alu_instance/sra_34/U0/U_20/Y
                                8.00          16.63          -8.63  (VIOLATED) 

   u_core/rvx_core_instance/rvx_core_alu_instance/srl_36/U0/N_44
                                8.00          16.63          -8.63  (VIOLATED) 
     PIN : u_core/rvx_core_instance/rvx_core_alu_instance/srl_36/U0/U_20/Y
                                8.00          16.63          -8.63  (VIOLATED) 

   u_core/rvx_core_instance/gen_rvx_core_mdu.rvx_core_mdu_instance/mult_24/U0/N_293
                                8.00          16.61          -8.61  (VIOLATED) 
     PIN : u_core/rvx_core_instance/gen_rvx_core_mdu.rvx_core_mdu_instance/mult_24/U0/U_16312/Y
                                8.00          16.61          -8.61  (VIOLATED) 

   u_core/rvx_core_instance/gen_rvx_core_mdu.rvx_core_mdu_instance/mult_24/U0/N_307
                                8.00          16.61          -8.61  (VIOLATED) 
     PIN : u_core/rvx_core_instance/gen_rvx_core_mdu.rvx_core_mdu_instance/mult_24/U0/U_17716/Y
                                8.00          16.61          -8.61  (VIOLATED) 

   u_core/rvx_core_instance/gen_rvx_core_mdu.rvx_core_mdu_instance/mult_24/U0/N_300
                                8.00          16.61          -8.61  (VIOLATED) 
     PIN : u_core/rvx_core_instance/gen_rvx_core_mdu.rvx_core_mdu_instance/mult_24/U0/U_17014/Y
                                8.00          16.61          -8.61  (VIOLATED) 

   u_core/rvx_core_instance/gen_rvx_core_mdu.rvx_core_mdu_instance/mult_24/U0/N_314
                                8.00          16.61          -8.61  (VIOLATED) 
     PIN : u_core/rvx_core_instance/gen_rvx_core_mdu.rvx_core_mdu_instance/mult_24/U0/U_18418/Y
                                8.00          16.61          -8.61  (VIOLATED) 

   u_core/rvx_core_instance/gen_rvx_core_mdu.rvx_core_mdu_instance/mult_24/U0/N_320
                                8.00          16.61          -8.61  (VIOLATED) 
     PIN : u_core/rvx_core_instance/gen_rvx_core_mdu.rvx_core_mdu_instance/mult_24/U0/U_19020/Y
                                8.00          16.61          -8.61  (VIOLATED) 

   u_core/rvx_core_instance/gen_rvx_core_mdu.rvx_core_mdu_instance/mult_24/U0/N_251
                                8.00          16.61          -8.61  (VIOLATED) 
     PIN : u_core/rvx_core_instance/gen_rvx_core_mdu.rvx_core_mdu_instance/mult_24/U0/U_1210/Y
                                8.00          16.61          -8.61  (VIOLATED) 

   u_core/rvx_core_instance/gen_rvx_core_mdu.rvx_core_mdu_instance/mult_24/U0/N_286
                                8.00          16.61          -8.61  (VIOLATED) 
     PIN : u_core/rvx_core_instance/gen_rvx_core_mdu.rvx_core_mdu_instance/mult_24/U0/U_15610/Y
                                8.00          16.61          -8.61  (VIOLATED) 

   u_core/rvx_core_instance/gen_rvx_core_mdu.rvx_core_mdu_instance/mult_24/U0/N_258
                                8.00          16.61          -8.61  (VIOLATED) 
     PIN : u_core/rvx_core_instance/gen_rvx_core_mdu.rvx_core_mdu_instance/mult_24/U0/U_1282/Y
                                8.00          16.61          -8.61  (VIOLATED) 

   u_core/rvx_core_instance/gen_rvx_core_mdu.rvx_core_mdu_instance/mult_24/U0/N_279
                                8.00          16.61          -8.61  (VIOLATED) 
     PIN : u_core/rvx_core_instance/gen_rvx_core_mdu.rvx_core_mdu_instance/mult_24/U0/U_1498/Y
                                8.00          16.61          -8.61  (VIOLATED) 

   u_core/rvx_core_instance/gen_rvx_core_mdu.rvx_core_mdu_instance/mult_24/U0/N_265
                                8.00          16.61          -8.61  (VIOLATED) 
     PIN : u_core/rvx_core_instance/gen_rvx_core_mdu.rvx_core_mdu_instance/mult_24/U0/U_1354/Y
                                8.00          16.61          -8.61  (VIOLATED) 

   u_core/rvx_core_instance/gen_rvx_core_mdu.rvx_core_mdu_instance/mult_24/U0/N_272
                                8.00          16.61          -8.61  (VIOLATED) 
     PIN : u_core/rvx_core_instance/gen_rvx_core_mdu.rvx_core_mdu_instance/mult_24/U0/U_1426/Y
                                8.00          16.61          -8.61  (VIOLATED) 

   u_core/rvx_uart_instance/rx_cycle_counter[1]
                                0.00           8.51          -8.51  (VIOLATED) 
     PIN : u_core/rvx_uart_instance/rx_cycle_counter_reg[1]/Q
                                0.00           8.51          -8.51  (VIOLATED) 

   u_core/rvx_uart_instance/rx_cycle_counter[15]
                                0.00           8.39          -8.39  (VIOLATED) 
     PIN : u_core/rvx_uart_instance/rx_cycle_counter_reg[15]/Q
                                0.00           8.39          -8.39  (VIOLATED) 

   u_core/rvx_uart_instance/rx_cycle_counter[30]
                                0.00           8.39          -8.39  (VIOLATED) 
     PIN : u_core/rvx_uart_instance/rx_cycle_counter_reg[30]/Q
                                0.00           8.39          -8.39  (VIOLATED) 

   u_core/rvx_uart_instance/rx_cycle_counter[29]
                                0.00           8.39          -8.39  (VIOLATED) 
     PIN : u_core/rvx_uart_instance/rx_cycle_counter_reg[29]/Q
                                0.00           8.39          -8.39  (VIOLATED) 

   u_core/rvx_uart_instance/rx_cycle_counter[28]
                                0.00           8.39          -8.39  (VIOLATED) 
     PIN : u_core/rvx_uart_instance/rx_cycle_counter_reg[28]/Q
                                0.00           8.39          -8.39  (VIOLATED) 

   u_core/rvx_uart_instance/rx_cycle_counter[27]
                                0.00           8.39          -8.39  (VIOLATED) 
     PIN : u_core/rvx_uart_instance/rx_cycle_counter_reg[27]/Q
                                0.00           8.39          -8.39  (VIOLATED) 

   u_core/rvx_uart_instance/rx_cycle_counter[26]
                                0.00           8.39          -8.39  (VIOLATED) 
     PIN : u_core/rvx_uart_instance/rx_cycle_counter_reg[26]/Q
                                0.00           8.39          -8.39  (VIOLATED) 

   u_core/rvx_uart_instance/rx_cycle_counter[25]
                                0.00           8.39          -8.39  (VIOLATED) 
     PIN : u_core/rvx_uart_instance/rx_cycle_counter_reg[25]/Q
                                0.00           8.39          -8.39  (VIOLATED) 

   u_core/rvx_uart_instance/rx_cycle_counter[24]
                                0.00           8.39          -8.39  (VIOLATED) 
     PIN : u_core/rvx_uart_instance/rx_cycle_counter_reg[24]/Q
                                0.00           8.39          -8.39  (VIOLATED) 

   u_core/rvx_uart_instance/rx_cycle_counter[23]
                                0.00           8.39          -8.39  (VIOLATED) 
     PIN : u_core/rvx_uart_instance/rx_cycle_counter_reg[23]/Q
                                0.00           8.39          -8.39  (VIOLATED) 

   u_core/rvx_uart_instance/rx_cycle_counter[22]
                                0.00           8.39          -8.39  (VIOLATED) 
     PIN : u_core/rvx_uart_instance/rx_cycle_counter_reg[22]/Q
                                0.00           8.39          -8.39  (VIOLATED) 

   u_core/rvx_uart_instance/rx_cycle_counter[21]
                                0.00           8.39          -8.39  (VIOLATED) 
     PIN : u_core/rvx_uart_instance/rx_cycle_counter_reg[21]/Q
                                0.00           8.39          -8.39  (VIOLATED) 

   u_core/rvx_uart_instance/rx_cycle_counter[20]
                                0.00           8.39          -8.39  (VIOLATED) 
     PIN : u_core/rvx_uart_instance/rx_cycle_counter_reg[20]/Q
                                0.00           8.39          -8.39  (VIOLATED) 

   u_core/rvx_uart_instance/rx_cycle_counter[19]
                                0.00           8.39          -8.39  (VIOLATED) 
     PIN : u_core/rvx_uart_instance/rx_cycle_counter_reg[19]/Q
                                0.00           8.39          -8.39  (VIOLATED) 

   u_core/rvx_uart_instance/rx_cycle_counter[18]
                                0.00           8.39          -8.39  (VIOLATED) 
     PIN : u_core/rvx_uart_instance/rx_cycle_counter_reg[18]/Q
                                0.00           8.39          -8.39  (VIOLATED) 

   u_core/rvx_uart_instance/rx_cycle_counter[17]
                                0.00           8.39          -8.39  (VIOLATED) 
     PIN : u_core/rvx_uart_instance/rx_cycle_counter_reg[17]/Q
                                0.00           8.39          -8.39  (VIOLATED) 

   u_core/rvx_uart_instance/rx_cycle_counter[16]
                                0.00           8.39          -8.39  (VIOLATED) 
     PIN : u_core/rvx_uart_instance/rx_cycle_counter_reg[16]/Q
                                0.00           8.39          -8.39  (VIOLATED) 

   u_core/rvx_uart_instance/rx_cycle_counter[14]
                                0.00           8.39          -8.39  (VIOLATED) 
     PIN : u_core/rvx_uart_instance/rx_cycle_counter_reg[14]/Q
                                0.00           8.39          -8.39  (VIOLATED) 

   u_core/rvx_uart_instance/rx_cycle_counter[13]
                                0.00           8.39          -8.39  (VIOLATED) 
     PIN : u_core/rvx_uart_instance/rx_cycle_counter_reg[13]/Q
                                0.00           8.39          -8.39  (VIOLATED) 

   u_core/rvx_uart_instance/rx_cycle_counter[12]
                                0.00           8.39          -8.39  (VIOLATED) 
     PIN : u_core/rvx_uart_instance/rx_cycle_counter_reg[12]/Q
                                0.00           8.39          -8.39  (VIOLATED) 

   u_core/rvx_uart_instance/rx_cycle_counter[11]
                                0.00           8.39          -8.39  (VIOLATED) 
     PIN : u_core/rvx_uart_instance/rx_cycle_counter_reg[11]/Q
                                0.00           8.39          -8.39  (VIOLATED) 

   u_core/rvx_uart_instance/rx_cycle_counter[10]
                                0.00           8.39          -8.39  (VIOLATED) 
     PIN : u_core/rvx_uart_instance/rx_cycle_counter_reg[10]/Q
                                0.00           8.39          -8.39  (VIOLATED) 

   u_core/rvx_uart_instance/rx_cycle_counter[9]
                                0.00           8.39          -8.39  (VIOLATED) 
     PIN : u_core/rvx_uart_instance/rx_cycle_counter_reg[9]/Q
                                0.00           8.39          -8.39  (VIOLATED) 

   u_core/rvx_uart_instance/rx_cycle_counter[8]
                                0.00           8.39          -8.39  (VIOLATED) 
     PIN : u_core/rvx_uart_instance/rx_cycle_counter_reg[8]/Q
                                0.00           8.39          -8.39  (VIOLATED) 

   u_core/rvx_uart_instance/rx_cycle_counter[7]
                                0.00           8.39          -8.39  (VIOLATED) 
     PIN : u_core/rvx_uart_instance/rx_cycle_counter_reg[7]/Q
                                0.00           8.39          -8.39  (VIOLATED) 

   u_core/rvx_uart_instance/rx_cycle_counter[6]
                                0.00           8.39          -8.39  (VIOLATED) 
     PIN : u_core/rvx_uart_instance/rx_cycle_counter_reg[6]/Q
                                0.00           8.39          -8.39  (VIOLATED) 

   u_core/rvx_uart_instance/rx_cycle_counter[5]
                                0.00           8.39          -8.39  (VIOLATED) 
     PIN : u_core/rvx_uart_instance/rx_cycle_counter_reg[5]/Q
                                0.00           8.39          -8.39  (VIOLATED) 

   u_core/rvx_uart_instance/rx_cycle_counter[4]
                                0.00           8.39          -8.39  (VIOLATED) 
     PIN : u_core/rvx_uart_instance/rx_cycle_counter_reg[4]/Q
                                0.00           8.39          -8.39  (VIOLATED) 

   u_core/rvx_uart_instance/rx_cycle_counter[3]
                                0.00           8.39          -8.39  (VIOLATED) 
     PIN : u_core/rvx_uart_instance/rx_cycle_counter_reg[3]/Q
                                0.00           8.39          -8.39  (VIOLATED) 

   u_core/rvx_uart_instance/rx_cycle_counter[2]
                                0.00           8.39          -8.39  (VIOLATED) 
     PIN : u_core/rvx_uart_instance/rx_cycle_counter_reg[2]/Q
                                0.00           8.39          -8.39  (VIOLATED) 

   u_core/rvx_core_instance/rvx_core_alu_instance/sll_53/U0/N_44
                                8.00          16.06          -8.06  (VIOLATED) 
     PIN : u_core/rvx_core_instance/rvx_core_alu_instance/sll_53/U0/U_20/Y
                                8.00          16.06          -8.06  (VIOLATED) 

   u_core/rvx_spi_instance/bit_counter[0]
                                0.00           7.87          -7.87  (VIOLATED) 
     PIN : u_core/rvx_spi_instance/bit_counter_reg[0]/Q
                                0.00           7.87          -7.87  (VIOLATED) 

   u_core/rvx_spi_instance/cycle_counter[15]
                                0.00           7.78          -7.78  (VIOLATED) 
     PIN : u_core/rvx_spi_instance/cycle_counter_reg[15]/Q
                                0.00           7.78          -7.78  (VIOLATED) 

   u_core/rvx_core_instance/rvx_core_csr_file_instance/csr_write_data[15]
                                0.00           7.74          -7.74  (VIOLATED) 
     PIN : u_core/rvx_core_instance/rvx_core_csr_file_instance/C2332/Z[15]
                                0.00           7.74          -7.74  (VIOLATED) 

   u_core/rvx_core_instance/rvx_core_csr_file_instance/csr_write_data[31]
                                0.00           7.74          -7.74  (VIOLATED) 
     PIN : u_core/rvx_core_instance/rvx_core_csr_file_instance/C2332/Z[31]
                                0.00           7.74          -7.74  (VIOLATED) 

   u_core/rvx_core_instance/rvx_core_csr_file_instance/csr_write_data[30]
                                0.00           7.74          -7.74  (VIOLATED) 
     PIN : u_core/rvx_core_instance/rvx_core_csr_file_instance/C2332/Z[30]
                                0.00           7.74          -7.74  (VIOLATED) 

   u_core/rvx_core_instance/rvx_core_csr_file_instance/csr_write_data[29]
                                0.00           7.74          -7.74  (VIOLATED) 
     PIN : u_core/rvx_core_instance/rvx_core_csr_file_instance/C2332/Z[29]
                                0.00           7.74          -7.74  (VIOLATED) 

   u_core/rvx_core_instance/rvx_core_csr_file_instance/csr_write_data[28]
                                0.00           7.74          -7.74  (VIOLATED) 
     PIN : u_core/rvx_core_instance/rvx_core_csr_file_instance/C2332/Z[28]
                                0.00           7.74          -7.74  (VIOLATED) 

   u_core/rvx_core_instance/rvx_core_csr_file_instance/csr_write_data[27]
                                0.00           7.74          -7.74  (VIOLATED) 
     PIN : u_core/rvx_core_instance/rvx_core_csr_file_instance/C2332/Z[27]
                                0.00           7.74          -7.74  (VIOLATED) 

   u_core/rvx_core_instance/rvx_core_csr_file_instance/csr_write_data[26]
                                0.00           7.74          -7.74  (VIOLATED) 
     PIN : u_core/rvx_core_instance/rvx_core_csr_file_instance/C2332/Z[26]
                                0.00           7.74          -7.74  (VIOLATED) 

   u_core/rvx_core_instance/rvx_core_csr_file_instance/csr_write_data[25]
                                0.00           7.74          -7.74  (VIOLATED) 
     PIN : u_core/rvx_core_instance/rvx_core_csr_file_instance/C2332/Z[25]
                                0.00           7.74          -7.74  (VIOLATED) 

   u_core/rvx_core_instance/rvx_core_csr_file_instance/csr_write_data[24]
                                0.00           7.74          -7.74  (VIOLATED) 
     PIN : u_core/rvx_core_instance/rvx_core_csr_file_instance/C2332/Z[24]
                                0.00           7.74          -7.74  (VIOLATED) 

   u_core/rvx_core_instance/rvx_core_csr_file_instance/csr_write_data[23]
                                0.00           7.74          -7.74  (VIOLATED) 
     PIN : u_core/rvx_core_instance/rvx_core_csr_file_instance/C2332/Z[23]
                                0.00           7.74          -7.74  (VIOLATED) 

   u_core/rvx_core_instance/rvx_core_csr_file_instance/csr_write_data[22]
                                0.00           7.74          -7.74  (VIOLATED) 
     PIN : u_core/rvx_core_instance/rvx_core_csr_file_instance/C2332/Z[22]
                                0.00           7.74          -7.74  (VIOLATED) 

   u_core/rvx_core_instance/rvx_core_csr_file_instance/csr_write_data[21]
                                0.00           7.74          -7.74  (VIOLATED) 
     PIN : u_core/rvx_core_instance/rvx_core_csr_file_instance/C2332/Z[21]
                                0.00           7.74          -7.74  (VIOLATED) 

   u_core/rvx_core_instance/rvx_core_csr_file_instance/csr_write_data[20]
                                0.00           7.74          -7.74  (VIOLATED) 
     PIN : u_core/rvx_core_instance/rvx_core_csr_file_instance/C2332/Z[20]
                                0.00           7.74          -7.74  (VIOLATED) 

   u_core/rvx_core_instance/rvx_core_csr_file_instance/csr_write_data[18]
                                0.00           7.74          -7.74  (VIOLATED) 
     PIN : u_core/rvx_core_instance/rvx_core_csr_file_instance/C2332/Z[18]
                                0.00           7.74          -7.74  (VIOLATED) 

   u_core/rvx_core_instance/rvx_core_csr_file_instance/csr_write_data[17]
                                0.00           7.74          -7.74  (VIOLATED) 
     PIN : u_core/rvx_core_instance/rvx_core_csr_file_instance/C2332/Z[17]
                                0.00           7.74          -7.74  (VIOLATED) 

   u_core/rvx_core_instance/rvx_core_csr_file_instance/csr_write_data[16]
                                0.00           7.74          -7.74  (VIOLATED) 
     PIN : u_core/rvx_core_instance/rvx_core_csr_file_instance/C2332/Z[16]
                                0.00           7.74          -7.74  (VIOLATED) 

   u_core/rvx_core_instance/rvx_core_csr_file_instance/csr_write_data[19]
                                0.00           7.74          -7.74  (VIOLATED) 
     PIN : u_core/rvx_core_instance/rvx_core_csr_file_instance/C2332/Z[19]
                                0.00           7.74          -7.74  (VIOLATED) 

   u_core/rvx_core_instance/rvx_core_csr_file_instance/csr_write_data[14]
                                0.00           7.74          -7.74  (VIOLATED) 
     PIN : u_core/rvx_core_instance/rvx_core_csr_file_instance/C2332/Z[14]
                                0.00           7.74          -7.74  (VIOLATED) 

   u_core/rvx_core_instance/rvx_core_csr_file_instance/csr_write_data[13]
                                0.00           7.74          -7.74  (VIOLATED) 
     PIN : u_core/rvx_core_instance/rvx_core_csr_file_instance/C2332/Z[13]
                                0.00           7.74          -7.74  (VIOLATED) 

   u_core/rvx_core_instance/rvx_core_csr_file_instance/csr_write_data[12]
                                0.00           7.74          -7.74  (VIOLATED) 
     PIN : u_core/rvx_core_instance/rvx_core_csr_file_instance/C2332/Z[12]
                                0.00           7.74          -7.74  (VIOLATED) 

   u_core/rvx_core_instance/rvx_core_csr_file_instance/csr_write_data[11]
                                0.00           7.74          -7.74  (VIOLATED) 
     PIN : u_core/rvx_core_instance/rvx_core_csr_file_instance/C2332/Z[11]
                                0.00           7.74          -7.74  (VIOLATED) 

   u_core/rvx_core_instance/rvx_core_csr_file_instance/csr_write_data[10]
                                0.00           7.74          -7.74  (VIOLATED) 
     PIN : u_core/rvx_core_instance/rvx_core_csr_file_instance/C2332/Z[10]
                                0.00           7.74          -7.74  (VIOLATED) 

   u_core/rvx_core_instance/rvx_core_csr_file_instance/csr_write_data[9]
                                0.00           7.74          -7.74  (VIOLATED) 
     PIN : u_core/rvx_core_instance/rvx_core_csr_file_instance/C2332/Z[9]
                                0.00           7.74          -7.74  (VIOLATED) 

   u_core/rvx_core_instance/rvx_core_csr_file_instance/csr_write_data[8]
                                0.00           7.74          -7.74  (VIOLATED) 
     PIN : u_core/rvx_core_instance/rvx_core_csr_file_instance/C2332/Z[8]
                                0.00           7.74          -7.74  (VIOLATED) 

   u_core/rvx_core_instance/rvx_core_csr_file_instance/csr_write_data[7]
                                0.00           7.74          -7.74  (VIOLATED) 
     PIN : u_core/rvx_core_instance/rvx_core_csr_file_instance/C2332/Z[7]
                                0.00           7.74          -7.74  (VIOLATED) 

   u_core/rvx_core_instance/rvx_core_csr_file_instance/csr_write_data[6]
                                0.00           7.74          -7.74  (VIOLATED) 
     PIN : u_core/rvx_core_instance/rvx_core_csr_file_instance/C2332/Z[6]
                                0.00           7.74          -7.74  (VIOLATED) 

   u_core/rvx_core_instance/rvx_core_csr_file_instance/csr_write_data[5]
                                0.00           7.74          -7.74  (VIOLATED) 
     PIN : u_core/rvx_core_instance/rvx_core_csr_file_instance/C2332/Z[5]
                                0.00           7.74          -7.74  (VIOLATED) 

   u_core/rvx_core_instance/rvx_core_csr_file_instance/csr_write_data[4]
                                0.00           7.74          -7.74  (VIOLATED) 
     PIN : u_core/rvx_core_instance/rvx_core_csr_file_instance/C2332/Z[4]
                                0.00           7.74          -7.74  (VIOLATED) 

   u_core/rvx_core_instance/rvx_core_csr_file_instance/csr_write_data[3]
                                0.00           7.74          -7.74  (VIOLATED) 
     PIN : u_core/rvx_core_instance/rvx_core_csr_file_instance/C2332/Z[3]
                                0.00           7.74          -7.74  (VIOLATED) 

   u_core/rvx_core_instance/rvx_core_csr_file_instance/csr_write_data[2]
                                0.00           7.74          -7.74  (VIOLATED) 
     PIN : u_core/rvx_core_instance/rvx_core_csr_file_instance/C2332/Z[2]
                                0.00           7.74          -7.74  (VIOLATED) 

   u_core/rvx_core_instance/rvx_core_csr_file_instance/csr_write_data[1]
                                0.00           7.74          -7.74  (VIOLATED) 
     PIN : u_core/rvx_core_instance/rvx_core_csr_file_instance/C2332/Z[1]
                                0.00           7.74          -7.74  (VIOLATED) 

   u_core/rvx_core_instance/rs1_data_s1[0]
                                0.00           6.73          -6.73  (VIOLATED) 
     PIN : u_core/rvx_core_instance/rvx_core_integer_file_instance/C2473/Z[0]
                                0.00           6.73          -6.73  (VIOLATED) 

   u_core/rvx_i2c_instance/cycle_counter[0]
                                0.00           6.73          -6.73  (VIOLATED) 
     PIN : u_core/rvx_i2c_instance/cycle_counter_reg[0]/Q
                                0.00           6.73          -6.73  (VIOLATED) 

   u_core/rvx_core_instance/rs1_data_s1[1]
                                0.00           6.51          -6.51  (VIOLATED) 
     PIN : u_core/rvx_core_instance/rvx_core_integer_file_instance/C2473/Z[1]
                                0.00           6.51          -6.51  (VIOLATED) 

   u_core/rvx_i2c_instance/cycle_counter[1]
                                0.00           6.51          -6.51  (VIOLATED) 
     PIN : u_core/rvx_i2c_instance/cycle_counter_reg[1]/Q
                                0.00           6.51          -6.51  (VIOLATED) 

   u_core/rvx_i2c_instance/cycle_counter[13]
                                0.00           6.45          -6.45  (VIOLATED) 
     PIN : u_core/rvx_i2c_instance/cycle_counter_reg[13]/Q
                                0.00           6.45          -6.45  (VIOLATED) 

   u_core/rvx_i2c_instance/cycle_counter[14]
                                0.00           6.45          -6.45  (VIOLATED) 
     PIN : u_core/rvx_i2c_instance/cycle_counter_reg[14]/Q
                                0.00           6.45          -6.45  (VIOLATED) 

   u_core/rvx_i2c_instance/cycle_counter[12]
                                0.00           6.45          -6.45  (VIOLATED) 
     PIN : u_core/rvx_i2c_instance/cycle_counter_reg[12]/Q
                                0.00           6.45          -6.45  (VIOLATED) 

   u_core/rvx_i2c_instance/cycle_counter[11]
                                0.00           6.45          -6.45  (VIOLATED) 
     PIN : u_core/rvx_i2c_instance/cycle_counter_reg[11]/Q
                                0.00           6.45          -6.45  (VIOLATED) 

   u_core/rvx_i2c_instance/cycle_counter[10]
                                0.00           6.45          -6.45  (VIOLATED) 
     PIN : u_core/rvx_i2c_instance/cycle_counter_reg[10]/Q
                                0.00           6.45          -6.45  (VIOLATED) 

   u_core/rvx_i2c_instance/cycle_counter[9]
                                0.00           6.45          -6.45  (VIOLATED) 
     PIN : u_core/rvx_i2c_instance/cycle_counter_reg[9]/Q
                                0.00           6.45          -6.45  (VIOLATED) 

   u_core/rvx_i2c_instance/cycle_counter[8]
                                0.00           6.45          -6.45  (VIOLATED) 
     PIN : u_core/rvx_i2c_instance/cycle_counter_reg[8]/Q
                                0.00           6.45          -6.45  (VIOLATED) 

   u_core/rvx_i2c_instance/cycle_counter[7]
                                0.00           6.45          -6.45  (VIOLATED) 
     PIN : u_core/rvx_i2c_instance/cycle_counter_reg[7]/Q
                                0.00           6.45          -6.45  (VIOLATED) 

   u_core/rvx_i2c_instance/cycle_counter[6]
                                0.00           6.45          -6.45  (VIOLATED) 
     PIN : u_core/rvx_i2c_instance/cycle_counter_reg[6]/Q
                                0.00           6.45          -6.45  (VIOLATED) 

   u_core/rvx_i2c_instance/cycle_counter[5]
                                0.00           6.45          -6.45  (VIOLATED) 
     PIN : u_core/rvx_i2c_instance/cycle_counter_reg[5]/Q
                                0.00           6.45          -6.45  (VIOLATED) 

   u_core/rvx_i2c_instance/cycle_counter[4]
                                0.00           6.45          -6.45  (VIOLATED) 
     PIN : u_core/rvx_i2c_instance/cycle_counter_reg[4]/Q
                                0.00           6.45          -6.45  (VIOLATED) 

   u_core/rvx_i2c_instance/cycle_counter[3]
                                0.00           6.45          -6.45  (VIOLATED) 
     PIN : u_core/rvx_i2c_instance/cycle_counter_reg[3]/Q
                                0.00           6.45          -6.45  (VIOLATED) 

   u_core/rvx_i2c_instance/cycle_counter[2]
                                0.00           6.45          -6.45  (VIOLATED) 
     PIN : u_core/rvx_i2c_instance/cycle_counter_reg[2]/Q
                                0.00           6.45          -6.45  (VIOLATED) 

   u_core/rvx_core_instance/rs1_data_s1[7]
                                0.00           6.45          -6.45  (VIOLATED) 
     PIN : u_core/rvx_core_instance/rvx_core_integer_file_instance/C2473/Z[7]
                                0.00           6.45          -6.45  (VIOLATED) 

   u_core/rvx_core_instance/rs1_data_s1[6]
                                0.00           6.45          -6.45  (VIOLATED) 
     PIN : u_core/rvx_core_instance/rvx_core_integer_file_instance/C2473/Z[6]
                                0.00           6.45          -6.45  (VIOLATED) 

   u_core/rvx_core_instance/rs1_data_s1[5]
                                0.00           6.45          -6.45  (VIOLATED) 
     PIN : u_core/rvx_core_instance/rvx_core_integer_file_instance/C2473/Z[5]
                                0.00           6.45          -6.45  (VIOLATED) 

   u_core/rvx_core_instance/rs1_data_s1[4]
                                0.00           6.45          -6.45  (VIOLATED) 
     PIN : u_core/rvx_core_instance/rvx_core_integer_file_instance/C2473/Z[4]
                                0.00           6.45          -6.45  (VIOLATED) 

   u_core/rvx_core_instance/rs1_data_s1[3]
                                0.00           6.45          -6.45  (VIOLATED) 
     PIN : u_core/rvx_core_instance/rvx_core_integer_file_instance/C2473/Z[3]
                                0.00           6.45          -6.45  (VIOLATED) 

   u_core/rvx_core_instance/rs1_data_s1[2]
                                0.00           6.45          -6.45  (VIOLATED) 
     PIN : u_core/rvx_core_instance/rvx_core_integer_file_instance/C2473/Z[2]
                                0.00           6.45          -6.45  (VIOLATED) 

   u_core/rvx_core_instance/rs1_data_s1[14]
                                0.00           6.45          -6.45  (VIOLATED) 
     PIN : u_core/rvx_core_instance/rvx_core_integer_file_instance/C2473/Z[14]
                                0.00           6.45          -6.45  (VIOLATED) 

   u_core/rvx_core_instance/rs1_data_s1[24]
                                0.00           6.45          -6.45  (VIOLATED) 
     PIN : u_core/rvx_core_instance/rvx_core_integer_file_instance/C2473/Z[24]
                                0.00           6.45          -6.45  (VIOLATED) 

   u_core/rvx_core_instance/rs1_data_s1[23]
                                0.00           6.45          -6.45  (VIOLATED) 
     PIN : u_core/rvx_core_instance/rvx_core_integer_file_instance/C2473/Z[23]
                                0.00           6.45          -6.45  (VIOLATED) 

   u_core/rvx_core_instance/rs1_data_s1[22]
                                0.00           6.45          -6.45  (VIOLATED) 
     PIN : u_core/rvx_core_instance/rvx_core_integer_file_instance/C2473/Z[22]
                                0.00           6.45          -6.45  (VIOLATED) 

   u_core/rvx_core_instance/rs1_data_s1[21]
                                0.00           6.45          -6.45  (VIOLATED) 
     PIN : u_core/rvx_core_instance/rvx_core_integer_file_instance/C2473/Z[21]
                                0.00           6.45          -6.45  (VIOLATED) 

   u_core/rvx_core_instance/rs1_data_s1[20]
                                0.00           6.45          -6.45  (VIOLATED) 
     PIN : u_core/rvx_core_instance/rvx_core_integer_file_instance/C2473/Z[20]
                                0.00           6.45          -6.45  (VIOLATED) 

   u_core/rvx_core_instance/rs1_data_s1[19]
                                0.00           6.45          -6.45  (VIOLATED) 
     PIN : u_core/rvx_core_instance/rvx_core_integer_file_instance/C2473/Z[19]
                                0.00           6.45          -6.45  (VIOLATED) 

   u_core/rvx_core_instance/rs1_data_s1[18]
                                0.00           6.45          -6.45  (VIOLATED) 
     PIN : u_core/rvx_core_instance/rvx_core_integer_file_instance/C2473/Z[18]
                                0.00           6.45          -6.45  (VIOLATED) 

   u_core/rvx_core_instance/rs1_data_s1[17]
                                0.00           6.45          -6.45  (VIOLATED) 
     PIN : u_core/rvx_core_instance/rvx_core_integer_file_instance/C2473/Z[17]
                                0.00           6.45          -6.45  (VIOLATED) 

   u_core/rvx_core_instance/rs1_data_s1[16]
                                0.00           6.45          -6.45  (VIOLATED) 
     PIN : u_core/rvx_core_instance/rvx_core_integer_file_instance/C2473/Z[16]
                                0.00           6.45          -6.45  (VIOLATED) 

   u_core/rvx_core_instance/rs1_data_s1[15]
                                0.00           6.45          -6.45  (VIOLATED) 
     PIN : u_core/rvx_core_instance/rvx_core_integer_file_instance/C2473/Z[15]
                                0.00           6.45          -6.45  (VIOLATED) 

   u_core/rvx_core_instance/rs1_data_s1[30]
                                0.00           6.45          -6.45  (VIOLATED) 
     PIN : u_core/rvx_core_instance/rvx_core_integer_file_instance/C2473/Z[30]
                                0.00           6.45          -6.45  (VIOLATED) 

   u_core/rvx_core_instance/rs1_data_s1[13]
                                0.00           6.45          -6.45  (VIOLATED) 
     PIN : u_core/rvx_core_instance/rvx_core_integer_file_instance/C2473/Z[13]
                                0.00           6.45          -6.45  (VIOLATED) 

   u_core/rvx_core_instance/rs1_data_s1[12]
                                0.00           6.45          -6.45  (VIOLATED) 
     PIN : u_core/rvx_core_instance/rvx_core_integer_file_instance/C2473/Z[12]
                                0.00           6.45          -6.45  (VIOLATED) 

   u_core/rvx_core_instance/rs1_data_s1[11]
                                0.00           6.45          -6.45  (VIOLATED) 
     PIN : u_core/rvx_core_instance/rvx_core_integer_file_instance/C2473/Z[11]
                                0.00           6.45          -6.45  (VIOLATED) 

   u_core/rvx_core_instance/rs1_data_s1[10]
                                0.00           6.45          -6.45  (VIOLATED) 
     PIN : u_core/rvx_core_instance/rvx_core_integer_file_instance/C2473/Z[10]
                                0.00           6.45          -6.45  (VIOLATED) 

   u_core/rvx_core_instance/rs1_data_s1[9]
                                0.00           6.45          -6.45  (VIOLATED) 
     PIN : u_core/rvx_core_instance/rvx_core_integer_file_instance/C2473/Z[9]
                                0.00           6.45          -6.45  (VIOLATED) 

   u_core/rvx_core_instance/rs1_data_s1[8]
                                0.00           6.45          -6.45  (VIOLATED) 
     PIN : u_core/rvx_core_instance/rvx_core_integer_file_instance/C2473/Z[8]
                                0.00           6.45          -6.45  (VIOLATED) 

   u_core/rvx_core_instance/rs1_data_s1[25]
                                0.00           6.45          -6.45  (VIOLATED) 
     PIN : u_core/rvx_core_instance/rvx_core_integer_file_instance/C2473/Z[25]
                                0.00           6.45          -6.45  (VIOLATED) 

   u_core/rvx_core_instance/rs1_data_s1[26]
                                0.00           6.45          -6.45  (VIOLATED) 
     PIN : u_core/rvx_core_instance/rvx_core_integer_file_instance/C2473/Z[26]
                                0.00           6.45          -6.45  (VIOLATED) 

   u_core/rvx_core_instance/rs1_data_s1[27]
                                0.00           6.45          -6.45  (VIOLATED) 
     PIN : u_core/rvx_core_instance/rvx_core_integer_file_instance/C2473/Z[27]
                                0.00           6.45          -6.45  (VIOLATED) 

   u_core/rvx_core_instance/rs1_data_s1[28]
                                0.00           6.45          -6.45  (VIOLATED) 
     PIN : u_core/rvx_core_instance/rvx_core_integer_file_instance/C2473/Z[28]
                                0.00           6.45          -6.45  (VIOLATED) 

   u_core/rvx_core_instance/rs1_data_s1[29]
                                0.00           6.45          -6.45  (VIOLATED) 
     PIN : u_core/rvx_core_instance/rvx_core_integer_file_instance/C2473/Z[29]
                                0.00           6.45          -6.45  (VIOLATED) 

   u_core/rvx_core_instance/rvx_core_alu_instance/alu_2nd_operand_s2[4]
                                0.00           6.30          -6.30  (VIOLATED) 
     PIN : u_core/rvx_core_instance/rvx_core_alu_instance/C302/Z[4]
                                0.00           6.30          -6.30  (VIOLATED) 

   u_core/rvx_uart_instance/rx_cycle_counter[31]
                                0.00           5.83          -5.83  (VIOLATED) 
     PIN : u_core/rvx_uart_instance/rx_cycle_counter_reg[31]/Q
                                0.00           5.83          -5.83  (VIOLATED) 

   u_core/rvx_core_instance/program_counter_s1[9]
                                0.00           5.81          -5.81  (VIOLATED) 
     PIN : u_core/rvx_core_instance/program_counter_s1_reg[9]/Q
                                0.00           5.81          -5.81  (VIOLATED) 

   u_core/rvx_core_instance/program_counter_s1[31]
                                0.00           5.81          -5.81  (VIOLATED) 
     PIN : u_core/rvx_core_instance/program_counter_s1_reg[31]/Q
                                0.00           5.81          -5.81  (VIOLATED) 

   u_core/rvx_core_instance/program_counter_s1[17]
                                0.00           5.81          -5.81  (VIOLATED) 
     PIN : u_core/rvx_core_instance/program_counter_s1_reg[17]/Q
                                0.00           5.81          -5.81  (VIOLATED) 

   u_core/rvx_core_instance/program_counter_s1[18]
                                0.00           5.81          -5.81  (VIOLATED) 
     PIN : u_core/rvx_core_instance/program_counter_s1_reg[18]/Q
                                0.00           5.81          -5.81  (VIOLATED) 

   u_core/rvx_core_instance/program_counter_s1[19]
                                0.00           5.81          -5.81  (VIOLATED) 
     PIN : u_core/rvx_core_instance/program_counter_s1_reg[19]/Q
                                0.00           5.81          -5.81  (VIOLATED) 

   u_core/rvx_core_instance/program_counter_s1[20]
                                0.00           5.81          -5.81  (VIOLATED) 
     PIN : u_core/rvx_core_instance/program_counter_s1_reg[20]/Q
                                0.00           5.81          -5.81  (VIOLATED) 

   u_core/rvx_core_instance/program_counter_s1[21]
                                0.00           5.81          -5.81  (VIOLATED) 
     PIN : u_core/rvx_core_instance/program_counter_s1_reg[21]/Q
                                0.00           5.81          -5.81  (VIOLATED) 

   u_core/rvx_core_instance/program_counter_s1[22]
                                0.00           5.81          -5.81  (VIOLATED) 
     PIN : u_core/rvx_core_instance/program_counter_s1_reg[22]/Q
                                0.00           5.81          -5.81  (VIOLATED) 

   u_core/rvx_core_instance/program_counter_s1[23]
                                0.00           5.81          -5.81  (VIOLATED) 
     PIN : u_core/rvx_core_instance/program_counter_s1_reg[23]/Q
                                0.00           5.81          -5.81  (VIOLATED) 

   u_core/rvx_core_instance/program_counter_s1[24]
                                0.00           5.81          -5.81  (VIOLATED) 
     PIN : u_core/rvx_core_instance/program_counter_s1_reg[24]/Q
                                0.00           5.81          -5.81  (VIOLATED) 

   u_core/rvx_core_instance/program_counter_s1[25]
                                0.00           5.81          -5.81  (VIOLATED) 
     PIN : u_core/rvx_core_instance/program_counter_s1_reg[25]/Q
                                0.00           5.81          -5.81  (VIOLATED) 

   u_core/rvx_core_instance/program_counter_s1[26]
                                0.00           5.81          -5.81  (VIOLATED) 
     PIN : u_core/rvx_core_instance/program_counter_s1_reg[26]/Q
                                0.00           5.81          -5.81  (VIOLATED) 

   u_core/rvx_core_instance/program_counter_s1[27]
                                0.00           5.81          -5.81  (VIOLATED) 
     PIN : u_core/rvx_core_instance/program_counter_s1_reg[27]/Q
                                0.00           5.81          -5.81  (VIOLATED) 

   u_core/rvx_core_instance/program_counter_s1[28]
                                0.00           5.81          -5.81  (VIOLATED) 
     PIN : u_core/rvx_core_instance/program_counter_s1_reg[28]/Q
                                0.00           5.81          -5.81  (VIOLATED) 

   u_core/rvx_core_instance/program_counter_s1[29]
                                0.00           5.81          -5.81  (VIOLATED) 
     PIN : u_core/rvx_core_instance/program_counter_s1_reg[29]/Q
                                0.00           5.81          -5.81  (VIOLATED) 

   u_core/rvx_core_instance/program_counter_s1[30]
                                0.00           5.81          -5.81  (VIOLATED) 
     PIN : u_core/rvx_core_instance/program_counter_s1_reg[30]/Q
                                0.00           5.81          -5.81  (VIOLATED) 

   u_core/rvx_core_instance/program_counter_s1[1]
                                0.00           5.81          -5.81  (VIOLATED) 
     PIN : u_core/rvx_core_instance/program_counter_s1_reg[1]/Q
                                0.00           5.81          -5.81  (VIOLATED) 

   u_core/rvx_core_instance/program_counter_s1[15]
                                0.00           5.81          -5.81  (VIOLATED) 
     PIN : u_core/rvx_core_instance/program_counter_s1_reg[15]/Q
                                0.00           5.81          -5.81  (VIOLATED) 

   u_core/rvx_core_instance/program_counter_s1[14]
                                0.00           5.81          -5.81  (VIOLATED) 
     PIN : u_core/rvx_core_instance/program_counter_s1_reg[14]/Q
                                0.00           5.81          -5.81  (VIOLATED) 

   u_core/rvx_core_instance/program_counter_s1[13]
                                0.00           5.81          -5.81  (VIOLATED) 
     PIN : u_core/rvx_core_instance/program_counter_s1_reg[13]/Q
                                0.00           5.81          -5.81  (VIOLATED) 

   u_core/rvx_core_instance/program_counter_s1[12]
                                0.00           5.81          -5.81  (VIOLATED) 
     PIN : u_core/rvx_core_instance/program_counter_s1_reg[12]/Q
                                0.00           5.81          -5.81  (VIOLATED) 

   u_core/rvx_core_instance/program_counter_s1[11]
                                0.00           5.81          -5.81  (VIOLATED) 
     PIN : u_core/rvx_core_instance/program_counter_s1_reg[11]/Q
                                0.00           5.81          -5.81  (VIOLATED) 

   u_core/rvx_core_instance/program_counter_s1[10]
                                0.00           5.81          -5.81  (VIOLATED) 
     PIN : u_core/rvx_core_instance/program_counter_s1_reg[10]/Q
                                0.00           5.81          -5.81  (VIOLATED) 

   u_core/rvx_core_instance/program_counter_s1[16]
                                0.00           5.81          -5.81  (VIOLATED) 
     PIN : u_core/rvx_core_instance/program_counter_s1_reg[16]/Q
                                0.00           5.81          -5.81  (VIOLATED) 

   u_core/rvx_core_instance/program_counter_s1[8]
                                0.00           5.81          -5.81  (VIOLATED) 
     PIN : u_core/rvx_core_instance/program_counter_s1_reg[8]/Q
                                0.00           5.81          -5.81  (VIOLATED) 

   u_core/rvx_core_instance/program_counter_s1[7]
                                0.00           5.81          -5.81  (VIOLATED) 
     PIN : u_core/rvx_core_instance/program_counter_s1_reg[7]/Q
                                0.00           5.81          -5.81  (VIOLATED) 

   u_core/rvx_core_instance/program_counter_s1[6]
                                0.00           5.81          -5.81  (VIOLATED) 
     PIN : u_core/rvx_core_instance/program_counter_s1_reg[6]/Q
                                0.00           5.81          -5.81  (VIOLATED) 

   u_core/rvx_core_instance/program_counter_s1[5]
                                0.00           5.81          -5.81  (VIOLATED) 
     PIN : u_core/rvx_core_instance/program_counter_s1_reg[5]/Q
                                0.00           5.81          -5.81  (VIOLATED) 

   u_core/rvx_core_instance/program_counter_s1[4]
                                0.00           5.81          -5.81  (VIOLATED) 
     PIN : u_core/rvx_core_instance/program_counter_s1_reg[4]/Q
                                0.00           5.81          -5.81  (VIOLATED) 

   u_core/rvx_core_instance/program_counter_s1[3]
                                0.00           5.81          -5.81  (VIOLATED) 
     PIN : u_core/rvx_core_instance/program_counter_s1_reg[3]/Q
                                0.00           5.81          -5.81  (VIOLATED) 

   u_core/rvx_core_instance/program_counter_s1[2]
                                0.00           5.81          -5.81  (VIOLATED) 
     PIN : u_core/rvx_core_instance/program_counter_s1_reg[2]/Q
                                0.00           5.81          -5.81  (VIOLATED) 

   u_core/rvx_core_instance/rvx_core_csr_file_instance/csr_write_data[0]
                                0.00           5.42          -5.42  (VIOLATED) 
     PIN : u_core/rvx_core_instance/rvx_core_csr_file_instance/C2332/Z[0]
                                0.00           5.42          -5.42  (VIOLATED) 

   u_core/rvx_core_instance/rvx_core_alu_instance/alu_2nd_operand_s2[3]
                                0.00           4.49          -4.49  (VIOLATED) 
     PIN : u_core/rvx_core_instance/rvx_core_alu_instance/C302/Z[3]
                                0.00           4.49          -4.49  (VIOLATED) 

   u_core/rvx_core_instance/rvx_core_alu_instance/alu_2nd_operand_s2[2]
                                0.00           4.49          -4.49  (VIOLATED) 
     PIN : u_core/rvx_core_instance/rvx_core_alu_instance/C302/Z[2]
                                0.00           4.49          -4.49  (VIOLATED) 

   u_core/rvx_core_instance/rvx_core_alu_instance/alu_2nd_operand_s2[1]
                                0.00           4.49          -4.49  (VIOLATED) 
     PIN : u_core/rvx_core_instance/rvx_core_alu_instance/C302/Z[1]
                                0.00           4.49          -4.49  (VIOLATED) 

   u_core/rvx_core_instance/rvx_core_alu_instance/alu_2nd_operand_s2[0]
                                0.00           4.49          -4.49  (VIOLATED) 
     PIN : u_core/rvx_core_instance/rvx_core_alu_instance/C302/Z[0]
                                0.00           4.49          -4.49  (VIOLATED) 

   u_core/rvx_uart_instance/tx_cycle_counter[0]
                                0.00           4.47          -4.47  (VIOLATED) 
     PIN : u_core/rvx_uart_instance/tx_cycle_counter_reg[0]/Q
                                0.00           4.47          -4.47  (VIOLATED) 

   u_core/timer[0]              0.00           4.47          -4.47  (VIOLATED) 
     PIN : u_core/rvx_timer_instance/counter_reg[0]/Q
                                0.00           4.47          -4.47  (VIOLATED) 

   u_core/timer[1]              0.00           4.25          -4.25  (VIOLATED) 
     PIN : u_core/rvx_timer_instance/counter_reg[1]/Q
                                0.00           4.25          -4.25  (VIOLATED) 

   u_core/rvx_uart_instance/tx_cycle_counter[1]
                                0.00           4.25          -4.25  (VIOLATED) 
     PIN : u_core/rvx_uart_instance/tx_cycle_counter_reg[1]/Q
                                0.00           4.25          -4.25  (VIOLATED) 

   u_core/rvx_uart_instance/tx_cycle_counter[11]
                                0.00           4.19          -4.19  (VIOLATED) 
     PIN : u_core/rvx_uart_instance/tx_cycle_counter_reg[11]/Q
                                0.00           4.19          -4.19  (VIOLATED) 

   u_core/rvx_uart_instance/tx_cycle_counter[10]
                                0.00           4.19          -4.19  (VIOLATED) 
     PIN : u_core/rvx_uart_instance/tx_cycle_counter_reg[10]/Q
                                0.00           4.19          -4.19  (VIOLATED) 

   u_core/rvx_uart_instance/tx_cycle_counter[3]
                                0.00           4.19          -4.19  (VIOLATED) 
     PIN : u_core/rvx_uart_instance/tx_cycle_counter_reg[3]/Q
                                0.00           4.19          -4.19  (VIOLATED) 

   u_core/timer[7]              0.00           4.19          -4.19  (VIOLATED) 
     PIN : u_core/rvx_timer_instance/counter_reg[7]/Q
                                0.00           4.19          -4.19  (VIOLATED) 

   u_core/rvx_uart_instance/tx_cycle_counter[12]
                                0.00           4.19          -4.19  (VIOLATED) 
     PIN : u_core/rvx_uart_instance/tx_cycle_counter_reg[12]/Q
                                0.00           4.19          -4.19  (VIOLATED) 

   u_core/rvx_uart_instance/tx_cycle_counter[9]
                                0.00           4.19          -4.19  (VIOLATED) 
     PIN : u_core/rvx_uart_instance/tx_cycle_counter_reg[9]/Q
                                0.00           4.19          -4.19  (VIOLATED) 

   u_core/rvx_uart_instance/tx_cycle_counter[8]
                                0.00           4.19          -4.19  (VIOLATED) 
     PIN : u_core/rvx_uart_instance/tx_cycle_counter_reg[8]/Q
                                0.00           4.19          -4.19  (VIOLATED) 

   u_core/rvx_uart_instance/tx_cycle_counter[7]
                                0.00           4.19          -4.19  (VIOLATED) 
     PIN : u_core/rvx_uart_instance/tx_cycle_counter_reg[7]/Q
                                0.00           4.19          -4.19  (VIOLATED) 

   u_core/rvx_uart_instance/tx_cycle_counter[6]
                                0.00           4.19          -4.19  (VIOLATED) 
     PIN : u_core/rvx_uart_instance/tx_cycle_counter_reg[6]/Q
                                0.00           4.19          -4.19  (VIOLATED) 

   u_core/rvx_uart_instance/tx_cycle_counter[5]
                                0.00           4.19          -4.19  (VIOLATED) 
     PIN : u_core/rvx_uart_instance/tx_cycle_counter_reg[5]/Q
                                0.00           4.19          -4.19  (VIOLATED) 

   u_core/rvx_uart_instance/tx_cycle_counter[4]
                                0.00           4.19          -4.19  (VIOLATED) 
     PIN : u_core/rvx_uart_instance/tx_cycle_counter_reg[4]/Q
                                0.00           4.19          -4.19  (VIOLATED) 

   u_core/timer[15]             0.00           4.19          -4.19  (VIOLATED) 
     PIN : u_core/rvx_timer_instance/counter_reg[15]/Q
                                0.00           4.19          -4.19  (VIOLATED) 

   u_core/rvx_uart_instance/tx_cycle_counter[2]
                                0.00           4.19          -4.19  (VIOLATED) 
     PIN : u_core/rvx_uart_instance/tx_cycle_counter_reg[2]/Q
                                0.00           4.19          -4.19  (VIOLATED) 

   u_core/timer[8]              0.00           4.19          -4.19  (VIOLATED) 
     PIN : u_core/rvx_timer_instance/counter_reg[8]/Q
                                0.00           4.19          -4.19  (VIOLATED) 

   u_core/timer[9]              0.00           4.19          -4.19  (VIOLATED) 
     PIN : u_core/rvx_timer_instance/counter_reg[9]/Q
                                0.00           4.19          -4.19  (VIOLATED) 

   u_core/timer[10]             0.00           4.19          -4.19  (VIOLATED) 
     PIN : u_core/rvx_timer_instance/counter_reg[10]/Q
                                0.00           4.19          -4.19  (VIOLATED) 

   u_core/timer[11]             0.00           4.19          -4.19  (VIOLATED) 
     PIN : u_core/rvx_timer_instance/counter_reg[11]/Q
                                0.00           4.19          -4.19  (VIOLATED) 

   u_core/timer[12]             0.00           4.19          -4.19  (VIOLATED) 
     PIN : u_core/rvx_timer_instance/counter_reg[12]/Q
                                0.00           4.19          -4.19  (VIOLATED) 

   u_core/timer[13]             0.00           4.19          -4.19  (VIOLATED) 
     PIN : u_core/rvx_timer_instance/counter_reg[13]/Q
                                0.00           4.19          -4.19  (VIOLATED) 

   u_core/timer[14]             0.00           4.19          -4.19  (VIOLATED) 
     PIN : u_core/rvx_timer_instance/counter_reg[14]/Q
                                0.00           4.19          -4.19  (VIOLATED) 

   u_core/timer[62]             0.00           4.19          -4.19  (VIOLATED) 
     PIN : u_core/rvx_timer_instance/counter_reg[62]/Q
                                0.00           4.19          -4.19  (VIOLATED) 

   u_core/timer[4]              0.00           4.19          -4.19  (VIOLATED) 
     PIN : u_core/rvx_timer_instance/counter_reg[4]/Q
                                0.00           4.19          -4.19  (VIOLATED) 

   u_core/rvx_uart_instance/tx_cycle_counter[30]
                                0.00           4.19          -4.19  (VIOLATED) 
     PIN : u_core/rvx_uart_instance/tx_cycle_counter_reg[30]/Q
                                0.00           4.19          -4.19  (VIOLATED) 

   u_core/rvx_uart_instance/tx_cycle_counter[29]
                                0.00           4.19          -4.19  (VIOLATED) 
     PIN : u_core/rvx_uart_instance/tx_cycle_counter_reg[29]/Q
                                0.00           4.19          -4.19  (VIOLATED) 

   u_core/rvx_uart_instance/tx_cycle_counter[28]
                                0.00           4.19          -4.19  (VIOLATED) 
     PIN : u_core/rvx_uart_instance/tx_cycle_counter_reg[28]/Q
                                0.00           4.19          -4.19  (VIOLATED) 

   u_core/rvx_uart_instance/tx_cycle_counter[27]
                                0.00           4.19          -4.19  (VIOLATED) 
     PIN : u_core/rvx_uart_instance/tx_cycle_counter_reg[27]/Q
                                0.00           4.19          -4.19  (VIOLATED) 

   u_core/rvx_uart_instance/tx_cycle_counter[26]
                                0.00           4.19          -4.19  (VIOLATED) 
     PIN : u_core/rvx_uart_instance/tx_cycle_counter_reg[26]/Q
                                0.00           4.19          -4.19  (VIOLATED) 

   u_core/rvx_uart_instance/tx_cycle_counter[25]
                                0.00           4.19          -4.19  (VIOLATED) 
     PIN : u_core/rvx_uart_instance/tx_cycle_counter_reg[25]/Q
                                0.00           4.19          -4.19  (VIOLATED) 

   u_core/rvx_uart_instance/tx_cycle_counter[24]
                                0.00           4.19          -4.19  (VIOLATED) 
     PIN : u_core/rvx_uart_instance/tx_cycle_counter_reg[24]/Q
                                0.00           4.19          -4.19  (VIOLATED) 

   u_core/rvx_uart_instance/tx_cycle_counter[23]
                                0.00           4.19          -4.19  (VIOLATED) 
     PIN : u_core/rvx_uart_instance/tx_cycle_counter_reg[23]/Q
                                0.00           4.19          -4.19  (VIOLATED) 

   u_core/rvx_uart_instance/tx_cycle_counter[22]
                                0.00           4.19          -4.19  (VIOLATED) 
     PIN : u_core/rvx_uart_instance/tx_cycle_counter_reg[22]/Q
                                0.00           4.19          -4.19  (VIOLATED) 

   u_core/timer[2]              0.00           4.19          -4.19  (VIOLATED) 
     PIN : u_core/rvx_timer_instance/counter_reg[2]/Q
                                0.00           4.19          -4.19  (VIOLATED) 

   u_core/timer[3]              0.00           4.19          -4.19  (VIOLATED) 
     PIN : u_core/rvx_timer_instance/counter_reg[3]/Q
                                0.00           4.19          -4.19  (VIOLATED) 

   u_core/rvx_uart_instance/tx_cycle_counter[13]
                                0.00           4.19          -4.19  (VIOLATED) 
     PIN : u_core/rvx_uart_instance/tx_cycle_counter_reg[13]/Q
                                0.00           4.19          -4.19  (VIOLATED) 

   u_core/timer[5]              0.00           4.19          -4.19  (VIOLATED) 
     PIN : u_core/rvx_timer_instance/counter_reg[5]/Q
                                0.00           4.19          -4.19  (VIOLATED) 

   u_core/timer[6]              0.00           4.19          -4.19  (VIOLATED) 
     PIN : u_core/rvx_timer_instance/counter_reg[6]/Q
                                0.00           4.19          -4.19  (VIOLATED) 

   u_core/rvx_uart_instance/tx_cycle_counter[21]
                                0.00           4.19          -4.19  (VIOLATED) 
     PIN : u_core/rvx_uart_instance/tx_cycle_counter_reg[21]/Q
                                0.00           4.19          -4.19  (VIOLATED) 

   u_core/rvx_uart_instance/tx_cycle_counter[20]
                                0.00           4.19          -4.19  (VIOLATED) 
     PIN : u_core/rvx_uart_instance/tx_cycle_counter_reg[20]/Q
                                0.00           4.19          -4.19  (VIOLATED) 

   u_core/rvx_uart_instance/tx_cycle_counter[19]
                                0.00           4.19          -4.19  (VIOLATED) 
     PIN : u_core/rvx_uart_instance/tx_cycle_counter_reg[19]/Q
                                0.00           4.19          -4.19  (VIOLATED) 

   u_core/rvx_uart_instance/tx_cycle_counter[18]
                                0.00           4.19          -4.19  (VIOLATED) 
     PIN : u_core/rvx_uart_instance/tx_cycle_counter_reg[18]/Q
                                0.00           4.19          -4.19  (VIOLATED) 

   u_core/rvx_uart_instance/tx_cycle_counter[17]
                                0.00           4.19          -4.19  (VIOLATED) 
     PIN : u_core/rvx_uart_instance/tx_cycle_counter_reg[17]/Q
                                0.00           4.19          -4.19  (VIOLATED) 

   u_core/rvx_uart_instance/tx_cycle_counter[16]
                                0.00           4.19          -4.19  (VIOLATED) 
     PIN : u_core/rvx_uart_instance/tx_cycle_counter_reg[16]/Q
                                0.00           4.19          -4.19  (VIOLATED) 

   u_core/rvx_uart_instance/tx_cycle_counter[15]
                                0.00           4.19          -4.19  (VIOLATED) 
     PIN : u_core/rvx_uart_instance/tx_cycle_counter_reg[15]/Q
                                0.00           4.19          -4.19  (VIOLATED) 

   u_core/rvx_uart_instance/tx_cycle_counter[14]
                                0.00           4.19          -4.19  (VIOLATED) 
     PIN : u_core/rvx_uart_instance/tx_cycle_counter_reg[14]/Q
                                0.00           4.19          -4.19  (VIOLATED) 

   u_core/timer[50]             0.00           4.19          -4.19  (VIOLATED) 
     PIN : u_core/rvx_timer_instance/counter_reg[50]/Q
                                0.00           4.19          -4.19  (VIOLATED) 

   u_core/timer[39]             0.00           4.19          -4.19  (VIOLATED) 
     PIN : u_core/rvx_timer_instance/counter_reg[39]/Q
                                0.00           4.19          -4.19  (VIOLATED) 

   u_core/timer[40]             0.00           4.19          -4.19  (VIOLATED) 
     PIN : u_core/rvx_timer_instance/counter_reg[40]/Q
                                0.00           4.19          -4.19  (VIOLATED) 

   u_core/timer[41]             0.00           4.19          -4.19  (VIOLATED) 
     PIN : u_core/rvx_timer_instance/counter_reg[41]/Q
                                0.00           4.19          -4.19  (VIOLATED) 

   u_core/timer[42]             0.00           4.19          -4.19  (VIOLATED) 
     PIN : u_core/rvx_timer_instance/counter_reg[42]/Q
                                0.00           4.19          -4.19  (VIOLATED) 

   u_core/timer[43]             0.00           4.19          -4.19  (VIOLATED) 
     PIN : u_core/rvx_timer_instance/counter_reg[43]/Q
                                0.00           4.19          -4.19  (VIOLATED) 

   u_core/timer[44]             0.00           4.19          -4.19  (VIOLATED) 
     PIN : u_core/rvx_timer_instance/counter_reg[44]/Q
                                0.00           4.19          -4.19  (VIOLATED) 

   u_core/timer[45]             0.00           4.19          -4.19  (VIOLATED) 
     PIN : u_core/rvx_timer_instance/counter_reg[45]/Q
                                0.00           4.19          -4.19  (VIOLATED) 

   u_core/timer[46]             0.00           4.19          -4.19  (VIOLATED) 
     PIN : u_core/rvx_timer_instance/counter_reg[46]/Q
                                0.00           4.19          -4.19  (VIOLATED) 

   u_core/timer[47]             0.00           4.19          -4.19  (VIOLATED) 
     PIN : u_core/rvx_timer_instance/counter_reg[47]/Q
                                0.00           4.19          -4.19  (VIOLATED) 

   u_core/timer[48]             0.00           4.19          -4.19  (VIOLATED) 
     PIN : u_core/rvx_timer_instance/counter_reg[48]/Q
                                0.00           4.19          -4.19  (VIOLATED) 

   u_core/timer[49]             0.00           4.19          -4.19  (VIOLATED) 
     PIN : u_core/rvx_timer_instance/counter_reg[49]/Q
                                0.00           4.19          -4.19  (VIOLATED) 

   u_core/timer[17]             0.00           4.19          -4.19  (VIOLATED) 
     PIN : u_core/rvx_timer_instance/counter_reg[17]/Q
                                0.00           4.19          -4.19  (VIOLATED) 

   u_core/timer[51]             0.00           4.19          -4.19  (VIOLATED) 
     PIN : u_core/rvx_timer_instance/counter_reg[51]/Q
                                0.00           4.19          -4.19  (VIOLATED) 

   u_core/timer[52]             0.00           4.19          -4.19  (VIOLATED) 
     PIN : u_core/rvx_timer_instance/counter_reg[52]/Q
                                0.00           4.19          -4.19  (VIOLATED) 

   u_core/timer[53]             0.00           4.19          -4.19  (VIOLATED) 
     PIN : u_core/rvx_timer_instance/counter_reg[53]/Q
                                0.00           4.19          -4.19  (VIOLATED) 

   u_core/timer[54]             0.00           4.19          -4.19  (VIOLATED) 
     PIN : u_core/rvx_timer_instance/counter_reg[54]/Q
                                0.00           4.19          -4.19  (VIOLATED) 

   u_core/timer[55]             0.00           4.19          -4.19  (VIOLATED) 
     PIN : u_core/rvx_timer_instance/counter_reg[55]/Q
                                0.00           4.19          -4.19  (VIOLATED) 

   u_core/timer[56]             0.00           4.19          -4.19  (VIOLATED) 
     PIN : u_core/rvx_timer_instance/counter_reg[56]/Q
                                0.00           4.19          -4.19  (VIOLATED) 

   u_core/timer[57]             0.00           4.19          -4.19  (VIOLATED) 
     PIN : u_core/rvx_timer_instance/counter_reg[57]/Q
                                0.00           4.19          -4.19  (VIOLATED) 

   u_core/timer[58]             0.00           4.19          -4.19  (VIOLATED) 
     PIN : u_core/rvx_timer_instance/counter_reg[58]/Q
                                0.00           4.19          -4.19  (VIOLATED) 

   u_core/timer[59]             0.00           4.19          -4.19  (VIOLATED) 
     PIN : u_core/rvx_timer_instance/counter_reg[59]/Q
                                0.00           4.19          -4.19  (VIOLATED) 

   u_core/timer[60]             0.00           4.19          -4.19  (VIOLATED) 
     PIN : u_core/rvx_timer_instance/counter_reg[60]/Q
                                0.00           4.19          -4.19  (VIOLATED) 

   u_core/timer[61]             0.00           4.19          -4.19  (VIOLATED) 
     PIN : u_core/rvx_timer_instance/counter_reg[61]/Q
                                0.00           4.19          -4.19  (VIOLATED) 

   u_core/timer[26]             0.00           4.19          -4.19  (VIOLATED) 
     PIN : u_core/rvx_timer_instance/counter_reg[26]/Q
                                0.00           4.19          -4.19  (VIOLATED) 

   u_core/timer[16]             0.00           4.19          -4.19  (VIOLATED) 
     PIN : u_core/rvx_timer_instance/counter_reg[16]/Q
                                0.00           4.19          -4.19  (VIOLATED) 

   u_core/timer[18]             0.00           4.19          -4.19  (VIOLATED) 
     PIN : u_core/rvx_timer_instance/counter_reg[18]/Q
                                0.00           4.19          -4.19  (VIOLATED) 

   u_core/timer[19]             0.00           4.19          -4.19  (VIOLATED) 
     PIN : u_core/rvx_timer_instance/counter_reg[19]/Q
                                0.00           4.19          -4.19  (VIOLATED) 

   u_core/timer[20]             0.00           4.19          -4.19  (VIOLATED) 
     PIN : u_core/rvx_timer_instance/counter_reg[20]/Q
                                0.00           4.19          -4.19  (VIOLATED) 

   u_core/timer[21]             0.00           4.19          -4.19  (VIOLATED) 
     PIN : u_core/rvx_timer_instance/counter_reg[21]/Q
                                0.00           4.19          -4.19  (VIOLATED) 

   u_core/timer[22]             0.00           4.19          -4.19  (VIOLATED) 
     PIN : u_core/rvx_timer_instance/counter_reg[22]/Q
                                0.00           4.19          -4.19  (VIOLATED) 

   u_core/timer[23]             0.00           4.19          -4.19  (VIOLATED) 
     PIN : u_core/rvx_timer_instance/counter_reg[23]/Q
                                0.00           4.19          -4.19  (VIOLATED) 

   u_core/timer[24]             0.00           4.19          -4.19  (VIOLATED) 
     PIN : u_core/rvx_timer_instance/counter_reg[24]/Q
                                0.00           4.19          -4.19  (VIOLATED) 

   u_core/timer[25]             0.00           4.19          -4.19  (VIOLATED) 
     PIN : u_core/rvx_timer_instance/counter_reg[25]/Q
                                0.00           4.19          -4.19  (VIOLATED) 

   u_core/timer[27]             0.00           4.19          -4.19  (VIOLATED) 
     PIN : u_core/rvx_timer_instance/counter_reg[27]/Q
                                0.00           4.19          -4.19  (VIOLATED) 

   u_core/timer[28]             0.00           4.19          -4.19  (VIOLATED) 
     PIN : u_core/rvx_timer_instance/counter_reg[28]/Q
                                0.00           4.19          -4.19  (VIOLATED) 

   u_core/timer[29]             0.00           4.19          -4.19  (VIOLATED) 
     PIN : u_core/rvx_timer_instance/counter_reg[29]/Q
                                0.00           4.19          -4.19  (VIOLATED) 

   u_core/timer[30]             0.00           4.19          -4.19  (VIOLATED) 
     PIN : u_core/rvx_timer_instance/counter_reg[30]/Q
                                0.00           4.19          -4.19  (VIOLATED) 

   u_core/timer[31]             0.00           4.19          -4.19  (VIOLATED) 
     PIN : u_core/rvx_timer_instance/counter_reg[31]/Q
                                0.00           4.19          -4.19  (VIOLATED) 

   u_core/timer[32]             0.00           4.19          -4.19  (VIOLATED) 
     PIN : u_core/rvx_timer_instance/counter_reg[32]/Q
                                0.00           4.19          -4.19  (VIOLATED) 

   u_core/timer[33]             0.00           4.19          -4.19  (VIOLATED) 
     PIN : u_core/rvx_timer_instance/counter_reg[33]/Q
                                0.00           4.19          -4.19  (VIOLATED) 

   u_core/timer[34]             0.00           4.19          -4.19  (VIOLATED) 
     PIN : u_core/rvx_timer_instance/counter_reg[34]/Q
                                0.00           4.19          -4.19  (VIOLATED) 

   u_core/timer[35]             0.00           4.19          -4.19  (VIOLATED) 
     PIN : u_core/rvx_timer_instance/counter_reg[35]/Q
                                0.00           4.19          -4.19  (VIOLATED) 

   u_core/timer[36]             0.00           4.19          -4.19  (VIOLATED) 
     PIN : u_core/rvx_timer_instance/counter_reg[36]/Q
                                0.00           4.19          -4.19  (VIOLATED) 

   u_core/timer[37]             0.00           4.19          -4.19  (VIOLATED) 
     PIN : u_core/rvx_timer_instance/counter_reg[37]/Q
                                0.00           4.19          -4.19  (VIOLATED) 

   u_core/timer[38]             0.00           4.19          -4.19  (VIOLATED) 
     PIN : u_core/rvx_timer_instance/counter_reg[38]/Q
                                0.00           4.19          -4.19  (VIOLATED) 

   u_core/rvx_spi_instance/divider[15]
                                0.00           3.91          -3.91  (VIOLATED) 
     PIN : u_core/rvx_spi_instance/divider_reg[15]/Q
                                0.00           3.91          -3.91  (VIOLATED) 

   u_core/rvx_i2c_instance/cycle_counter[15]
                                0.00           3.89          -3.89  (VIOLATED) 
     PIN : u_core/rvx_i2c_instance/cycle_counter_reg[15]/Q
                                0.00           3.89          -3.89  (VIOLATED) 

   u_core/rvx_core_instance/rs1_data_s1[31]
                                0.00           3.89          -3.89  (VIOLATED) 
     PIN : u_core/rvx_core_instance/rvx_core_integer_file_instance/C2473/Z[31]
                                0.00           3.89          -3.89  (VIOLATED) 

   u_core/rvx_core_instance/rvx_core_csr_file_instance/csr_mcycle[40]
                                0.00           3.87          -3.87  (VIOLATED) 
     PIN : u_core/rvx_core_instance/rvx_core_csr_file_instance/csr_mcycle_reg[40]/Q
                                0.00           3.87          -3.87  (VIOLATED) 

   u_core/rvx_core_instance/immediate_s1[0]
                                0.00           3.87          -3.87  (VIOLATED) 
     PIN : u_core/rvx_core_instance/rvx_core_immediate_gen_instance/C85/Z[0]
                                0.00           3.87          -3.87  (VIOLATED) 

   u_core/rvx_core_instance/rvx_core_csr_file_instance/csr_minstret[35]
                                0.00           3.87          -3.87  (VIOLATED) 
     PIN : u_core/rvx_core_instance/rvx_core_csr_file_instance/csr_minstret_reg[35]/Q
                                0.00           3.87          -3.87  (VIOLATED) 

   u_core/rvx_core_instance/rvx_core_csr_file_instance/csr_minstret[50]
                                0.00           3.87          -3.87  (VIOLATED) 
     PIN : u_core/rvx_core_instance/rvx_core_csr_file_instance/csr_minstret_reg[50]/Q
                                0.00           3.87          -3.87  (VIOLATED) 

   u_core/rvx_core_instance/rvx_core_csr_file_instance/csr_minstret[51]
                                0.00           3.87          -3.87  (VIOLATED) 
     PIN : u_core/rvx_core_instance/rvx_core_csr_file_instance/csr_minstret_reg[51]/Q
                                0.00           3.87          -3.87  (VIOLATED) 

   u_core/rvx_core_instance/rvx_core_csr_file_instance/csr_minstret[52]
                                0.00           3.87          -3.87  (VIOLATED) 
     PIN : u_core/rvx_core_instance/rvx_core_csr_file_instance/csr_minstret_reg[52]/Q
                                0.00           3.87          -3.87  (VIOLATED) 

   u_core/rvx_core_instance/rvx_core_csr_file_instance/csr_minstret[53]
                                0.00           3.87          -3.87  (VIOLATED) 
     PIN : u_core/rvx_core_instance/rvx_core_csr_file_instance/csr_minstret_reg[53]/Q
                                0.00           3.87          -3.87  (VIOLATED) 

   u_core/rvx_core_instance/rvx_core_csr_file_instance/csr_minstret[54]
                                0.00           3.87          -3.87  (VIOLATED) 
     PIN : u_core/rvx_core_instance/rvx_core_csr_file_instance/csr_minstret_reg[54]/Q
                                0.00           3.87          -3.87  (VIOLATED) 

   u_core/rvx_core_instance/rvx_core_csr_file_instance/csr_minstret[55]
                                0.00           3.87          -3.87  (VIOLATED) 
     PIN : u_core/rvx_core_instance/rvx_core_csr_file_instance/csr_minstret_reg[55]/Q
                                0.00           3.87          -3.87  (VIOLATED) 

   u_core/rvx_core_instance/rvx_core_csr_file_instance/csr_minstret[56]
                                0.00           3.87          -3.87  (VIOLATED) 
     PIN : u_core/rvx_core_instance/rvx_core_csr_file_instance/csr_minstret_reg[56]/Q
                                0.00           3.87          -3.87  (VIOLATED) 

   u_core/rvx_core_instance/rvx_core_csr_file_instance/csr_minstret[57]
                                0.00           3.87          -3.87  (VIOLATED) 
     PIN : u_core/rvx_core_instance/rvx_core_csr_file_instance/csr_minstret_reg[57]/Q
                                0.00           3.87          -3.87  (VIOLATED) 

   u_core/rvx_core_instance/rvx_core_csr_file_instance/csr_minstret[24]
                                0.00           3.87          -3.87  (VIOLATED) 
     PIN : u_core/rvx_core_instance/rvx_core_csr_file_instance/csr_minstret_reg[24]/Q
                                0.00           3.87          -3.87  (VIOLATED) 

   u_core/rvx_core_instance/rvx_core_csr_file_instance/csr_minstret[41]
                                0.00           3.87          -3.87  (VIOLATED) 
     PIN : u_core/rvx_core_instance/rvx_core_csr_file_instance/csr_minstret_reg[41]/Q
                                0.00           3.87          -3.87  (VIOLATED) 

   u_core/rvx_core_instance/rvx_core_csr_file_instance/csr_minstret[40]
                                0.00           3.87          -3.87  (VIOLATED) 
     PIN : u_core/rvx_core_instance/rvx_core_csr_file_instance/csr_minstret_reg[40]/Q
                                0.00           3.87          -3.87  (VIOLATED) 

   u_core/rvx_core_instance/rvx_core_csr_file_instance/csr_minstret[39]
                                0.00           3.87          -3.87  (VIOLATED) 
     PIN : u_core/rvx_core_instance/rvx_core_csr_file_instance/csr_minstret_reg[39]/Q
                                0.00           3.87          -3.87  (VIOLATED) 

   u_core/rvx_core_instance/rvx_core_csr_file_instance/csr_minstret[38]
                                0.00           3.87          -3.87  (VIOLATED) 
     PIN : u_core/rvx_core_instance/rvx_core_csr_file_instance/csr_minstret_reg[38]/Q
                                0.00           3.87          -3.87  (VIOLATED) 

   u_core/rvx_core_instance/rvx_core_csr_file_instance/csr_minstret[37]
                                0.00           3.87          -3.87  (VIOLATED) 
     PIN : u_core/rvx_core_instance/rvx_core_csr_file_instance/csr_minstret_reg[37]/Q
                                0.00           3.87          -3.87  (VIOLATED) 

   u_core/rvx_core_instance/rvx_core_csr_file_instance/csr_minstret[36]
                                0.00           3.87          -3.87  (VIOLATED) 
     PIN : u_core/rvx_core_instance/rvx_core_csr_file_instance/csr_minstret_reg[36]/Q
                                0.00           3.87          -3.87  (VIOLATED) 

   u_core/rvx_core_instance/rvx_core_csr_file_instance/csr_minstret[23]
                                0.00           3.87          -3.87  (VIOLATED) 
     PIN : u_core/rvx_core_instance/rvx_core_csr_file_instance/csr_minstret_reg[23]/Q
                                0.00           3.87          -3.87  (VIOLATED) 

   u_core/rvx_core_instance/rvx_core_csr_file_instance/csr_minstret[34]
                                0.00           3.87          -3.87  (VIOLATED) 
     PIN : u_core/rvx_core_instance/rvx_core_csr_file_instance/csr_minstret_reg[34]/Q
                                0.00           3.87          -3.87  (VIOLATED) 

   u_core/rvx_core_instance/rvx_core_csr_file_instance/csr_minstret[33]
                                0.00           3.87          -3.87  (VIOLATED) 
     PIN : u_core/rvx_core_instance/rvx_core_csr_file_instance/csr_minstret_reg[33]/Q
                                0.00           3.87          -3.87  (VIOLATED) 

   u_core/rvx_core_instance/rvx_core_csr_file_instance/csr_minstret[32]
                                0.00           3.87          -3.87  (VIOLATED) 
     PIN : u_core/rvx_core_instance/rvx_core_csr_file_instance/csr_minstret_reg[32]/Q
                                0.00           3.87          -3.87  (VIOLATED) 

   u_core/rvx_core_instance/rvx_core_csr_file_instance/csr_minstret[25]
                                0.00           3.87          -3.87  (VIOLATED) 
     PIN : u_core/rvx_core_instance/rvx_core_csr_file_instance/csr_minstret_reg[25]/Q
                                0.00           3.87          -3.87  (VIOLATED) 

   u_core/rvx_core_instance/rvx_core_csr_file_instance/csr_minstret[58]
                                0.00           3.87          -3.87  (VIOLATED) 
     PIN : u_core/rvx_core_instance/rvx_core_csr_file_instance/csr_minstret_reg[58]/Q
                                0.00           3.87          -3.87  (VIOLATED) 

   u_core/rvx_core_instance/rvx_core_csr_file_instance/csr_minstret[59]
                                0.00           3.87          -3.87  (VIOLATED) 
     PIN : u_core/rvx_core_instance/rvx_core_csr_file_instance/csr_minstret_reg[59]/Q
                                0.00           3.87          -3.87  (VIOLATED) 

   u_core/rvx_core_instance/rvx_core_csr_file_instance/csr_minstret[60]
                                0.00           3.87          -3.87  (VIOLATED) 
     PIN : u_core/rvx_core_instance/rvx_core_csr_file_instance/csr_minstret_reg[60]/Q
                                0.00           3.87          -3.87  (VIOLATED) 

   u_core/rvx_core_instance/rvx_core_csr_file_instance/csr_minstret[61]
                                0.00           3.87          -3.87  (VIOLATED) 
     PIN : u_core/rvx_core_instance/rvx_core_csr_file_instance/csr_minstret_reg[61]/Q
                                0.00           3.87          -3.87  (VIOLATED) 

   u_core/rvx_core_instance/rvx_core_csr_file_instance/csr_minstret[62]
                                0.00           3.87          -3.87  (VIOLATED) 
     PIN : u_core/rvx_core_instance/rvx_core_csr_file_instance/csr_minstret_reg[62]/Q
                                0.00           3.87          -3.87  (VIOLATED) 

   u_core/rvx_core_instance/rvx_core_csr_file_instance/csr_minstret[63]
                                0.00           3.87          -3.87  (VIOLATED) 
     PIN : u_core/rvx_core_instance/rvx_core_csr_file_instance/csr_minstret_reg[63]/Q
                                0.00           3.87          -3.87  (VIOLATED) 

   u_core/rvx_core_instance/rvx_core_csr_file_instance/csr_mcycle[41]
                                0.00           3.87          -3.87  (VIOLATED) 
     PIN : u_core/rvx_core_instance/rvx_core_csr_file_instance/csr_mcycle_reg[41]/Q
                                0.00           3.87          -3.87  (VIOLATED) 

   u_core/rvx_core_instance/rvx_core_csr_file_instance/csr_mcycle[1]
                                0.00           3.87          -3.87  (VIOLATED) 
     PIN : u_core/rvx_core_instance/rvx_core_csr_file_instance/csr_mcycle_reg[1]/Q
                                0.00           3.87          -3.87  (VIOLATED) 

   u_core/rvx_core_instance/rvx_core_csr_file_instance/csr_mcycle[2]
                                0.00           3.87          -3.87  (VIOLATED) 
     PIN : u_core/rvx_core_instance/rvx_core_csr_file_instance/csr_mcycle_reg[2]/Q
                                0.00           3.87          -3.87  (VIOLATED) 

   u_core/rvx_core_instance/rvx_core_csr_file_instance/csr_mcycle[3]
                                0.00           3.87          -3.87  (VIOLATED) 
     PIN : u_core/rvx_core_instance/rvx_core_csr_file_instance/csr_mcycle_reg[3]/Q
                                0.00           3.87          -3.87  (VIOLATED) 

   u_core/rvx_core_instance/rvx_core_csr_file_instance/csr_mcycle[4]
                                0.00           3.87          -3.87  (VIOLATED) 
     PIN : u_core/rvx_core_instance/rvx_core_csr_file_instance/csr_mcycle_reg[4]/Q
                                0.00           3.87          -3.87  (VIOLATED) 

   u_core/rvx_core_instance/rvx_core_csr_file_instance/csr_minstret[10]
                                0.00           3.87          -3.87  (VIOLATED) 
     PIN : u_core/rvx_core_instance/rvx_core_csr_file_instance/csr_minstret_reg[10]/Q
                                0.00           3.87          -3.87  (VIOLATED) 

   u_core/rvx_core_instance/rvx_core_csr_file_instance/csr_minstret[6]
                                0.00           3.87          -3.87  (VIOLATED) 
     PIN : u_core/rvx_core_instance/rvx_core_csr_file_instance/csr_minstret_reg[6]/Q
                                0.00           3.87          -3.87  (VIOLATED) 

   u_core/rvx_core_instance/rvx_core_csr_file_instance/csr_minstret[5]
                                0.00           3.87          -3.87  (VIOLATED) 
     PIN : u_core/rvx_core_instance/rvx_core_csr_file_instance/csr_minstret_reg[5]/Q
                                0.00           3.87          -3.87  (VIOLATED) 

   u_core/rvx_core_instance/rvx_core_csr_file_instance/csr_minstret[4]
                                0.00           3.87          -3.87  (VIOLATED) 
     PIN : u_core/rvx_core_instance/rvx_core_csr_file_instance/csr_minstret_reg[4]/Q
                                0.00           3.87          -3.87  (VIOLATED) 

   u_core/rvx_core_instance/rvx_core_csr_file_instance/csr_minstret[3]
                                0.00           3.87          -3.87  (VIOLATED) 
     PIN : u_core/rvx_core_instance/rvx_core_csr_file_instance/csr_minstret_reg[3]/Q
                                0.00           3.87          -3.87  (VIOLATED) 

   u_core/rvx_core_instance/rvx_core_csr_file_instance/csr_minstret[2]
                                0.00           3.87          -3.87  (VIOLATED) 
     PIN : u_core/rvx_core_instance/rvx_core_csr_file_instance/csr_minstret_reg[2]/Q
                                0.00           3.87          -3.87  (VIOLATED) 

   u_core/rvx_core_instance/rvx_core_csr_file_instance/csr_minstret[1]
                                0.00           3.87          -3.87  (VIOLATED) 
     PIN : u_core/rvx_core_instance/rvx_core_csr_file_instance/csr_minstret_reg[1]/Q
                                0.00           3.87          -3.87  (VIOLATED) 

   u_core/rvx_core_instance/rvx_core_csr_file_instance/csr_minstret[44]
                                0.00           3.87          -3.87  (VIOLATED) 
     PIN : u_core/rvx_core_instance/rvx_core_csr_file_instance/csr_minstret_reg[44]/Q
                                0.00           3.87          -3.87  (VIOLATED) 

   u_core/rvx_core_instance/rvx_core_csr_file_instance/csr_minstret[45]
                                0.00           3.87          -3.87  (VIOLATED) 
     PIN : u_core/rvx_core_instance/rvx_core_csr_file_instance/csr_minstret_reg[45]/Q
                                0.00           3.87          -3.87  (VIOLATED) 

   u_core/rvx_core_instance/rvx_core_csr_file_instance/csr_minstret[46]
                                0.00           3.87          -3.87  (VIOLATED) 
     PIN : u_core/rvx_core_instance/rvx_core_csr_file_instance/csr_minstret_reg[46]/Q
                                0.00           3.87          -3.87  (VIOLATED) 

   u_core/rvx_core_instance/rvx_core_csr_file_instance/csr_minstret[47]
                                0.00           3.87          -3.87  (VIOLATED) 
     PIN : u_core/rvx_core_instance/rvx_core_csr_file_instance/csr_minstret_reg[47]/Q
                                0.00           3.87          -3.87  (VIOLATED) 

   u_core/rvx_core_instance/rvx_core_csr_file_instance/csr_minstret[48]
                                0.00           3.87          -3.87  (VIOLATED) 
     PIN : u_core/rvx_core_instance/rvx_core_csr_file_instance/csr_minstret_reg[48]/Q
                                0.00           3.87          -3.87  (VIOLATED) 

   u_core/rvx_core_instance/rvx_core_csr_file_instance/csr_minstret[49]
                                0.00           3.87          -3.87  (VIOLATED) 
     PIN : u_core/rvx_core_instance/rvx_core_csr_file_instance/csr_minstret_reg[49]/Q
                                0.00           3.87          -3.87  (VIOLATED) 

   u_core/rvx_core_instance/rvx_core_csr_file_instance/csr_minstret[7]
                                0.00           3.87          -3.87  (VIOLATED) 
     PIN : u_core/rvx_core_instance/rvx_core_csr_file_instance/csr_minstret_reg[7]/Q
                                0.00           3.87          -3.87  (VIOLATED) 

   u_core/rvx_core_instance/rvx_core_csr_file_instance/csr_minstret[8]
                                0.00           3.87          -3.87  (VIOLATED) 
     PIN : u_core/rvx_core_instance/rvx_core_csr_file_instance/csr_minstret_reg[8]/Q
                                0.00           3.87          -3.87  (VIOLATED) 

   u_core/rvx_core_instance/rvx_core_csr_file_instance/csr_minstret[9]
                                0.00           3.87          -3.87  (VIOLATED) 
     PIN : u_core/rvx_core_instance/rvx_core_csr_file_instance/csr_minstret_reg[9]/Q
                                0.00           3.87          -3.87  (VIOLATED) 

   u_core/rvx_core_instance/rvx_core_csr_file_instance/csr_mcycle[5]
                                0.00           3.87          -3.87  (VIOLATED) 
     PIN : u_core/rvx_core_instance/rvx_core_csr_file_instance/csr_mcycle_reg[5]/Q
                                0.00           3.87          -3.87  (VIOLATED) 

   u_core/rvx_core_instance/rvx_core_csr_file_instance/csr_minstret[11]
                                0.00           3.87          -3.87  (VIOLATED) 
     PIN : u_core/rvx_core_instance/rvx_core_csr_file_instance/csr_minstret_reg[11]/Q
                                0.00           3.87          -3.87  (VIOLATED) 

   u_core/rvx_core_instance/rvx_core_csr_file_instance/csr_minstret[12]
                                0.00           3.87          -3.87  (VIOLATED) 
     PIN : u_core/rvx_core_instance/rvx_core_csr_file_instance/csr_minstret_reg[12]/Q
                                0.00           3.87          -3.87  (VIOLATED) 

   u_core/rvx_core_instance/rvx_core_csr_file_instance/csr_minstret[13]
                                0.00           3.87          -3.87  (VIOLATED) 
     PIN : u_core/rvx_core_instance/rvx_core_csr_file_instance/csr_minstret_reg[13]/Q
                                0.00           3.87          -3.87  (VIOLATED) 

   u_core/rvx_core_instance/rvx_core_csr_file_instance/csr_minstret[14]
                                0.00           3.87          -3.87  (VIOLATED) 
     PIN : u_core/rvx_core_instance/rvx_core_csr_file_instance/csr_minstret_reg[14]/Q
                                0.00           3.87          -3.87  (VIOLATED) 

   u_core/rvx_core_instance/rvx_core_csr_file_instance/csr_minstret[15]
                                0.00           3.87          -3.87  (VIOLATED) 
     PIN : u_core/rvx_core_instance/rvx_core_csr_file_instance/csr_minstret_reg[15]/Q
                                0.00           3.87          -3.87  (VIOLATED) 

   u_core/rvx_core_instance/rvx_core_csr_file_instance/csr_minstret[16]
                                0.00           3.87          -3.87  (VIOLATED) 
     PIN : u_core/rvx_core_instance/rvx_core_csr_file_instance/csr_minstret_reg[16]/Q
                                0.00           3.87          -3.87  (VIOLATED) 

   u_core/rvx_core_instance/rvx_core_csr_file_instance/csr_minstret[43]
                                0.00           3.87          -3.87  (VIOLATED) 
     PIN : u_core/rvx_core_instance/rvx_core_csr_file_instance/csr_minstret_reg[43]/Q
                                0.00           3.87          -3.87  (VIOLATED) 

   u_core/rvx_core_instance/rvx_core_csr_file_instance/csr_minstret[42]
                                0.00           3.87          -3.87  (VIOLATED) 
     PIN : u_core/rvx_core_instance/rvx_core_csr_file_instance/csr_minstret_reg[42]/Q
                                0.00           3.87          -3.87  (VIOLATED) 

   u_core/rvx_core_instance/rvx_core_csr_file_instance/csr_minstret[17]
                                0.00           3.87          -3.87  (VIOLATED) 
     PIN : u_core/rvx_core_instance/rvx_core_csr_file_instance/csr_minstret_reg[17]/Q
                                0.00           3.87          -3.87  (VIOLATED) 

   u_core/rvx_core_instance/rvx_core_csr_file_instance/csr_minstret[18]
                                0.00           3.87          -3.87  (VIOLATED) 
     PIN : u_core/rvx_core_instance/rvx_core_csr_file_instance/csr_minstret_reg[18]/Q
                                0.00           3.87          -3.87  (VIOLATED) 

   u_core/rvx_core_instance/rvx_core_csr_file_instance/csr_minstret[19]
                                0.00           3.87          -3.87  (VIOLATED) 
     PIN : u_core/rvx_core_instance/rvx_core_csr_file_instance/csr_minstret_reg[19]/Q
                                0.00           3.87          -3.87  (VIOLATED) 

   u_core/rvx_core_instance/rvx_core_csr_file_instance/csr_minstret[20]
                                0.00           3.87          -3.87  (VIOLATED) 
     PIN : u_core/rvx_core_instance/rvx_core_csr_file_instance/csr_minstret_reg[20]/Q
                                0.00           3.87          -3.87  (VIOLATED) 

   u_core/rvx_core_instance/rvx_core_csr_file_instance/csr_minstret[21]
                                0.00           3.87          -3.87  (VIOLATED) 
     PIN : u_core/rvx_core_instance/rvx_core_csr_file_instance/csr_minstret_reg[21]/Q
                                0.00           3.87          -3.87  (VIOLATED) 

   u_core/rvx_core_instance/rvx_core_csr_file_instance/csr_minstret[22]
                                0.00           3.87          -3.87  (VIOLATED) 
     PIN : u_core/rvx_core_instance/rvx_core_csr_file_instance/csr_minstret_reg[22]/Q
                                0.00           3.87          -3.87  (VIOLATED) 

   u_core/rvx_core_instance/rvx_core_csr_file_instance/csr_mcycle[29]
                                0.00           3.87          -3.87  (VIOLATED) 
     PIN : u_core/rvx_core_instance/rvx_core_csr_file_instance/csr_mcycle_reg[29]/Q
                                0.00           3.87          -3.87  (VIOLATED) 

   u_core/rvx_core_instance/rvx_core_csr_file_instance/csr_mcycle[14]
                                0.00           3.87          -3.87  (VIOLATED) 
     PIN : u_core/rvx_core_instance/rvx_core_csr_file_instance/csr_mcycle_reg[14]/Q
                                0.00           3.87          -3.87  (VIOLATED) 

   u_core/rvx_core_instance/rvx_core_csr_file_instance/csr_mcycle[15]
                                0.00           3.87          -3.87  (VIOLATED) 
     PIN : u_core/rvx_core_instance/rvx_core_csr_file_instance/csr_mcycle_reg[15]/Q
                                0.00           3.87          -3.87  (VIOLATED) 

   u_core/rvx_core_instance/rvx_core_csr_file_instance/csr_mcycle[16]
                                0.00           3.87          -3.87  (VIOLATED) 
     PIN : u_core/rvx_core_instance/rvx_core_csr_file_instance/csr_mcycle_reg[16]/Q
                                0.00           3.87          -3.87  (VIOLATED) 

   u_core/rvx_core_instance/rvx_core_csr_file_instance/csr_mcycle[17]
                                0.00           3.87          -3.87  (VIOLATED) 
     PIN : u_core/rvx_core_instance/rvx_core_csr_file_instance/csr_mcycle_reg[17]/Q
                                0.00           3.87          -3.87  (VIOLATED) 

   u_core/rvx_core_instance/rvx_core_csr_file_instance/csr_mcycle[18]
                                0.00           3.87          -3.87  (VIOLATED) 
     PIN : u_core/rvx_core_instance/rvx_core_csr_file_instance/csr_mcycle_reg[18]/Q
                                0.00           3.87          -3.87  (VIOLATED) 

   u_core/rvx_core_instance/rvx_core_csr_file_instance/csr_mcycle[19]
                                0.00           3.87          -3.87  (VIOLATED) 
     PIN : u_core/rvx_core_instance/rvx_core_csr_file_instance/csr_mcycle_reg[19]/Q
                                0.00           3.87          -3.87  (VIOLATED) 

   u_core/rvx_core_instance/rvx_core_csr_file_instance/csr_mcycle[20]
                                0.00           3.87          -3.87  (VIOLATED) 
     PIN : u_core/rvx_core_instance/rvx_core_csr_file_instance/csr_mcycle_reg[20]/Q
                                0.00           3.87          -3.87  (VIOLATED) 

   u_core/rvx_core_instance/rvx_core_csr_file_instance/csr_mcycle[21]
                                0.00           3.87          -3.87  (VIOLATED) 
     PIN : u_core/rvx_core_instance/rvx_core_csr_file_instance/csr_mcycle_reg[21]/Q
                                0.00           3.87          -3.87  (VIOLATED) 

   u_core/rvx_core_instance/rvx_core_csr_file_instance/csr_mcycle[22]
                                0.00           3.87          -3.87  (VIOLATED) 
     PIN : u_core/rvx_core_instance/rvx_core_csr_file_instance/csr_mcycle_reg[22]/Q
                                0.00           3.87          -3.87  (VIOLATED) 

   u_core/rvx_core_instance/rvx_core_csr_file_instance/csr_mcycle[23]
                                0.00           3.87          -3.87  (VIOLATED) 
     PIN : u_core/rvx_core_instance/rvx_core_csr_file_instance/csr_mcycle_reg[23]/Q
                                0.00           3.87          -3.87  (VIOLATED) 

   u_core/rvx_core_instance/rvx_core_csr_file_instance/csr_mcycle[24]
                                0.00           3.87          -3.87  (VIOLATED) 
     PIN : u_core/rvx_core_instance/rvx_core_csr_file_instance/csr_mcycle_reg[24]/Q
                                0.00           3.87          -3.87  (VIOLATED) 

   u_core/rvx_core_instance/rvx_core_csr_file_instance/csr_mcycle[25]
                                0.00           3.87          -3.87  (VIOLATED) 
     PIN : u_core/rvx_core_instance/rvx_core_csr_file_instance/csr_mcycle_reg[25]/Q
                                0.00           3.87          -3.87  (VIOLATED) 

   u_core/rvx_core_instance/rvx_core_csr_file_instance/csr_mcycle[26]
                                0.00           3.87          -3.87  (VIOLATED) 
     PIN : u_core/rvx_core_instance/rvx_core_csr_file_instance/csr_mcycle_reg[26]/Q
                                0.00           3.87          -3.87  (VIOLATED) 

   u_core/rvx_core_instance/rvx_core_csr_file_instance/csr_mcycle[27]
                                0.00           3.87          -3.87  (VIOLATED) 
     PIN : u_core/rvx_core_instance/rvx_core_csr_file_instance/csr_mcycle_reg[27]/Q
                                0.00           3.87          -3.87  (VIOLATED) 

   u_core/rvx_core_instance/rvx_core_csr_file_instance/csr_mcycle[28]
                                0.00           3.87          -3.87  (VIOLATED) 
     PIN : u_core/rvx_core_instance/rvx_core_csr_file_instance/csr_mcycle_reg[28]/Q
                                0.00           3.87          -3.87  (VIOLATED) 

   u_core/rvx_core_instance/rvx_core_csr_file_instance/csr_mcycle[13]
                                0.00           3.87          -3.87  (VIOLATED) 
     PIN : u_core/rvx_core_instance/rvx_core_csr_file_instance/csr_mcycle_reg[13]/Q
                                0.00           3.87          -3.87  (VIOLATED) 

   u_core/rvx_core_instance/rvx_core_csr_file_instance/csr_mcycle[30]
                                0.00           3.87          -3.87  (VIOLATED) 
     PIN : u_core/rvx_core_instance/rvx_core_csr_file_instance/csr_mcycle_reg[30]/Q
                                0.00           3.87          -3.87  (VIOLATED) 

   u_core/rvx_core_instance/rvx_core_csr_file_instance/csr_mcycle[31]
                                0.00           3.87          -3.87  (VIOLATED) 
     PIN : u_core/rvx_core_instance/rvx_core_csr_file_instance/csr_mcycle_reg[31]/Q
                                0.00           3.87          -3.87  (VIOLATED) 

   u_core/rvx_core_instance/rvx_core_csr_file_instance/csr_mcycle[32]
                                0.00           3.87          -3.87  (VIOLATED) 
     PIN : u_core/rvx_core_instance/rvx_core_csr_file_instance/csr_mcycle_reg[32]/Q
                                0.00           3.87          -3.87  (VIOLATED) 

   u_core/rvx_core_instance/rvx_core_csr_file_instance/csr_mcycle[33]
                                0.00           3.87          -3.87  (VIOLATED) 
     PIN : u_core/rvx_core_instance/rvx_core_csr_file_instance/csr_mcycle_reg[33]/Q
                                0.00           3.87          -3.87  (VIOLATED) 

   u_core/rvx_core_instance/rvx_core_csr_file_instance/csr_mcycle[34]
                                0.00           3.87          -3.87  (VIOLATED) 
     PIN : u_core/rvx_core_instance/rvx_core_csr_file_instance/csr_mcycle_reg[34]/Q
                                0.00           3.87          -3.87  (VIOLATED) 

   u_core/rvx_core_instance/rvx_core_csr_file_instance/csr_mcycle[35]
                                0.00           3.87          -3.87  (VIOLATED) 
     PIN : u_core/rvx_core_instance/rvx_core_csr_file_instance/csr_mcycle_reg[35]/Q
                                0.00           3.87          -3.87  (VIOLATED) 

   u_core/rvx_core_instance/rvx_core_csr_file_instance/csr_mcycle[36]
                                0.00           3.87          -3.87  (VIOLATED) 
     PIN : u_core/rvx_core_instance/rvx_core_csr_file_instance/csr_mcycle_reg[36]/Q
                                0.00           3.87          -3.87  (VIOLATED) 

   u_core/rvx_core_instance/rvx_core_csr_file_instance/csr_mcycle[37]
                                0.00           3.87          -3.87  (VIOLATED) 
     PIN : u_core/rvx_core_instance/rvx_core_csr_file_instance/csr_mcycle_reg[37]/Q
                                0.00           3.87          -3.87  (VIOLATED) 

   u_core/rvx_core_instance/rvx_core_csr_file_instance/csr_mcycle[38]
                                0.00           3.87          -3.87  (VIOLATED) 
     PIN : u_core/rvx_core_instance/rvx_core_csr_file_instance/csr_mcycle_reg[38]/Q
                                0.00           3.87          -3.87  (VIOLATED) 

   u_core/rvx_core_instance/rvx_core_csr_file_instance/csr_mcycle[39]
                                0.00           3.87          -3.87  (VIOLATED) 
     PIN : u_core/rvx_core_instance/rvx_core_csr_file_instance/csr_mcycle_reg[39]/Q
                                0.00           3.87          -3.87  (VIOLATED) 

   u_core/rvx_core_instance/rvx_core_csr_file_instance/csr_minstret[27]
                                0.00           3.87          -3.87  (VIOLATED) 
     PIN : u_core/rvx_core_instance/rvx_core_csr_file_instance/csr_minstret_reg[27]/Q
                                0.00           3.87          -3.87  (VIOLATED) 

   u_core/rvx_core_instance/rvx_core_csr_file_instance/csr_minstret[28]
                                0.00           3.87          -3.87  (VIOLATED) 
     PIN : u_core/rvx_core_instance/rvx_core_csr_file_instance/csr_minstret_reg[28]/Q
                                0.00           3.87          -3.87  (VIOLATED) 

   u_core/rvx_core_instance/rvx_core_csr_file_instance/csr_minstret[29]
                                0.00           3.87          -3.87  (VIOLATED) 
     PIN : u_core/rvx_core_instance/rvx_core_csr_file_instance/csr_minstret_reg[29]/Q
                                0.00           3.87          -3.87  (VIOLATED) 

   u_core/rvx_core_instance/rvx_core_csr_file_instance/csr_minstret[30]
                                0.00           3.87          -3.87  (VIOLATED) 
     PIN : u_core/rvx_core_instance/rvx_core_csr_file_instance/csr_minstret_reg[30]/Q
                                0.00           3.87          -3.87  (VIOLATED) 

   u_core/rvx_core_instance/rvx_core_csr_file_instance/csr_minstret[31]
                                0.00           3.87          -3.87  (VIOLATED) 
     PIN : u_core/rvx_core_instance/rvx_core_csr_file_instance/csr_minstret_reg[31]/Q
                                0.00           3.87          -3.87  (VIOLATED) 

   u_core/rvx_core_instance/rvx_core_csr_file_instance/csr_mcycle[52]
                                0.00           3.87          -3.87  (VIOLATED) 
     PIN : u_core/rvx_core_instance/rvx_core_csr_file_instance/csr_mcycle_reg[52]/Q
                                0.00           3.87          -3.87  (VIOLATED) 

   u_core/rvx_core_instance/rvx_core_csr_file_instance/csr_mcycle[6]
                                0.00           3.87          -3.87  (VIOLATED) 
     PIN : u_core/rvx_core_instance/rvx_core_csr_file_instance/csr_mcycle_reg[6]/Q
                                0.00           3.87          -3.87  (VIOLATED) 

   u_core/rvx_core_instance/rvx_core_csr_file_instance/csr_mcycle[7]
                                0.00           3.87          -3.87  (VIOLATED) 
     PIN : u_core/rvx_core_instance/rvx_core_csr_file_instance/csr_mcycle_reg[7]/Q
                                0.00           3.87          -3.87  (VIOLATED) 

   u_core/rvx_core_instance/rvx_core_csr_file_instance/csr_mcycle[8]
                                0.00           3.87          -3.87  (VIOLATED) 
     PIN : u_core/rvx_core_instance/rvx_core_csr_file_instance/csr_mcycle_reg[8]/Q
                                0.00           3.87          -3.87  (VIOLATED) 

   u_core/rvx_core_instance/rvx_core_csr_file_instance/csr_mcycle[9]
                                0.00           3.87          -3.87  (VIOLATED) 
     PIN : u_core/rvx_core_instance/rvx_core_csr_file_instance/csr_mcycle_reg[9]/Q
                                0.00           3.87          -3.87  (VIOLATED) 

   u_core/rvx_core_instance/rvx_core_csr_file_instance/csr_minstret[26]
                                0.00           3.87          -3.87  (VIOLATED) 
     PIN : u_core/rvx_core_instance/rvx_core_csr_file_instance/csr_minstret_reg[26]/Q
                                0.00           3.87          -3.87  (VIOLATED) 

   u_core/rvx_core_instance/rvx_core_csr_file_instance/csr_mcycle[42]
                                0.00           3.87          -3.87  (VIOLATED) 
     PIN : u_core/rvx_core_instance/rvx_core_csr_file_instance/csr_mcycle_reg[42]/Q
                                0.00           3.87          -3.87  (VIOLATED) 

   u_core/rvx_core_instance/rvx_core_csr_file_instance/csr_mcycle[43]
                                0.00           3.87          -3.87  (VIOLATED) 
     PIN : u_core/rvx_core_instance/rvx_core_csr_file_instance/csr_mcycle_reg[43]/Q
                                0.00           3.87          -3.87  (VIOLATED) 

   u_core/rvx_core_instance/rvx_core_csr_file_instance/csr_mcycle[44]
                                0.00           3.87          -3.87  (VIOLATED) 
     PIN : u_core/rvx_core_instance/rvx_core_csr_file_instance/csr_mcycle_reg[44]/Q
                                0.00           3.87          -3.87  (VIOLATED) 

   u_core/rvx_core_instance/rvx_core_csr_file_instance/csr_mcycle[45]
                                0.00           3.87          -3.87  (VIOLATED) 
     PIN : u_core/rvx_core_instance/rvx_core_csr_file_instance/csr_mcycle_reg[45]/Q
                                0.00           3.87          -3.87  (VIOLATED) 

   u_core/rvx_core_instance/rvx_core_csr_file_instance/csr_mcycle[46]
                                0.00           3.87          -3.87  (VIOLATED) 
     PIN : u_core/rvx_core_instance/rvx_core_csr_file_instance/csr_mcycle_reg[46]/Q
                                0.00           3.87          -3.87  (VIOLATED) 

   u_core/rvx_core_instance/rvx_core_csr_file_instance/csr_mcycle[47]
                                0.00           3.87          -3.87  (VIOLATED) 
     PIN : u_core/rvx_core_instance/rvx_core_csr_file_instance/csr_mcycle_reg[47]/Q
                                0.00           3.87          -3.87  (VIOLATED) 

   u_core/rvx_core_instance/rvx_core_csr_file_instance/csr_mcycle[48]
                                0.00           3.87          -3.87  (VIOLATED) 
     PIN : u_core/rvx_core_instance/rvx_core_csr_file_instance/csr_mcycle_reg[48]/Q
                                0.00           3.87          -3.87  (VIOLATED) 

   u_core/rvx_core_instance/rvx_core_csr_file_instance/csr_mcycle[49]
                                0.00           3.87          -3.87  (VIOLATED) 
     PIN : u_core/rvx_core_instance/rvx_core_csr_file_instance/csr_mcycle_reg[49]/Q
                                0.00           3.87          -3.87  (VIOLATED) 

   u_core/rvx_core_instance/rvx_core_csr_file_instance/csr_mcycle[50]
                                0.00           3.87          -3.87  (VIOLATED) 
     PIN : u_core/rvx_core_instance/rvx_core_csr_file_instance/csr_mcycle_reg[50]/Q
                                0.00           3.87          -3.87  (VIOLATED) 

   u_core/rvx_core_instance/rvx_core_csr_file_instance/csr_mcycle[51]
                                0.00           3.87          -3.87  (VIOLATED) 
     PIN : u_core/rvx_core_instance/rvx_core_csr_file_instance/csr_mcycle_reg[51]/Q
                                0.00           3.87          -3.87  (VIOLATED) 

   u_core/rvx_core_instance/rvx_core_csr_file_instance/csr_mcycle[53]
                                0.00           3.87          -3.87  (VIOLATED) 
     PIN : u_core/rvx_core_instance/rvx_core_csr_file_instance/csr_mcycle_reg[53]/Q
                                0.00           3.87          -3.87  (VIOLATED) 

   u_core/rvx_core_instance/rvx_core_csr_file_instance/csr_mcycle[54]
                                0.00           3.87          -3.87  (VIOLATED) 
     PIN : u_core/rvx_core_instance/rvx_core_csr_file_instance/csr_mcycle_reg[54]/Q
                                0.00           3.87          -3.87  (VIOLATED) 

   u_core/rvx_core_instance/rvx_core_csr_file_instance/csr_mcycle[55]
                                0.00           3.87          -3.87  (VIOLATED) 
     PIN : u_core/rvx_core_instance/rvx_core_csr_file_instance/csr_mcycle_reg[55]/Q
                                0.00           3.87          -3.87  (VIOLATED) 

   u_core/rvx_core_instance/rvx_core_csr_file_instance/csr_mcycle[56]
                                0.00           3.87          -3.87  (VIOLATED) 
     PIN : u_core/rvx_core_instance/rvx_core_csr_file_instance/csr_mcycle_reg[56]/Q
                                0.00           3.87          -3.87  (VIOLATED) 

   u_core/rvx_core_instance/rvx_core_csr_file_instance/csr_mcycle[57]
                                0.00           3.87          -3.87  (VIOLATED) 
     PIN : u_core/rvx_core_instance/rvx_core_csr_file_instance/csr_mcycle_reg[57]/Q
                                0.00           3.87          -3.87  (VIOLATED) 

   u_core/rvx_core_instance/rvx_core_csr_file_instance/csr_mcycle[58]
                                0.00           3.87          -3.87  (VIOLATED) 
     PIN : u_core/rvx_core_instance/rvx_core_csr_file_instance/csr_mcycle_reg[58]/Q
                                0.00           3.87          -3.87  (VIOLATED) 

   u_core/rvx_core_instance/rvx_core_csr_file_instance/csr_mcycle[59]
                                0.00           3.87          -3.87  (VIOLATED) 
     PIN : u_core/rvx_core_instance/rvx_core_csr_file_instance/csr_mcycle_reg[59]/Q
                                0.00           3.87          -3.87  (VIOLATED) 

   u_core/rvx_core_instance/rvx_core_csr_file_instance/csr_mcycle[60]
                                0.00           3.87          -3.87  (VIOLATED) 
     PIN : u_core/rvx_core_instance/rvx_core_csr_file_instance/csr_mcycle_reg[60]/Q
                                0.00           3.87          -3.87  (VIOLATED) 

   u_core/rvx_core_instance/rvx_core_csr_file_instance/csr_mcycle[61]
                                0.00           3.87          -3.87  (VIOLATED) 
     PIN : u_core/rvx_core_instance/rvx_core_csr_file_instance/csr_mcycle_reg[61]/Q
                                0.00           3.87          -3.87  (VIOLATED) 

   u_core/rvx_core_instance/rvx_core_csr_file_instance/csr_mcycle[62]
                                0.00           3.87          -3.87  (VIOLATED) 
     PIN : u_core/rvx_core_instance/rvx_core_csr_file_instance/csr_mcycle_reg[62]/Q
                                0.00           3.87          -3.87  (VIOLATED) 

   u_core/rvx_core_instance/rvx_core_csr_file_instance/csr_mcycle[63]
                                0.00           3.87          -3.87  (VIOLATED) 
     PIN : u_core/rvx_core_instance/rvx_core_csr_file_instance/csr_mcycle_reg[63]/Q
                                0.00           3.87          -3.87  (VIOLATED) 

   u_core/rvx_core_instance/rvx_core_csr_file_instance/csr_mcycle[10]
                                0.00           3.87          -3.87  (VIOLATED) 
     PIN : u_core/rvx_core_instance/rvx_core_csr_file_instance/csr_mcycle_reg[10]/Q
                                0.00           3.87          -3.87  (VIOLATED) 

   u_core/rvx_core_instance/rvx_core_csr_file_instance/csr_mcycle[11]
                                0.00           3.87          -3.87  (VIOLATED) 
     PIN : u_core/rvx_core_instance/rvx_core_csr_file_instance/csr_mcycle_reg[11]/Q
                                0.00           3.87          -3.87  (VIOLATED) 

   u_core/rvx_core_instance/rvx_core_csr_file_instance/csr_mcycle[12]
                                0.00           3.87          -3.87  (VIOLATED) 
     PIN : u_core/rvx_core_instance/rvx_core_csr_file_instance/csr_mcycle_reg[12]/Q
                                0.00           3.87          -3.87  (VIOLATED) 

   u_core/rvx_core_instance/immediate_s1[23]
                                0.00           3.86          -3.86  (VIOLATED) 
     PIN : u_core/rvx_core_instance/rvx_core_immediate_gen_instance/C85/Z[23]
                                0.00           3.86          -3.86  (VIOLATED) 

   u_core/rvx_core_instance/immediate_s1[24]
                                0.00           3.86          -3.86  (VIOLATED) 
     PIN : u_core/rvx_core_instance/rvx_core_immediate_gen_instance/C85/Z[24]
                                0.00           3.86          -3.86  (VIOLATED) 

   u_core/rvx_core_instance/immediate_s1[15]
                                0.00           3.86          -3.86  (VIOLATED) 
     PIN : u_core/rvx_core_instance/rvx_core_immediate_gen_instance/C85/Z[15]
                                0.00           3.86          -3.86  (VIOLATED) 

   u_core/rvx_core_instance/immediate_s1[16]
                                0.00           3.86          -3.86  (VIOLATED) 
     PIN : u_core/rvx_core_instance/rvx_core_immediate_gen_instance/C85/Z[16]
                                0.00           3.86          -3.86  (VIOLATED) 

   u_core/rvx_core_instance/immediate_s1[17]
                                0.00           3.86          -3.86  (VIOLATED) 
     PIN : u_core/rvx_core_instance/rvx_core_immediate_gen_instance/C85/Z[17]
                                0.00           3.86          -3.86  (VIOLATED) 

   u_core/rvx_core_instance/immediate_s1[18]
                                0.00           3.86          -3.86  (VIOLATED) 
     PIN : u_core/rvx_core_instance/rvx_core_immediate_gen_instance/C85/Z[18]
                                0.00           3.86          -3.86  (VIOLATED) 

   u_core/rvx_core_instance/immediate_s1[19]
                                0.00           3.86          -3.86  (VIOLATED) 
     PIN : u_core/rvx_core_instance/rvx_core_immediate_gen_instance/C85/Z[19]
                                0.00           3.86          -3.86  (VIOLATED) 

   u_core/rvx_core_instance/immediate_s1[20]
                                0.00           3.86          -3.86  (VIOLATED) 
     PIN : u_core/rvx_core_instance/rvx_core_immediate_gen_instance/C85/Z[20]
                                0.00           3.86          -3.86  (VIOLATED) 

   u_core/rvx_core_instance/immediate_s1[21]
                                0.00           3.86          -3.86  (VIOLATED) 
     PIN : u_core/rvx_core_instance/rvx_core_immediate_gen_instance/C85/Z[21]
                                0.00           3.86          -3.86  (VIOLATED) 

   u_core/rvx_core_instance/immediate_s1[22]
                                0.00           3.86          -3.86  (VIOLATED) 
     PIN : u_core/rvx_core_instance/rvx_core_immediate_gen_instance/C85/Z[22]
                                0.00           3.86          -3.86  (VIOLATED) 

   u_core/rvx_core_instance/immediate_s1[2]
                                0.00           3.86          -3.86  (VIOLATED) 
     PIN : u_core/rvx_core_instance/rvx_core_immediate_gen_instance/C85/Z[2]
                                0.00           3.86          -3.86  (VIOLATED) 

   u_core/rvx_core_instance/immediate_s1[25]
                                0.00           3.86          -3.86  (VIOLATED) 
     PIN : u_core/rvx_core_instance/rvx_core_immediate_gen_instance/C85/Z[25]
                                0.00           3.86          -3.86  (VIOLATED) 

   u_core/rvx_core_instance/immediate_s1[26]
                                0.00           3.86          -3.86  (VIOLATED) 
     PIN : u_core/rvx_core_instance/rvx_core_immediate_gen_instance/C85/Z[26]
                                0.00           3.86          -3.86  (VIOLATED) 

   u_core/rvx_core_instance/immediate_s1[27]
                                0.00           3.86          -3.86  (VIOLATED) 
     PIN : u_core/rvx_core_instance/rvx_core_immediate_gen_instance/C85/Z[27]
                                0.00           3.86          -3.86  (VIOLATED) 

   u_core/rvx_core_instance/immediate_s1[28]
                                0.00           3.86          -3.86  (VIOLATED) 
     PIN : u_core/rvx_core_instance/rvx_core_immediate_gen_instance/C85/Z[28]
                                0.00           3.86          -3.86  (VIOLATED) 

   u_core/rvx_core_instance/immediate_s1[29]
                                0.00           3.86          -3.86  (VIOLATED) 
     PIN : u_core/rvx_core_instance/rvx_core_immediate_gen_instance/C85/Z[29]
                                0.00           3.86          -3.86  (VIOLATED) 

   u_core/rvx_core_instance/immediate_s1[30]
                                0.00           3.86          -3.86  (VIOLATED) 
     PIN : u_core/rvx_core_instance/rvx_core_immediate_gen_instance/C85/Z[30]
                                0.00           3.86          -3.86  (VIOLATED) 

   u_core/rvx_core_instance/immediate_s1[31]
                                0.00           3.86          -3.86  (VIOLATED) 
     PIN : u_core/rvx_core_instance/rvx_core_immediate_gen_instance/C85/Z[31]
                                0.00           3.86          -3.86  (VIOLATED) 

   u_core/rvx_core_instance/immediate_s1[13]
                                0.00           3.86          -3.86  (VIOLATED) 
     PIN : u_core/rvx_core_instance/rvx_core_immediate_gen_instance/C85/Z[13]
                                0.00           3.86          -3.86  (VIOLATED) 

   u_core/rvx_core_instance/immediate_s1[1]
                                0.00           3.86          -3.86  (VIOLATED) 
     PIN : u_core/rvx_core_instance/rvx_core_immediate_gen_instance/C85/Z[1]
                                0.00           3.86          -3.86  (VIOLATED) 

   u_core/rvx_core_instance/immediate_s1[3]
                                0.00           3.86          -3.86  (VIOLATED) 
     PIN : u_core/rvx_core_instance/rvx_core_immediate_gen_instance/C85/Z[3]
                                0.00           3.86          -3.86  (VIOLATED) 

   u_core/rvx_core_instance/immediate_s1[4]
                                0.00           3.86          -3.86  (VIOLATED) 
     PIN : u_core/rvx_core_instance/rvx_core_immediate_gen_instance/C85/Z[4]
                                0.00           3.86          -3.86  (VIOLATED) 

   u_core/rvx_core_instance/immediate_s1[5]
                                0.00           3.86          -3.86  (VIOLATED) 
     PIN : u_core/rvx_core_instance/rvx_core_immediate_gen_instance/C85/Z[5]
                                0.00           3.86          -3.86  (VIOLATED) 

   u_core/rvx_core_instance/immediate_s1[6]
                                0.00           3.86          -3.86  (VIOLATED) 
     PIN : u_core/rvx_core_instance/rvx_core_immediate_gen_instance/C85/Z[6]
                                0.00           3.86          -3.86  (VIOLATED) 

   u_core/rvx_core_instance/immediate_s1[7]
                                0.00           3.86          -3.86  (VIOLATED) 
     PIN : u_core/rvx_core_instance/rvx_core_immediate_gen_instance/C85/Z[7]
                                0.00           3.86          -3.86  (VIOLATED) 

   u_core/rvx_core_instance/immediate_s1[8]
                                0.00           3.86          -3.86  (VIOLATED) 
     PIN : u_core/rvx_core_instance/rvx_core_immediate_gen_instance/C85/Z[8]
                                0.00           3.86          -3.86  (VIOLATED) 

   u_core/rvx_core_instance/immediate_s1[9]
                                0.00           3.86          -3.86  (VIOLATED) 
     PIN : u_core/rvx_core_instance/rvx_core_immediate_gen_instance/C85/Z[9]
                                0.00           3.86          -3.86  (VIOLATED) 

   u_core/rvx_core_instance/immediate_s1[10]
                                0.00           3.86          -3.86  (VIOLATED) 
     PIN : u_core/rvx_core_instance/rvx_core_immediate_gen_instance/C85/Z[10]
                                0.00           3.86          -3.86  (VIOLATED) 

   u_core/rvx_core_instance/immediate_s1[11]
                                0.00           3.86          -3.86  (VIOLATED) 
     PIN : u_core/rvx_core_instance/rvx_core_immediate_gen_instance/C85/Z[11]
                                0.00           3.86          -3.86  (VIOLATED) 

   u_core/rvx_core_instance/immediate_s1[12]
                                0.00           3.86          -3.86  (VIOLATED) 
     PIN : u_core/rvx_core_instance/rvx_core_immediate_gen_instance/C85/Z[12]
                                0.00           3.86          -3.86  (VIOLATED) 

   u_core/rvx_core_instance/immediate_s1[14]
                                0.00           3.86          -3.86  (VIOLATED) 
     PIN : u_core/rvx_core_instance/rvx_core_immediate_gen_instance/C85/Z[14]
                                0.00           3.86          -3.86  (VIOLATED) 

   u_core/rvx_i2c_instance/shift_counter[1]
                                0.00           3.71          -3.71  (VIOLATED) 
     PIN : u_core/rvx_i2c_instance/shift_counter_reg[1]/Q
                                0.00           3.71          -3.71  (VIOLATED) 

   u_core/rvx_i2c_instance/shift_counter[2]
                                0.00           3.71          -3.71  (VIOLATED) 
     PIN : u_core/rvx_i2c_instance/shift_counter_reg[2]/Q
                                0.00           3.71          -3.71  (VIOLATED) 

   u_core/rvx_i2c_instance/shift_counter[3]
                                0.00           3.71          -3.71  (VIOLATED) 
     PIN : u_core/rvx_i2c_instance/shift_counter_reg[3]/Q
                                0.00           3.71          -3.71  (VIOLATED) 

   u_core/rvx_i2c_instance/shift_counter[4]
                                0.00           3.71          -3.71  (VIOLATED) 
     PIN : u_core/rvx_i2c_instance/shift_counter_reg[4]/Q
                                0.00           3.71          -3.71  (VIOLATED) 

   u_core/ibus_address[0]       0.00           3.69          -3.69  (VIOLATED) 
     PIN : u_core/rvx_core_instance/rvx_core_bus_controller_instance/C515/Z[0]
                                0.00           3.69          -3.69  (VIOLATED) 

   u_core/rvx_spi_instance/divider[9]
                                0.00           3.10          -3.10  (VIOLATED) 
     PIN : u_core/rvx_spi_instance/divider_reg[9]/Q
                                0.00           3.10          -3.10  (VIOLATED) 

   u_core/rvx_spi_instance/divider[14]
                                0.00           3.10          -3.10  (VIOLATED) 
     PIN : u_core/rvx_spi_instance/divider_reg[14]/Q
                                0.00           3.10          -3.10  (VIOLATED) 

   u_core/rvx_spi_instance/divider[13]
                                0.00           3.10          -3.10  (VIOLATED) 
     PIN : u_core/rvx_spi_instance/divider_reg[13]/Q
                                0.00           3.10          -3.10  (VIOLATED) 

   u_core/rvx_spi_instance/divider[12]
                                0.00           3.10          -3.10  (VIOLATED) 
     PIN : u_core/rvx_spi_instance/divider_reg[12]/Q
                                0.00           3.10          -3.10  (VIOLATED) 

   u_core/rvx_spi_instance/divider[11]
                                0.00           3.10          -3.10  (VIOLATED) 
     PIN : u_core/rvx_spi_instance/divider_reg[11]/Q
                                0.00           3.10          -3.10  (VIOLATED) 

   u_core/rvx_spi_instance/divider[10]
                                0.00           3.10          -3.10  (VIOLATED) 
     PIN : u_core/rvx_spi_instance/divider_reg[10]/Q
                                0.00           3.10          -3.10  (VIOLATED) 

   u_core/rvx_spi_instance/divider[8]
                                0.00           3.10          -3.10  (VIOLATED) 
     PIN : u_core/rvx_spi_instance/divider_reg[8]/Q
                                0.00           3.10          -3.10  (VIOLATED) 

   u_core/rvx_spi_instance/divider[7]
                                0.00           3.10          -3.10  (VIOLATED) 
     PIN : u_core/rvx_spi_instance/divider_reg[7]/Q
                                0.00           3.10          -3.10  (VIOLATED) 

   u_core/rvx_spi_instance/divider[6]
                                0.00           3.10          -3.10  (VIOLATED) 
     PIN : u_core/rvx_spi_instance/divider_reg[6]/Q
                                0.00           3.10          -3.10  (VIOLATED) 

   u_core/rvx_spi_instance/divider[5]
                                0.00           3.10          -3.10  (VIOLATED) 
     PIN : u_core/rvx_spi_instance/divider_reg[5]/Q
                                0.00           3.10          -3.10  (VIOLATED) 

   u_core/rvx_spi_instance/divider[4]
                                0.00           3.10          -3.10  (VIOLATED) 
     PIN : u_core/rvx_spi_instance/divider_reg[4]/Q
                                0.00           3.10          -3.10  (VIOLATED) 

   u_core/rvx_spi_instance/divider[3]
                                0.00           3.10          -3.10  (VIOLATED) 
     PIN : u_core/rvx_spi_instance/divider_reg[3]/Q
                                0.00           3.10          -3.10  (VIOLATED) 

   u_core/rvx_spi_instance/divider[2]
                                0.00           3.10          -3.10  (VIOLATED) 
     PIN : u_core/rvx_spi_instance/divider_reg[2]/Q
                                0.00           3.10          -3.10  (VIOLATED) 

   u_core/rvx_spi_instance/divider[1]
                                0.00           3.10          -3.10  (VIOLATED) 
     PIN : u_core/rvx_spi_instance/divider_reg[1]/Q
                                0.00           3.10          -3.10  (VIOLATED) 

   u_core/rvx_spi_instance/divider[0]
                                0.00           3.10          -3.10  (VIOLATED) 
     PIN : u_core/rvx_spi_instance/divider_reg[0]/Q
                                0.00           3.10          -3.10  (VIOLATED) 

   u_core/rvx_uart_instance/tx_bit_counter[2]
                                0.00           3.08          -3.08  (VIOLATED) 
     PIN : u_core/rvx_uart_instance/tx_bit_counter_reg[2]/Q
                                0.00           3.08          -3.08  (VIOLATED) 

   u_core/rvx_uart_instance/tx_bit_counter[1]
                                0.00           3.08          -3.08  (VIOLATED) 
     PIN : u_core/rvx_uart_instance/tx_bit_counter_reg[1]/Q
                                0.00           3.08          -3.08  (VIOLATED) 

   u_core/timer[63]             0.00           2.91          -2.91  (VIOLATED) 
     PIN : u_core/rvx_timer_instance/counter_reg[63]/Q
                                0.00           2.91          -2.91  (VIOLATED) 

   u_core/rvx_uart_instance/tx_bit_counter[3]
                                0.00           2.91          -2.91  (VIOLATED) 
     PIN : u_core/rvx_uart_instance/tx_bit_counter_reg[3]/Q
                                0.00           2.91          -2.91  (VIOLATED) 

   u_core/rvx_uart_instance/tx_cycle_counter[31]
                                0.00           2.91          -2.91  (VIOLATED) 
     PIN : u_core/rvx_uart_instance/tx_cycle_counter_reg[31]/Q
                                0.00           2.91          -2.91  (VIOLATED) 

   u_core/rvx_i2c_instance/shift_counter[5]
                                0.00           2.91          -2.91  (VIOLATED) 
     PIN : u_core/rvx_i2c_instance/shift_counter_reg[5]/Q
                                0.00           2.91          -2.91  (VIOLATED) 

   u_core/rvx_uart_instance/tx_bit_counter[0]
                                0.00           2.77          -2.77  (VIOLATED) 
     PIN : u_core/rvx_uart_instance/tx_bit_counter_reg[0]/Q
                                0.00           2.77          -2.77  (VIOLATED) 

   u_core/rvx_uart_instance/cycles_per_baud[31]
                                0.00           2.73          -2.73  (VIOLATED) 
     PIN : u_core/rvx_uart_instance/cycles_per_baud_reg[31]/Q
                                0.00           2.73          -2.73  (VIOLATED) 

   u_core/rvx_i2c_instance/shift_counter[0]
                                0.00           2.55          -2.55  (VIOLATED) 
     PIN : u_core/rvx_i2c_instance/shift_counter_reg[0]/Q
                                0.00           2.55          -2.55  (VIOLATED) 

   u_core/ibus_address[1]       0.00           2.33          -2.33  (VIOLATED) 
     PIN : u_core/rvx_core_instance/rvx_core_bus_controller_instance/C515/Z[1]
                                0.00           2.33          -2.33  (VIOLATED) 

   u_core/rvx_uart_instance/cycles_per_baud[27]
                                0.00           2.33          -2.33  (VIOLATED) 
     PIN : u_core/rvx_uart_instance/cycles_per_baud_reg[27]/Q
                                0.00           2.33          -2.33  (VIOLATED) 

   u_core/rvx_uart_instance/cycles_per_baud[2]
                                0.00           2.33          -2.33  (VIOLATED) 
     PIN : u_core/rvx_uart_instance/cycles_per_baud_reg[2]/Q
                                0.00           2.33          -2.33  (VIOLATED) 

   u_core/rvx_uart_instance/cycles_per_baud[1]
                                0.00           2.33          -2.33  (VIOLATED) 
     PIN : u_core/rvx_uart_instance/cycles_per_baud_reg[1]/Q
                                0.00           2.33          -2.33  (VIOLATED) 

   u_core/rvx_uart_instance/cycles_per_baud[22]
                                0.00           2.33          -2.33  (VIOLATED) 
     PIN : u_core/rvx_uart_instance/cycles_per_baud_reg[22]/Q
                                0.00           2.33          -2.33  (VIOLATED) 

   u_core/rvx_uart_instance/cycles_per_baud[3]
                                0.00           2.33          -2.33  (VIOLATED) 
     PIN : u_core/rvx_uart_instance/cycles_per_baud_reg[3]/Q
                                0.00           2.33          -2.33  (VIOLATED) 

   u_core/rvx_uart_instance/cycles_per_baud[23]
                                0.00           2.33          -2.33  (VIOLATED) 
     PIN : u_core/rvx_uart_instance/cycles_per_baud_reg[23]/Q
                                0.00           2.33          -2.33  (VIOLATED) 

   u_core/rvx_uart_instance/cycles_per_baud[24]
                                0.00           2.33          -2.33  (VIOLATED) 
     PIN : u_core/rvx_uart_instance/cycles_per_baud_reg[24]/Q
                                0.00           2.33          -2.33  (VIOLATED) 

   u_core/rvx_uart_instance/cycles_per_baud[25]
                                0.00           2.33          -2.33  (VIOLATED) 
     PIN : u_core/rvx_uart_instance/cycles_per_baud_reg[25]/Q
                                0.00           2.33          -2.33  (VIOLATED) 

   u_core/rvx_uart_instance/cycles_per_baud[26]
                                0.00           2.33          -2.33  (VIOLATED) 
     PIN : u_core/rvx_uart_instance/cycles_per_baud_reg[26]/Q
                                0.00           2.33          -2.33  (VIOLATED) 

   u_core/rvx_uart_instance/cycles_per_baud[21]
                                0.00           2.33          -2.33  (VIOLATED) 
     PIN : u_core/rvx_uart_instance/cycles_per_baud_reg[21]/Q
                                0.00           2.33          -2.33  (VIOLATED) 

   u_core/rvx_uart_instance/cycles_per_baud[12]
                                0.00           2.33          -2.33  (VIOLATED) 
     PIN : u_core/rvx_uart_instance/cycles_per_baud_reg[12]/Q
                                0.00           2.33          -2.33  (VIOLATED) 

   u_core/rvx_uart_instance/cycles_per_baud[20]
                                0.00           2.33          -2.33  (VIOLATED) 
     PIN : u_core/rvx_uart_instance/cycles_per_baud_reg[20]/Q
                                0.00           2.33          -2.33  (VIOLATED) 

   u_core/rvx_uart_instance/cycles_per_baud[19]
                                0.00           2.33          -2.33  (VIOLATED) 
     PIN : u_core/rvx_uart_instance/cycles_per_baud_reg[19]/Q
                                0.00           2.33          -2.33  (VIOLATED) 

   u_core/rvx_uart_instance/cycles_per_baud[18]
                                0.00           2.33          -2.33  (VIOLATED) 
     PIN : u_core/rvx_uart_instance/cycles_per_baud_reg[18]/Q
                                0.00           2.33          -2.33  (VIOLATED) 

   u_core/rvx_uart_instance/cycles_per_baud[17]
                                0.00           2.33          -2.33  (VIOLATED) 
     PIN : u_core/rvx_uart_instance/cycles_per_baud_reg[17]/Q
                                0.00           2.33          -2.33  (VIOLATED) 

   u_core/rvx_uart_instance/cycles_per_baud[16]
                                0.00           2.33          -2.33  (VIOLATED) 
     PIN : u_core/rvx_uart_instance/cycles_per_baud_reg[16]/Q
                                0.00           2.33          -2.33  (VIOLATED) 

   u_core/rvx_uart_instance/cycles_per_baud[15]
                                0.00           2.33          -2.33  (VIOLATED) 
     PIN : u_core/rvx_uart_instance/cycles_per_baud_reg[15]/Q
                                0.00           2.33          -2.33  (VIOLATED) 

   u_core/rvx_uart_instance/cycles_per_baud[14]
                                0.00           2.33          -2.33  (VIOLATED) 
     PIN : u_core/rvx_uart_instance/cycles_per_baud_reg[14]/Q
                                0.00           2.33          -2.33  (VIOLATED) 

   u_core/rvx_uart_instance/cycles_per_baud[13]
                                0.00           2.33          -2.33  (VIOLATED) 
     PIN : u_core/rvx_uart_instance/cycles_per_baud_reg[13]/Q
                                0.00           2.33          -2.33  (VIOLATED) 

   u_core/rvx_uart_instance/cycles_per_baud[4]
                                0.00           2.33          -2.33  (VIOLATED) 
     PIN : u_core/rvx_uart_instance/cycles_per_baud_reg[4]/Q
                                0.00           2.33          -2.33  (VIOLATED) 

   u_core/rvx_uart_instance/cycles_per_baud[11]
                                0.00           2.33          -2.33  (VIOLATED) 
     PIN : u_core/rvx_uart_instance/cycles_per_baud_reg[11]/Q
                                0.00           2.33          -2.33  (VIOLATED) 

   u_core/rvx_uart_instance/cycles_per_baud[10]
                                0.00           2.33          -2.33  (VIOLATED) 
     PIN : u_core/rvx_uart_instance/cycles_per_baud_reg[10]/Q
                                0.00           2.33          -2.33  (VIOLATED) 

   u_core/rvx_uart_instance/cycles_per_baud[9]
                                0.00           2.33          -2.33  (VIOLATED) 
     PIN : u_core/rvx_uart_instance/cycles_per_baud_reg[9]/Q
                                0.00           2.33          -2.33  (VIOLATED) 

   u_core/rvx_uart_instance/cycles_per_baud[8]
                                0.00           2.33          -2.33  (VIOLATED) 
     PIN : u_core/rvx_uart_instance/cycles_per_baud_reg[8]/Q
                                0.00           2.33          -2.33  (VIOLATED) 

   u_core/rvx_uart_instance/cycles_per_baud[7]
                                0.00           2.33          -2.33  (VIOLATED) 
     PIN : u_core/rvx_uart_instance/cycles_per_baud_reg[7]/Q
                                0.00           2.33          -2.33  (VIOLATED) 

   u_core/rvx_uart_instance/cycles_per_baud[6]
                                0.00           2.33          -2.33  (VIOLATED) 
     PIN : u_core/rvx_uart_instance/cycles_per_baud_reg[6]/Q
                                0.00           2.33          -2.33  (VIOLATED) 

   u_core/rvx_uart_instance/cycles_per_baud[5]
                                0.00           2.33          -2.33  (VIOLATED) 
     PIN : u_core/rvx_uart_instance/cycles_per_baud_reg[5]/Q
                                0.00           2.33          -2.33  (VIOLATED) 

   u_core/rvx_uart_instance/cycles_per_baud[29]
                                0.00           2.33          -2.33  (VIOLATED) 
     PIN : u_core/rvx_uart_instance/cycles_per_baud_reg[29]/Q
                                0.00           2.33          -2.33  (VIOLATED) 

   u_core/rvx_core_instance/program_counter_s1[0]
                                0.00           2.33          -2.33  (VIOLATED) 
     PIN : u_core/rvx_core_instance/program_counter_s1_reg[0]/Q
                                0.00           2.33          -2.33  (VIOLATED) 

   u_core/rvx_uart_instance/cycles_per_baud[28]
                                0.00           2.33          -2.33  (VIOLATED) 
     PIN : u_core/rvx_uart_instance/cycles_per_baud_reg[28]/Q
                                0.00           2.33          -2.33  (VIOLATED) 

   u_core/rvx_uart_instance/cycles_per_baud[30]
                                0.00           2.33          -2.33  (VIOLATED) 
     PIN : u_core/rvx_uart_instance/cycles_per_baud_reg[30]/Q
                                0.00           2.33          -2.33  (VIOLATED) 

   u_core/ibus_address[28]      0.00           2.27          -2.27  (VIOLATED) 
     PIN : u_core/rvx_core_instance/rvx_core_bus_controller_instance/C515/Z[28]
                                0.00           2.27          -2.27  (VIOLATED) 

   u_core/ibus_address[27]      0.00           2.27          -2.27  (VIOLATED) 
     PIN : u_core/rvx_core_instance/rvx_core_bus_controller_instance/C515/Z[27]
                                0.00           2.27          -2.27  (VIOLATED) 

   u_core/ibus_address[26]      0.00           2.27          -2.27  (VIOLATED) 
     PIN : u_core/rvx_core_instance/rvx_core_bus_controller_instance/C515/Z[26]
                                0.00           2.27          -2.27  (VIOLATED) 

   u_core/ibus_address[25]      0.00           2.27          -2.27  (VIOLATED) 
     PIN : u_core/rvx_core_instance/rvx_core_bus_controller_instance/C515/Z[25]
                                0.00           2.27          -2.27  (VIOLATED) 

   u_core/ibus_address[24]      0.00           2.27          -2.27  (VIOLATED) 
     PIN : u_core/rvx_core_instance/rvx_core_bus_controller_instance/C515/Z[24]
                                0.00           2.27          -2.27  (VIOLATED) 

   u_core/ibus_address[30]      0.00           2.27          -2.27  (VIOLATED) 
     PIN : u_core/rvx_core_instance/rvx_core_bus_controller_instance/C515/Z[30]
                                0.00           2.27          -2.27  (VIOLATED) 

   u_core/ibus_address[23]      0.00           2.27          -2.27  (VIOLATED) 
     PIN : u_core/rvx_core_instance/rvx_core_bus_controller_instance/C515/Z[23]
                                0.00           2.27          -2.27  (VIOLATED) 

   u_core/ibus_address[22]      0.00           2.27          -2.27  (VIOLATED) 
     PIN : u_core/rvx_core_instance/rvx_core_bus_controller_instance/C515/Z[22]
                                0.00           2.27          -2.27  (VIOLATED) 

   u_core/ibus_address[21]      0.00           2.27          -2.27  (VIOLATED) 
     PIN : u_core/rvx_core_instance/rvx_core_bus_controller_instance/C515/Z[21]
                                0.00           2.27          -2.27  (VIOLATED) 

   u_core/ibus_address[20]      0.00           2.27          -2.27  (VIOLATED) 
     PIN : u_core/rvx_core_instance/rvx_core_bus_controller_instance/C515/Z[20]
                                0.00           2.27          -2.27  (VIOLATED) 

   u_core/ibus_address[19]      0.00           2.27          -2.27  (VIOLATED) 
     PIN : u_core/rvx_core_instance/rvx_core_bus_controller_instance/C515/Z[19]
                                0.00           2.27          -2.27  (VIOLATED) 

   u_core/ibus_address[18]      0.00           2.27          -2.27  (VIOLATED) 
     PIN : u_core/rvx_core_instance/rvx_core_bus_controller_instance/C515/Z[18]
                                0.00           2.27          -2.27  (VIOLATED) 

   u_core/ibus_address[17]      0.00           2.27          -2.27  (VIOLATED) 
     PIN : u_core/rvx_core_instance/rvx_core_bus_controller_instance/C515/Z[17]
                                0.00           2.27          -2.27  (VIOLATED) 

   u_core/ibus_address[29]      0.00           2.27          -2.27  (VIOLATED) 
     PIN : u_core/rvx_core_instance/rvx_core_bus_controller_instance/C515/Z[29]
                                0.00           2.27          -2.27  (VIOLATED) 

   u_core/ibus_address[16]      0.00           2.27          -2.27  (VIOLATED) 
     PIN : u_core/rvx_core_instance/rvx_core_bus_controller_instance/C515/Z[16]
                                0.00           2.27          -2.27  (VIOLATED) 

   u_core/ibus_address[15]      0.00           2.27          -2.27  (VIOLATED) 
     PIN : u_core/rvx_core_instance/rvx_core_bus_controller_instance/C515/Z[15]
                                0.00           2.27          -2.27  (VIOLATED) 

   u_core/ibus_address[14]      0.00           2.27          -2.27  (VIOLATED) 
     PIN : u_core/rvx_core_instance/rvx_core_bus_controller_instance/C515/Z[14]
                                0.00           2.27          -2.27  (VIOLATED) 

   u_core/ibus_address[13]      0.00           2.27          -2.27  (VIOLATED) 
     PIN : u_core/rvx_core_instance/rvx_core_bus_controller_instance/C515/Z[13]
                                0.00           2.27          -2.27  (VIOLATED) 

   u_core/ibus_address[12]      0.00           2.27          -2.27  (VIOLATED) 
     PIN : u_core/rvx_core_instance/rvx_core_bus_controller_instance/C515/Z[12]
                                0.00           2.27          -2.27  (VIOLATED) 

   u_core/ibus_address[11]      0.00           2.27          -2.27  (VIOLATED) 
     PIN : u_core/rvx_core_instance/rvx_core_bus_controller_instance/C515/Z[11]
                                0.00           2.27          -2.27  (VIOLATED) 

   u_core/ibus_address[10]      0.00           2.27          -2.27  (VIOLATED) 
     PIN : u_core/rvx_core_instance/rvx_core_bus_controller_instance/C515/Z[10]
                                0.00           2.27          -2.27  (VIOLATED) 

   u_core/ibus_address[9]       0.00           2.27          -2.27  (VIOLATED) 
     PIN : u_core/rvx_core_instance/rvx_core_bus_controller_instance/C515/Z[9]
                                0.00           2.27          -2.27  (VIOLATED) 

   u_core/ibus_address[8]       0.00           2.27          -2.27  (VIOLATED) 
     PIN : u_core/rvx_core_instance/rvx_core_bus_controller_instance/C515/Z[8]
                                0.00           2.27          -2.27  (VIOLATED) 

   u_core/ibus_address[7]       0.00           2.27          -2.27  (VIOLATED) 
     PIN : u_core/rvx_core_instance/rvx_core_bus_controller_instance/C515/Z[7]
                                0.00           2.27          -2.27  (VIOLATED) 

   u_core/ibus_address[6]       0.00           2.27          -2.27  (VIOLATED) 
     PIN : u_core/rvx_core_instance/rvx_core_bus_controller_instance/C515/Z[6]
                                0.00           2.27          -2.27  (VIOLATED) 

   u_core/ibus_address[5]       0.00           2.27          -2.27  (VIOLATED) 
     PIN : u_core/rvx_core_instance/rvx_core_bus_controller_instance/C515/Z[5]
                                0.00           2.27          -2.27  (VIOLATED) 

   u_core/ibus_address[4]       0.00           2.27          -2.27  (VIOLATED) 
     PIN : u_core/rvx_core_instance/rvx_core_bus_controller_instance/C515/Z[4]
                                0.00           2.27          -2.27  (VIOLATED) 

   u_core/ibus_address[3]       0.00           2.27          -2.27  (VIOLATED) 
     PIN : u_core/rvx_core_instance/rvx_core_bus_controller_instance/C515/Z[3]
                                0.00           2.27          -2.27  (VIOLATED) 

   u_core/ibus_address[2]       0.00           2.27          -2.27  (VIOLATED) 
     PIN : u_core/rvx_core_instance/rvx_core_bus_controller_instance/C515/Z[2]
                                0.00           2.27          -2.27  (VIOLATED) 

   u_core/rvx_core_instance/rs2_data_s1[31]
                                0.00           1.96          -1.96  (VIOLATED) 
     PIN : u_core/rvx_core_instance/rvx_core_integer_file_instance/C2474/Z[31]
                                0.00           1.96          -1.96  (VIOLATED) 

   u_core/rvx_core_instance/rd_address_s2[4]
                                0.00           1.96          -1.96  (VIOLATED) 
     PIN : u_core/rvx_core_instance/rd_address_s2_reg[4]/Q
                                0.00           1.96          -1.96  (VIOLATED) 

   u_core/rvx_i2c_instance/divider[15]
                                0.00           1.96          -1.96  (VIOLATED) 
     PIN : u_core/rvx_i2c_instance/divider_reg[15]/Q
                                0.00           1.96          -1.96  (VIOLATED) 

   u_core/rvx_core_instance/rvx_core_csr_file_instance/csr_mtvec[14]
                                0.00           1.94          -1.94  (VIOLATED) 
     PIN : u_core/rvx_core_instance/rvx_core_csr_file_instance/csr_mtvec_reg[14]/Q
                                0.00           1.94          -1.94  (VIOLATED) 

   u_core/rvx_uart_instance/rx_bit_counter[3]
                                0.00           1.94          -1.94  (VIOLATED) 
     PIN : u_core/rvx_uart_instance/rx_bit_counter_reg[3]/Q
                                0.00           1.94          -1.94  (VIOLATED) 

   u_core/rvx_core_instance/rvx_core_csr_file_instance/csr_mtvec[22]
                                0.00           1.94          -1.94  (VIOLATED) 
     PIN : u_core/rvx_core_instance/rvx_core_csr_file_instance/csr_mtvec_reg[22]/Q
                                0.00           1.94          -1.94  (VIOLATED) 

   u_core/rvx_core_instance/rvx_core_csr_file_instance/csr_mtvec[21]
                                0.00           1.94          -1.94  (VIOLATED) 
     PIN : u_core/rvx_core_instance/rvx_core_csr_file_instance/csr_mtvec_reg[21]/Q
                                0.00           1.94          -1.94  (VIOLATED) 

   u_core/rvx_core_instance/rvx_core_csr_file_instance/csr_mtvec[20]
                                0.00           1.94          -1.94  (VIOLATED) 
     PIN : u_core/rvx_core_instance/rvx_core_csr_file_instance/csr_mtvec_reg[20]/Q
                                0.00           1.94          -1.94  (VIOLATED) 

   u_core/rvx_core_instance/rvx_core_csr_file_instance/csr_mtvec[19]
                                0.00           1.94          -1.94  (VIOLATED) 
     PIN : u_core/rvx_core_instance/rvx_core_csr_file_instance/csr_mtvec_reg[19]/Q
                                0.00           1.94          -1.94  (VIOLATED) 

   u_core/rvx_core_instance/rvx_core_csr_file_instance/csr_mtvec[18]
                                0.00           1.94          -1.94  (VIOLATED) 
     PIN : u_core/rvx_core_instance/rvx_core_csr_file_instance/csr_mtvec_reg[18]/Q
                                0.00           1.94          -1.94  (VIOLATED) 

   u_core/rvx_core_instance/rvx_core_csr_file_instance/csr_mtvec[17]
                                0.00           1.94          -1.94  (VIOLATED) 
     PIN : u_core/rvx_core_instance/rvx_core_csr_file_instance/csr_mtvec_reg[17]/Q
                                0.00           1.94          -1.94  (VIOLATED) 

   u_core/rvx_core_instance/rvx_core_csr_file_instance/csr_mtvec[16]
                                0.00           1.94          -1.94  (VIOLATED) 
     PIN : u_core/rvx_core_instance/rvx_core_csr_file_instance/csr_mtvec_reg[16]/Q
                                0.00           1.94          -1.94  (VIOLATED) 

   u_core/rvx_core_instance/rvx_core_csr_file_instance/csr_mtvec[15]
                                0.00           1.94          -1.94  (VIOLATED) 
     PIN : u_core/rvx_core_instance/rvx_core_csr_file_instance/csr_mtvec_reg[15]/Q
                                0.00           1.94          -1.94  (VIOLATED) 

   u_core/rvx_uart_instance/rx_bit_counter[2]
                                0.00           1.94          -1.94  (VIOLATED) 
     PIN : u_core/rvx_uart_instance/rx_bit_counter_reg[2]/Q
                                0.00           1.94          -1.94  (VIOLATED) 

   u_core/rvx_core_instance/rvx_core_csr_file_instance/csr_mtvec[13]
                                0.00           1.94          -1.94  (VIOLATED) 
     PIN : u_core/rvx_core_instance/rvx_core_csr_file_instance/csr_mtvec_reg[13]/Q
                                0.00           1.94          -1.94  (VIOLATED) 

   u_core/rvx_core_instance/rvx_core_csr_file_instance/csr_mtvec[12]
                                0.00           1.94          -1.94  (VIOLATED) 
     PIN : u_core/rvx_core_instance/rvx_core_csr_file_instance/csr_mtvec_reg[12]/Q
                                0.00           1.94          -1.94  (VIOLATED) 

   u_core/rvx_core_instance/rvx_core_csr_file_instance/csr_mtvec[11]
                                0.00           1.94          -1.94  (VIOLATED) 
     PIN : u_core/rvx_core_instance/rvx_core_csr_file_instance/csr_mtvec_reg[11]/Q
                                0.00           1.94          -1.94  (VIOLATED) 

   u_core/rvx_core_instance/rvx_core_csr_file_instance/csr_mtvec[10]
                                0.00           1.94          -1.94  (VIOLATED) 
     PIN : u_core/rvx_core_instance/rvx_core_csr_file_instance/csr_mtvec_reg[10]/Q
                                0.00           1.94          -1.94  (VIOLATED) 

   u_core/rvx_core_instance/rvx_core_csr_file_instance/csr_mtvec[9]
                                0.00           1.94          -1.94  (VIOLATED) 
     PIN : u_core/rvx_core_instance/rvx_core_csr_file_instance/csr_mtvec_reg[9]/Q
                                0.00           1.94          -1.94  (VIOLATED) 

   u_core/rvx_core_instance/rvx_core_csr_file_instance/csr_mtvec[8]
                                0.00           1.94          -1.94  (VIOLATED) 
     PIN : u_core/rvx_core_instance/rvx_core_csr_file_instance/csr_mtvec_reg[8]/Q
                                0.00           1.94          -1.94  (VIOLATED) 

   u_core/rvx_core_instance/rvx_core_csr_file_instance/csr_mtvec[2]
                                0.00           1.94          -1.94  (VIOLATED) 
     PIN : u_core/rvx_core_instance/rvx_core_csr_file_instance/csr_mtvec_reg[2]/Q
                                0.00           1.94          -1.94  (VIOLATED) 

   u_core/rvx_core_instance/rvx_core_csr_file_instance/csr_mtvec[3]
                                0.00           1.94          -1.94  (VIOLATED) 
     PIN : u_core/rvx_core_instance/rvx_core_csr_file_instance/csr_mtvec_reg[3]/Q
                                0.00           1.94          -1.94  (VIOLATED) 

   u_core/rvx_core_instance/rvx_core_csr_file_instance/csr_mtvec[4]
                                0.00           1.94          -1.94  (VIOLATED) 
     PIN : u_core/rvx_core_instance/rvx_core_csr_file_instance/csr_mtvec_reg[4]/Q
                                0.00           1.94          -1.94  (VIOLATED) 

   u_core/rvx_core_instance/rvx_core_csr_file_instance/csr_mtvec[5]
                                0.00           1.94          -1.94  (VIOLATED) 
     PIN : u_core/rvx_core_instance/rvx_core_csr_file_instance/csr_mtvec_reg[5]/Q
                                0.00           1.94          -1.94  (VIOLATED) 

   u_core/rvx_core_instance/rvx_core_csr_file_instance/csr_mtvec[6]
                                0.00           1.94          -1.94  (VIOLATED) 
     PIN : u_core/rvx_core_instance/rvx_core_csr_file_instance/csr_mtvec_reg[6]/Q
                                0.00           1.94          -1.94  (VIOLATED) 

   u_core/rvx_core_instance/rvx_core_csr_file_instance/csr_mtvec[7]
                                0.00           1.94          -1.94  (VIOLATED) 
     PIN : u_core/rvx_core_instance/rvx_core_csr_file_instance/csr_mtvec_reg[7]/Q
                                0.00           1.94          -1.94  (VIOLATED) 

   u_core/rvx_core_instance/rvx_core_csr_file_instance/csr_mtvec[30]
                                0.00           1.94          -1.94  (VIOLATED) 
     PIN : u_core/rvx_core_instance/rvx_core_csr_file_instance/csr_mtvec_reg[30]/Q
                                0.00           1.94          -1.94  (VIOLATED) 

   u_core/rvx_core_instance/rvx_core_csr_file_instance/csr_mtvec[28]
                                0.00           1.94          -1.94  (VIOLATED) 
     PIN : u_core/rvx_core_instance/rvx_core_csr_file_instance/csr_mtvec_reg[28]/Q
                                0.00           1.94          -1.94  (VIOLATED) 

   u_core/rvx_core_instance/rvx_core_csr_file_instance/csr_mtvec[27]
                                0.00           1.94          -1.94  (VIOLATED) 
     PIN : u_core/rvx_core_instance/rvx_core_csr_file_instance/csr_mtvec_reg[27]/Q
                                0.00           1.94          -1.94  (VIOLATED) 

   u_core/rvx_core_instance/rvx_core_csr_file_instance/csr_mtvec[26]
                                0.00           1.94          -1.94  (VIOLATED) 
     PIN : u_core/rvx_core_instance/rvx_core_csr_file_instance/csr_mtvec_reg[26]/Q
                                0.00           1.94          -1.94  (VIOLATED) 

   u_core/rvx_core_instance/rvx_core_csr_file_instance/csr_mtvec[25]
                                0.00           1.94          -1.94  (VIOLATED) 
     PIN : u_core/rvx_core_instance/rvx_core_csr_file_instance/csr_mtvec_reg[25]/Q
                                0.00           1.94          -1.94  (VIOLATED) 

   u_core/rvx_core_instance/rvx_core_csr_file_instance/csr_mtvec[24]
                                0.00           1.94          -1.94  (VIOLATED) 
     PIN : u_core/rvx_core_instance/rvx_core_csr_file_instance/csr_mtvec_reg[24]/Q
                                0.00           1.94          -1.94  (VIOLATED) 

   u_core/rvx_core_instance/rvx_core_csr_file_instance/csr_mtvec[23]
                                0.00           1.94          -1.94  (VIOLATED) 
     PIN : u_core/rvx_core_instance/rvx_core_csr_file_instance/csr_mtvec_reg[23]/Q
                                0.00           1.94          -1.94  (VIOLATED) 

   u_core/rvx_core_instance/rvx_core_alu_instance/alu_adder_2nd_operand_mux_s2[0]
                                0.00           1.94          -1.94  (VIOLATED) 
     PIN : u_core/rvx_core_instance/rvx_core_alu_instance/C303/Z[0]
                                0.00           1.94          -1.94  (VIOLATED) 

   u_core/rvx_core_instance/rvx_core_csr_file_instance/csr_mtvec[29]
                                0.00           1.94          -1.94  (VIOLATED) 
     PIN : u_core/rvx_core_instance/rvx_core_csr_file_instance/csr_mtvec_reg[29]/Q
                                0.00           1.94          -1.94  (VIOLATED) 

   u_core/rvx_core_instance/rvx_core_csr_file_instance/csr_mtvec[31]
                                0.00           1.94          -1.94  (VIOLATED) 
     PIN : u_core/rvx_core_instance/rvx_core_csr_file_instance/csr_mtvec_reg[31]/Q
                                0.00           1.94          -1.94  (VIOLATED) 

   u_core/rvx_uart_instance/rx_bit_counter[1]
                                0.00           1.94          -1.94  (VIOLATED) 
     PIN : u_core/rvx_uart_instance/rx_bit_counter_reg[1]/Q
                                0.00           1.94          -1.94  (VIOLATED) 

   u_core/rvx_core_instance/rvx_core_alu_instance/alu_adder_2nd_operand_mux_s2[28]
                                0.00           1.93          -1.93  (VIOLATED) 
     PIN : u_core/rvx_core_instance/rvx_core_alu_instance/C303/Z[28]
                                0.00           1.93          -1.93  (VIOLATED) 

   u_core/rvx_core_instance/rvx_core_alu_instance/alu_adder_2nd_operand_mux_s2[22]
                                0.00           1.93          -1.93  (VIOLATED) 
     PIN : u_core/rvx_core_instance/rvx_core_alu_instance/C303/Z[22]
                                0.00           1.93          -1.93  (VIOLATED) 

   u_core/rvx_core_instance/rvx_core_alu_instance/alu_adder_2nd_operand_mux_s2[23]
                                0.00           1.93          -1.93  (VIOLATED) 
     PIN : u_core/rvx_core_instance/rvx_core_alu_instance/C303/Z[23]
                                0.00           1.93          -1.93  (VIOLATED) 

   u_core/rvx_core_instance/rvx_core_alu_instance/alu_adder_2nd_operand_mux_s2[24]
                                0.00           1.93          -1.93  (VIOLATED) 
     PIN : u_core/rvx_core_instance/rvx_core_alu_instance/C303/Z[24]
                                0.00           1.93          -1.93  (VIOLATED) 

   u_core/rvx_core_instance/rvx_core_alu_instance/alu_adder_2nd_operand_mux_s2[25]
                                0.00           1.93          -1.93  (VIOLATED) 
     PIN : u_core/rvx_core_instance/rvx_core_alu_instance/C303/Z[25]
                                0.00           1.93          -1.93  (VIOLATED) 

   u_core/rvx_core_instance/rvx_core_alu_instance/alu_adder_2nd_operand_mux_s2[26]
                                0.00           1.93          -1.93  (VIOLATED) 
     PIN : u_core/rvx_core_instance/rvx_core_alu_instance/C303/Z[26]
                                0.00           1.93          -1.93  (VIOLATED) 

   u_core/rvx_core_instance/rvx_core_alu_instance/alu_adder_2nd_operand_mux_s2[27]
                                0.00           1.93          -1.93  (VIOLATED) 
     PIN : u_core/rvx_core_instance/rvx_core_alu_instance/C303/Z[27]
                                0.00           1.93          -1.93  (VIOLATED) 

   u_core/rvx_core_instance/rvx_core_alu_instance/alu_adder_2nd_operand_mux_s2[21]
                                0.00           1.93          -1.93  (VIOLATED) 
     PIN : u_core/rvx_core_instance/rvx_core_alu_instance/C303/Z[21]
                                0.00           1.93          -1.93  (VIOLATED) 

   u_core/rvx_core_instance/rvx_core_alu_instance/alu_adder_2nd_operand_mux_s2[20]
                                0.00           1.93          -1.93  (VIOLATED) 
     PIN : u_core/rvx_core_instance/rvx_core_alu_instance/C303/Z[20]
                                0.00           1.93          -1.93  (VIOLATED) 

   u_core/rvx_core_instance/rvx_core_alu_instance/alu_adder_2nd_operand_mux_s2[19]
                                0.00           1.93          -1.93  (VIOLATED) 
     PIN : u_core/rvx_core_instance/rvx_core_alu_instance/C303/Z[19]
                                0.00           1.93          -1.93  (VIOLATED) 

   u_core/rvx_core_instance/rvx_core_alu_instance/alu_adder_2nd_operand_mux_s2[18]
                                0.00           1.93          -1.93  (VIOLATED) 
     PIN : u_core/rvx_core_instance/rvx_core_alu_instance/C303/Z[18]
                                0.00           1.93          -1.93  (VIOLATED) 

   u_core/rvx_core_instance/rvx_core_alu_instance/alu_adder_2nd_operand_mux_s2[17]
                                0.00           1.93          -1.93  (VIOLATED) 
     PIN : u_core/rvx_core_instance/rvx_core_alu_instance/C303/Z[17]
                                0.00           1.93          -1.93  (VIOLATED) 

   u_core/rvx_core_instance/rvx_core_alu_instance/alu_adder_2nd_operand_mux_s2[16]
                                0.00           1.93          -1.93  (VIOLATED) 
     PIN : u_core/rvx_core_instance/rvx_core_alu_instance/C303/Z[16]
                                0.00           1.93          -1.93  (VIOLATED) 

   u_core/rvx_core_instance/rvx_core_alu_instance/alu_adder_2nd_operand_mux_s2[15]
                                0.00           1.93          -1.93  (VIOLATED) 
     PIN : u_core/rvx_core_instance/rvx_core_alu_instance/C303/Z[15]
                                0.00           1.93          -1.93  (VIOLATED) 

   u_core/rvx_core_instance/rvx_core_alu_instance/alu_adder_2nd_operand_mux_s2[31]
                                0.00           1.93          -1.93  (VIOLATED) 
     PIN : u_core/rvx_core_instance/rvx_core_alu_instance/C303/Z[31]
                                0.00           1.93          -1.93  (VIOLATED) 

   u_core/rvx_core_instance/rvx_core_alu_instance/alu_adder_2nd_operand_mux_s2[30]
                                0.00           1.93          -1.93  (VIOLATED) 
     PIN : u_core/rvx_core_instance/rvx_core_alu_instance/C303/Z[30]
                                0.00           1.93          -1.93  (VIOLATED) 

   u_core/rvx_core_instance/rvx_core_alu_instance/alu_adder_2nd_operand_mux_s2[29]
                                0.00           1.93          -1.93  (VIOLATED) 
     PIN : u_core/rvx_core_instance/rvx_core_alu_instance/C303/Z[29]
                                0.00           1.93          -1.93  (VIOLATED) 

   u_core/rvx_core_instance/rvx_core_alu_instance/alu_adder_2nd_operand_mux_s2[5]
                                0.00           1.93          -1.93  (VIOLATED) 
     PIN : u_core/rvx_core_instance/rvx_core_alu_instance/C303/Z[5]
                                0.00           1.93          -1.93  (VIOLATED) 

   u_core/rvx_core_instance/rvx_core_alu_instance/alu_adder_2nd_operand_mux_s2[10]
                                0.00           1.93          -1.93  (VIOLATED) 
     PIN : u_core/rvx_core_instance/rvx_core_alu_instance/C303/Z[10]
                                0.00           1.93          -1.93  (VIOLATED) 

   u_core/rvx_core_instance/rvx_core_alu_instance/alu_adder_2nd_operand_mux_s2[11]
                                0.00           1.93          -1.93  (VIOLATED) 
     PIN : u_core/rvx_core_instance/rvx_core_alu_instance/C303/Z[11]
                                0.00           1.93          -1.93  (VIOLATED) 

   u_core/rvx_core_instance/rvx_core_alu_instance/alu_adder_2nd_operand_mux_s2[12]
                                0.00           1.93          -1.93  (VIOLATED) 
     PIN : u_core/rvx_core_instance/rvx_core_alu_instance/C303/Z[12]
                                0.00           1.93          -1.93  (VIOLATED) 

   u_core/rvx_core_instance/rvx_core_alu_instance/alu_adder_2nd_operand_mux_s2[9]
                                0.00           1.93          -1.93  (VIOLATED) 
     PIN : u_core/rvx_core_instance/rvx_core_alu_instance/C303/Z[9]
                                0.00           1.93          -1.93  (VIOLATED) 

   u_core/rvx_core_instance/rvx_core_alu_instance/alu_adder_2nd_operand_mux_s2[8]
                                0.00           1.93          -1.93  (VIOLATED) 
     PIN : u_core/rvx_core_instance/rvx_core_alu_instance/C303/Z[8]
                                0.00           1.93          -1.93  (VIOLATED) 

   u_core/rvx_core_instance/rvx_core_alu_instance/alu_adder_2nd_operand_mux_s2[7]
                                0.00           1.93          -1.93  (VIOLATED) 
     PIN : u_core/rvx_core_instance/rvx_core_alu_instance/C303/Z[7]
                                0.00           1.93          -1.93  (VIOLATED) 

   u_core/rvx_core_instance/rvx_core_alu_instance/alu_adder_2nd_operand_mux_s2[13]
                                0.00           1.93          -1.93  (VIOLATED) 
     PIN : u_core/rvx_core_instance/rvx_core_alu_instance/C303/Z[13]
                                0.00           1.93          -1.93  (VIOLATED) 

   u_core/rvx_core_instance/rvx_core_alu_instance/alu_adder_2nd_operand_mux_s2[14]
                                0.00           1.93          -1.93  (VIOLATED) 
     PIN : u_core/rvx_core_instance/rvx_core_alu_instance/C303/Z[14]
                                0.00           1.93          -1.93  (VIOLATED) 

   u_core/rvx_core_instance/rvx_core_alu_instance/alu_adder_2nd_operand_mux_s2[6]
                                0.00           1.93          -1.93  (VIOLATED) 
     PIN : u_core/rvx_core_instance/rvx_core_alu_instance/C303/Z[6]
                                0.00           1.93          -1.93  (VIOLATED) 

   u_core/rvx_core_instance/rvx_core_alu_instance/alu_adder_2nd_operand_mux_s2[4]
                                0.00           1.93          -1.93  (VIOLATED) 
     PIN : u_core/rvx_core_instance/rvx_core_alu_instance/C303/Z[4]
                                0.00           1.93          -1.93  (VIOLATED) 

   u_core/rvx_core_instance/rvx_core_alu_instance/alu_adder_2nd_operand_mux_s2[3]
                                0.00           1.93          -1.93  (VIOLATED) 
     PIN : u_core/rvx_core_instance/rvx_core_alu_instance/C303/Z[3]
                                0.00           1.93          -1.93  (VIOLATED) 

   u_core/rvx_core_instance/rvx_core_alu_instance/alu_adder_2nd_operand_mux_s2[2]
                                0.00           1.93          -1.93  (VIOLATED) 
     PIN : u_core/rvx_core_instance/rvx_core_alu_instance/C303/Z[2]
                                0.00           1.93          -1.93  (VIOLATED) 

   u_core/rvx_core_instance/rvx_core_alu_instance/alu_adder_2nd_operand_mux_s2[1]
                                0.00           1.93          -1.93  (VIOLATED) 
     PIN : u_core/rvx_core_instance/rvx_core_alu_instance/C303/Z[1]
                                0.00           1.93          -1.93  (VIOLATED) 

   u_core/rvx_core_instance/rvx_core_csr_file_instance/interrupt_address_offset[2]
                                0.00           1.93          -1.93  (VIOLATED) 
     PIN : u_core/rvx_core_instance/rvx_core_csr_file_instance/csr_mcause_code_reg[0]/Q
                                0.00           1.93          -1.93  (VIOLATED) 

   u_core/rvx_core_instance/rvx_core_csr_file_instance/interrupt_address_offset[3]
                                0.00           1.93          -1.93  (VIOLATED) 
     PIN : u_core/rvx_core_instance/rvx_core_csr_file_instance/csr_mcause_code_reg[1]/Q
                                0.00           1.93          -1.93  (VIOLATED) 

   u_core/rvx_core_instance/rvx_core_csr_file_instance/interrupt_address_offset[4]
                                0.00           1.93          -1.93  (VIOLATED) 
     PIN : u_core/rvx_core_instance/rvx_core_csr_file_instance/csr_mcause_code_reg[2]/Q
                                0.00           1.93          -1.93  (VIOLATED) 

   u_core/rvx_core_instance/rvx_core_csr_file_instance/interrupt_address_offset[5]
                                0.00           1.93          -1.93  (VIOLATED) 
     PIN : u_core/rvx_core_instance/rvx_core_csr_file_instance/csr_mcause_code_reg[3]/Q
                                0.00           1.93          -1.93  (VIOLATED) 

   u_core/rvx_core_instance/rvx_core_csr_file_instance/interrupt_address_offset[6]
                                0.00           1.93          -1.93  (VIOLATED) 
     PIN : u_core/rvx_core_instance/rvx_core_csr_file_instance/csr_mcause_code_reg[4]/Q
                                0.00           1.93          -1.93  (VIOLATED) 

   u_core/rvx_core_instance/instruction_s1[15]
                                0.00           1.77          -1.77  (VIOLATED) 
     PIN : u_core/rvx_core_instance/rvx_core_bus_controller_instance/C517/Z[15]
                                0.00           1.77          -1.77  (VIOLATED) 

   u_core/rvx_core_instance/instruction_s1[16]
                                0.00           1.77          -1.77  (VIOLATED) 
     PIN : u_core/rvx_core_instance/rvx_core_bus_controller_instance/C517/Z[16]
                                0.00           1.77          -1.77  (VIOLATED) 

   u_core/rvx_core_instance/instruction_s1[17]
                                0.00           1.77          -1.77  (VIOLATED) 
     PIN : u_core/rvx_core_instance/rvx_core_bus_controller_instance/C517/Z[17]
                                0.00           1.77          -1.77  (VIOLATED) 

   u_core/rvx_core_instance/instruction_s1[18]
                                0.00           1.77          -1.77  (VIOLATED) 
     PIN : u_core/rvx_core_instance/rvx_core_bus_controller_instance/C517/Z[18]
                                0.00           1.77          -1.77  (VIOLATED) 

   u_core/rvx_core_instance/instruction_s1[23]
                                0.00           1.77          -1.77  (VIOLATED) 
     PIN : u_core/rvx_core_instance/rvx_core_bus_controller_instance/C517/Z[23]
                                0.00           1.77          -1.77  (VIOLATED) 

   u_core/rvx_core_instance/instruction_s1[22]
                                0.00           1.77          -1.77  (VIOLATED) 
     PIN : u_core/rvx_core_instance/rvx_core_bus_controller_instance/C517/Z[22]
                                0.00           1.77          -1.77  (VIOLATED) 

   u_core/rvx_core_instance/instruction_s1[21]
                                0.00           1.77          -1.77  (VIOLATED) 
     PIN : u_core/rvx_core_instance/rvx_core_bus_controller_instance/C517/Z[21]
                                0.00           1.77          -1.77  (VIOLATED) 

   u_core/rvx_core_instance/instruction_s1[20]
                                0.00           1.77          -1.77  (VIOLATED) 
     PIN : u_core/rvx_core_instance/rvx_core_bus_controller_instance/C517/Z[20]
                                0.00           1.77          -1.77  (VIOLATED) 

   u_core/rvx_core_instance/rvx_core_alu_instance/alu_2nd_operand_s2[31]
                                0.00           1.75          -1.75  (VIOLATED) 
     PIN : u_core/rvx_core_instance/rvx_core_alu_instance/C302/Z[31]
                                0.00           1.75          -1.75  (VIOLATED) 

   u_core/rvx_core_instance/rs2_data_s1[18]
                                0.00           1.55          -1.55  (VIOLATED) 
     PIN : u_core/rvx_core_instance/rvx_core_integer_file_instance/C2474/Z[18]
                                0.00           1.55          -1.55  (VIOLATED) 

   u_core/rvx_core_instance/rs2_data_s1[25]
                                0.00           1.55          -1.55  (VIOLATED) 
     PIN : u_core/rvx_core_instance/rvx_core_integer_file_instance/C2474/Z[25]
                                0.00           1.55          -1.55  (VIOLATED) 

   u_core/rvx_core_instance/rvx_core_alu_instance/alu_2nd_operand_s2[30]
                                0.00           1.55          -1.55  (VIOLATED) 
     PIN : u_core/rvx_core_instance/rvx_core_alu_instance/C302/Z[30]
                                0.00           1.55          -1.55  (VIOLATED) 

   u_core/rvx_core_instance/rs2_data_s1[19]
                                0.00           1.55          -1.55  (VIOLATED) 
     PIN : u_core/rvx_core_instance/rvx_core_integer_file_instance/C2474/Z[19]
                                0.00           1.55          -1.55  (VIOLATED) 

   u_core/rvx_core_instance/rs2_data_s1[20]
                                0.00           1.55          -1.55  (VIOLATED) 
     PIN : u_core/rvx_core_instance/rvx_core_integer_file_instance/C2474/Z[20]
                                0.00           1.55          -1.55  (VIOLATED) 

   u_core/rvx_core_instance/rs2_data_s1[21]
                                0.00           1.55          -1.55  (VIOLATED) 
     PIN : u_core/rvx_core_instance/rvx_core_integer_file_instance/C2474/Z[21]
                                0.00           1.55          -1.55  (VIOLATED) 

   u_core/rvx_core_instance/rs2_data_s1[22]
                                0.00           1.55          -1.55  (VIOLATED) 
     PIN : u_core/rvx_core_instance/rvx_core_integer_file_instance/C2474/Z[22]
                                0.00           1.55          -1.55  (VIOLATED) 

   u_core/rvx_core_instance/rs2_data_s1[23]
                                0.00           1.55          -1.55  (VIOLATED) 
     PIN : u_core/rvx_core_instance/rvx_core_integer_file_instance/C2474/Z[23]
                                0.00           1.55          -1.55  (VIOLATED) 

   u_core/rvx_core_instance/rs2_data_s1[24]
                                0.00           1.55          -1.55  (VIOLATED) 
     PIN : u_core/rvx_core_instance/rvx_core_integer_file_instance/C2474/Z[24]
                                0.00           1.55          -1.55  (VIOLATED) 

   u_core/rvx_core_instance/rs2_data_s1[26]
                                0.00           1.55          -1.55  (VIOLATED) 
     PIN : u_core/rvx_core_instance/rvx_core_integer_file_instance/C2474/Z[26]
                                0.00           1.55          -1.55  (VIOLATED) 

   u_core/rvx_core_instance/rs2_data_s1[27]
                                0.00           1.55          -1.55  (VIOLATED) 
     PIN : u_core/rvx_core_instance/rvx_core_integer_file_instance/C2474/Z[27]
                                0.00           1.55          -1.55  (VIOLATED) 

   u_core/rvx_core_instance/rs2_data_s1[28]
                                0.00           1.55          -1.55  (VIOLATED) 
     PIN : u_core/rvx_core_instance/rvx_core_integer_file_instance/C2474/Z[28]
                                0.00           1.55          -1.55  (VIOLATED) 

   u_core/rvx_core_instance/rs2_data_s1[29]
                                0.00           1.55          -1.55  (VIOLATED) 
     PIN : u_core/rvx_core_instance/rvx_core_integer_file_instance/C2474/Z[29]
                                0.00           1.55          -1.55  (VIOLATED) 

   u_core/rvx_core_instance/rs2_data_s1[30]
                                0.00           1.55          -1.55  (VIOLATED) 
     PIN : u_core/rvx_core_instance/rvx_core_integer_file_instance/C2474/Z[30]
                                0.00           1.55          -1.55  (VIOLATED) 

   u_core/rvx_core_instance/rd_address_s2[3]
                                0.00           1.55          -1.55  (VIOLATED) 
     PIN : u_core/rvx_core_instance/rd_address_s2_reg[3]/Q
                                0.00           1.55          -1.55  (VIOLATED) 

   u_core/rvx_core_instance/rd_address_s2[2]
                                0.00           1.55          -1.55  (VIOLATED) 
     PIN : u_core/rvx_core_instance/rd_address_s2_reg[2]/Q
                                0.00           1.55          -1.55  (VIOLATED) 

   u_core/rvx_core_instance/rd_address_s2[1]
                                0.00           1.55          -1.55  (VIOLATED) 
     PIN : u_core/rvx_core_instance/rd_address_s2_reg[1]/Q
                                0.00           1.55          -1.55  (VIOLATED) 

   u_core/rvx_core_instance/rd_address_s2[0]
                                0.00           1.55          -1.55  (VIOLATED) 
     PIN : u_core/rvx_core_instance/rd_address_s2_reg[0]/Q
                                0.00           1.55          -1.55  (VIOLATED) 

   u_core/rvx_core_instance/rvx_core_alu_instance/alu_2nd_operand_s2[24]
                                0.00           1.55          -1.55  (VIOLATED) 
     PIN : u_core/rvx_core_instance/rvx_core_alu_instance/C302/Z[24]
                                0.00           1.55          -1.55  (VIOLATED) 

   u_core/rvx_uart_instance/cycles_per_baud[0]
                                0.00           1.55          -1.55  (VIOLATED) 
     PIN : u_core/rvx_uart_instance/cycles_per_baud_reg[0]/Q
                                0.00           1.55          -1.55  (VIOLATED) 

   u_core/rvx_core_instance/rvx_core_csr_file_instance/csr_mcycle[0]
                                0.00           1.55          -1.55  (VIOLATED) 
     PIN : u_core/rvx_core_instance/rvx_core_csr_file_instance/csr_mcycle_reg[0]/Q
                                0.00           1.55          -1.55  (VIOLATED) 

   u_core/rvx_core_instance/rvx_core_csr_file_instance/csr_minstret[0]
                                0.00           1.55          -1.55  (VIOLATED) 
     PIN : u_core/rvx_core_instance/rvx_core_csr_file_instance/csr_minstret_reg[0]/Q
                                0.00           1.55          -1.55  (VIOLATED) 

   u_core/rvx_core_instance/rs2_data_s1[0]
                                0.00           1.55          -1.55  (VIOLATED) 
     PIN : u_core/rvx_core_instance/rvx_core_integer_file_instance/C2474/Z[0]
                                0.00           1.55          -1.55  (VIOLATED) 

   u_core/rvx_core_instance/rs2_data_s1[1]
                                0.00           1.55          -1.55  (VIOLATED) 
     PIN : u_core/rvx_core_instance/rvx_core_integer_file_instance/C2474/Z[1]
                                0.00           1.55          -1.55  (VIOLATED) 

   u_core/rvx_core_instance/rs2_data_s1[2]
                                0.00           1.55          -1.55  (VIOLATED) 
     PIN : u_core/rvx_core_instance/rvx_core_integer_file_instance/C2474/Z[2]
                                0.00           1.55          -1.55  (VIOLATED) 

   u_core/rvx_core_instance/rs2_data_s1[3]
                                0.00           1.55          -1.55  (VIOLATED) 
     PIN : u_core/rvx_core_instance/rvx_core_integer_file_instance/C2474/Z[3]
                                0.00           1.55          -1.55  (VIOLATED) 

   u_core/rvx_core_instance/rs2_data_s1[4]
                                0.00           1.55          -1.55  (VIOLATED) 
     PIN : u_core/rvx_core_instance/rvx_core_integer_file_instance/C2474/Z[4]
                                0.00           1.55          -1.55  (VIOLATED) 

   u_core/rvx_core_instance/rs2_data_s1[5]
                                0.00           1.55          -1.55  (VIOLATED) 
     PIN : u_core/rvx_core_instance/rvx_core_integer_file_instance/C2474/Z[5]
                                0.00           1.55          -1.55  (VIOLATED) 

   u_core/rvx_core_instance/rs2_data_s1[6]
                                0.00           1.55          -1.55  (VIOLATED) 
     PIN : u_core/rvx_core_instance/rvx_core_integer_file_instance/C2474/Z[6]
                                0.00           1.55          -1.55  (VIOLATED) 

   u_core/rvx_core_instance/rs2_data_s1[7]
                                0.00           1.55          -1.55  (VIOLATED) 
     PIN : u_core/rvx_core_instance/rvx_core_integer_file_instance/C2474/Z[7]
                                0.00           1.55          -1.55  (VIOLATED) 

   u_core/rvx_core_instance/rs2_data_s1[17]
                                0.00           1.55          -1.55  (VIOLATED) 
     PIN : u_core/rvx_core_instance/rvx_core_integer_file_instance/C2474/Z[17]
                                0.00           1.55          -1.55  (VIOLATED) 

   u_core/rvx_core_instance/rs2_data_s1[8]
                                0.00           1.55          -1.55  (VIOLATED) 
     PIN : u_core/rvx_core_instance/rvx_core_integer_file_instance/C2474/Z[8]
                                0.00           1.55          -1.55  (VIOLATED) 

   u_core/rvx_core_instance/rs2_data_s1[9]
                                0.00           1.55          -1.55  (VIOLATED) 
     PIN : u_core/rvx_core_instance/rvx_core_integer_file_instance/C2474/Z[9]
                                0.00           1.55          -1.55  (VIOLATED) 

   u_core/rvx_core_instance/rs2_data_s1[10]
                                0.00           1.55          -1.55  (VIOLATED) 
     PIN : u_core/rvx_core_instance/rvx_core_integer_file_instance/C2474/Z[10]
                                0.00           1.55          -1.55  (VIOLATED) 

   u_core/rvx_core_instance/rs2_data_s1[11]
                                0.00           1.55          -1.55  (VIOLATED) 
     PIN : u_core/rvx_core_instance/rvx_core_integer_file_instance/C2474/Z[11]
                                0.00           1.55          -1.55  (VIOLATED) 

   u_core/rvx_core_instance/rs2_data_s1[12]
                                0.00           1.55          -1.55  (VIOLATED) 
     PIN : u_core/rvx_core_instance/rvx_core_integer_file_instance/C2474/Z[12]
                                0.00           1.55          -1.55  (VIOLATED) 

   u_core/rvx_core_instance/rs2_data_s1[13]
                                0.00           1.55          -1.55  (VIOLATED) 
     PIN : u_core/rvx_core_instance/rvx_core_integer_file_instance/C2474/Z[13]
                                0.00           1.55          -1.55  (VIOLATED) 

   u_core/rvx_core_instance/rs2_data_s1[14]
                                0.00           1.55          -1.55  (VIOLATED) 
     PIN : u_core/rvx_core_instance/rvx_core_integer_file_instance/C2474/Z[14]
                                0.00           1.55          -1.55  (VIOLATED) 

   u_core/rvx_core_instance/rs2_data_s1[15]
                                0.00           1.55          -1.55  (VIOLATED) 
     PIN : u_core/rvx_core_instance/rvx_core_integer_file_instance/C2474/Z[15]
                                0.00           1.55          -1.55  (VIOLATED) 

   u_core/rvx_core_instance/rs2_data_s1[16]
                                0.00           1.55          -1.55  (VIOLATED) 
     PIN : u_core/rvx_core_instance/rvx_core_integer_file_instance/C2474/Z[16]
                                0.00           1.55          -1.55  (VIOLATED) 

   u_core/rvx_core_instance/rvx_core_alu_instance/alu_2nd_operand_s2[7]
                                0.00           1.55          -1.55  (VIOLATED) 
     PIN : u_core/rvx_core_instance/rvx_core_alu_instance/C302/Z[7]
                                0.00           1.55          -1.55  (VIOLATED) 

   u_core/rvx_core_instance/rvx_core_alu_instance/alu_2nd_operand_s2[20]
                                0.00           1.55          -1.55  (VIOLATED) 
     PIN : u_core/rvx_core_instance/rvx_core_alu_instance/C302/Z[20]
                                0.00           1.55          -1.55  (VIOLATED) 

   u_core/rvx_core_instance/rvx_core_alu_instance/alu_2nd_operand_s2[19]
                                0.00           1.55          -1.55  (VIOLATED) 
     PIN : u_core/rvx_core_instance/rvx_core_alu_instance/C302/Z[19]
                                0.00           1.55          -1.55  (VIOLATED) 

   u_core/rvx_core_instance/rvx_core_alu_instance/alu_2nd_operand_s2[18]
                                0.00           1.55          -1.55  (VIOLATED) 
     PIN : u_core/rvx_core_instance/rvx_core_alu_instance/C302/Z[18]
                                0.00           1.55          -1.55  (VIOLATED) 

   u_core/rvx_core_instance/rvx_core_alu_instance/alu_2nd_operand_s2[17]
                                0.00           1.55          -1.55  (VIOLATED) 
     PIN : u_core/rvx_core_instance/rvx_core_alu_instance/C302/Z[17]
                                0.00           1.55          -1.55  (VIOLATED) 

   u_core/rvx_core_instance/rvx_core_alu_instance/alu_2nd_operand_s2[16]
                                0.00           1.55          -1.55  (VIOLATED) 
     PIN : u_core/rvx_core_instance/rvx_core_alu_instance/C302/Z[16]
                                0.00           1.55          -1.55  (VIOLATED) 

   u_core/rvx_core_instance/rvx_core_alu_instance/alu_2nd_operand_s2[15]
                                0.00           1.55          -1.55  (VIOLATED) 
     PIN : u_core/rvx_core_instance/rvx_core_alu_instance/C302/Z[15]
                                0.00           1.55          -1.55  (VIOLATED) 

   u_core/rvx_core_instance/rvx_core_alu_instance/alu_2nd_operand_s2[14]
                                0.00           1.55          -1.55  (VIOLATED) 
     PIN : u_core/rvx_core_instance/rvx_core_alu_instance/C302/Z[14]
                                0.00           1.55          -1.55  (VIOLATED) 

   u_core/rvx_core_instance/rvx_core_alu_instance/alu_2nd_operand_s2[13]
                                0.00           1.55          -1.55  (VIOLATED) 
     PIN : u_core/rvx_core_instance/rvx_core_alu_instance/C302/Z[13]
                                0.00           1.55          -1.55  (VIOLATED) 

   u_core/rvx_core_instance/rvx_core_alu_instance/alu_2nd_operand_s2[12]
                                0.00           1.55          -1.55  (VIOLATED) 
     PIN : u_core/rvx_core_instance/rvx_core_alu_instance/C302/Z[12]
                                0.00           1.55          -1.55  (VIOLATED) 

   u_core/rvx_core_instance/rvx_core_alu_instance/alu_2nd_operand_s2[11]
                                0.00           1.55          -1.55  (VIOLATED) 
     PIN : u_core/rvx_core_instance/rvx_core_alu_instance/C302/Z[11]
                                0.00           1.55          -1.55  (VIOLATED) 

   u_core/rvx_core_instance/rvx_core_alu_instance/alu_2nd_operand_s2[10]
                                0.00           1.55          -1.55  (VIOLATED) 
     PIN : u_core/rvx_core_instance/rvx_core_alu_instance/C302/Z[10]
                                0.00           1.55          -1.55  (VIOLATED) 

   u_core/rvx_core_instance/rvx_core_alu_instance/alu_2nd_operand_s2[9]
                                0.00           1.55          -1.55  (VIOLATED) 
     PIN : u_core/rvx_core_instance/rvx_core_alu_instance/C302/Z[9]
                                0.00           1.55          -1.55  (VIOLATED) 

   u_core/rvx_core_instance/rvx_core_alu_instance/alu_2nd_operand_s2[8]
                                0.00           1.55          -1.55  (VIOLATED) 
     PIN : u_core/rvx_core_instance/rvx_core_alu_instance/C302/Z[8]
                                0.00           1.55          -1.55  (VIOLATED) 

   u_core/rvx_core_instance/rvx_core_alu_instance/alu_2nd_operand_s2[28]
                                0.00           1.55          -1.55  (VIOLATED) 
     PIN : u_core/rvx_core_instance/rvx_core_alu_instance/C302/Z[28]
                                0.00           1.55          -1.55  (VIOLATED) 

   u_core/rvx_core_instance/rvx_core_alu_instance/alu_2nd_operand_s2[6]
                                0.00           1.55          -1.55  (VIOLATED) 
     PIN : u_core/rvx_core_instance/rvx_core_alu_instance/C302/Z[6]
                                0.00           1.55          -1.55  (VIOLATED) 

   u_core/rvx_core_instance/rvx_core_alu_instance/alu_2nd_operand_s2[5]
                                0.00           1.55          -1.55  (VIOLATED) 
     PIN : u_core/rvx_core_instance/rvx_core_alu_instance/C302/Z[5]
                                0.00           1.55          -1.55  (VIOLATED) 

   u_core/rvx_i2c_instance/divider[10]
                                0.00           1.55          -1.55  (VIOLATED) 
     PIN : u_core/rvx_i2c_instance/divider_reg[10]/Q
                                0.00           1.55          -1.55  (VIOLATED) 

   u_core/rvx_i2c_instance/divider[9]
                                0.00           1.55          -1.55  (VIOLATED) 
     PIN : u_core/rvx_i2c_instance/divider_reg[9]/Q
                                0.00           1.55          -1.55  (VIOLATED) 

   u_core/rvx_i2c_instance/divider[8]
                                0.00           1.55          -1.55  (VIOLATED) 
     PIN : u_core/rvx_i2c_instance/divider_reg[8]/Q
                                0.00           1.55          -1.55  (VIOLATED) 

   u_core/rvx_i2c_instance/divider[7]
                                0.00           1.55          -1.55  (VIOLATED) 
     PIN : u_core/rvx_i2c_instance/divider_reg[7]/Q
                                0.00           1.55          -1.55  (VIOLATED) 

   u_core/rvx_i2c_instance/divider[6]
                                0.00           1.55          -1.55  (VIOLATED) 
     PIN : u_core/rvx_i2c_instance/divider_reg[6]/Q
                                0.00           1.55          -1.55  (VIOLATED) 

   u_core/rvx_i2c_instance/divider[5]
                                0.00           1.55          -1.55  (VIOLATED) 
     PIN : u_core/rvx_i2c_instance/divider_reg[5]/Q
                                0.00           1.55          -1.55  (VIOLATED) 

   u_core/rvx_i2c_instance/divider[4]
                                0.00           1.55          -1.55  (VIOLATED) 
     PIN : u_core/rvx_i2c_instance/divider_reg[4]/Q
                                0.00           1.55          -1.55  (VIOLATED) 

   u_core/rvx_i2c_instance/divider[3]
                                0.00           1.55          -1.55  (VIOLATED) 
     PIN : u_core/rvx_i2c_instance/divider_reg[3]/Q
                                0.00           1.55          -1.55  (VIOLATED) 

   u_core/rvx_i2c_instance/divider[2]
                                0.00           1.55          -1.55  (VIOLATED) 
     PIN : u_core/rvx_i2c_instance/divider_reg[2]/Q
                                0.00           1.55          -1.55  (VIOLATED) 

   u_core/rvx_i2c_instance/divider[1]
                                0.00           1.55          -1.55  (VIOLATED) 
     PIN : u_core/rvx_i2c_instance/divider_reg[1]/Q
                                0.00           1.55          -1.55  (VIOLATED) 

   u_core/rvx_i2c_instance/divider[0]
                                0.00           1.55          -1.55  (VIOLATED) 
     PIN : u_core/rvx_i2c_instance/divider_reg[0]/Q
                                0.00           1.55          -1.55  (VIOLATED) 

   u_core/rvx_core_instance/rvx_core_alu_instance/alu_2nd_operand_s2[26]
                                0.00           1.55          -1.55  (VIOLATED) 
     PIN : u_core/rvx_core_instance/rvx_core_alu_instance/C302/Z[26]
                                0.00           1.55          -1.55  (VIOLATED) 

   u_core/rvx_i2c_instance/divider[11]
                                0.00           1.55          -1.55  (VIOLATED) 
     PIN : u_core/rvx_i2c_instance/divider_reg[11]/Q
                                0.00           1.55          -1.55  (VIOLATED) 

   u_core/rvx_i2c_instance/divider[12]
                                0.00           1.55          -1.55  (VIOLATED) 
     PIN : u_core/rvx_i2c_instance/divider_reg[12]/Q
                                0.00           1.55          -1.55  (VIOLATED) 

   u_core/rvx_i2c_instance/divider[13]
                                0.00           1.55          -1.55  (VIOLATED) 
     PIN : u_core/rvx_i2c_instance/divider_reg[13]/Q
                                0.00           1.55          -1.55  (VIOLATED) 

   u_core/rvx_i2c_instance/divider[14]
                                0.00           1.55          -1.55  (VIOLATED) 
     PIN : u_core/rvx_i2c_instance/divider_reg[14]/Q
                                0.00           1.55          -1.55  (VIOLATED) 

   u_core/rvx_core_instance/rvx_core_alu_instance/alu_2nd_operand_s2[21]
                                0.00           1.55          -1.55  (VIOLATED) 
     PIN : u_core/rvx_core_instance/rvx_core_alu_instance/C302/Z[21]
                                0.00           1.55          -1.55  (VIOLATED) 

   u_core/rvx_core_instance/rvx_core_alu_instance/alu_2nd_operand_s2[25]
                                0.00           1.55          -1.55  (VIOLATED) 
     PIN : u_core/rvx_core_instance/rvx_core_alu_instance/C302/Z[25]
                                0.00           1.55          -1.55  (VIOLATED) 

   u_core/rvx_core_instance/rvx_core_alu_instance/alu_2nd_operand_s2[29]
                                0.00           1.55          -1.55  (VIOLATED) 
     PIN : u_core/rvx_core_instance/rvx_core_alu_instance/C302/Z[29]
                                0.00           1.55          -1.55  (VIOLATED) 

   u_core/rvx_core_instance/rvx_core_alu_instance/alu_2nd_operand_s2[23]
                                0.00           1.55          -1.55  (VIOLATED) 
     PIN : u_core/rvx_core_instance/rvx_core_alu_instance/C302/Z[23]
                                0.00           1.55          -1.55  (VIOLATED) 

   u_core/rvx_core_instance/rvx_core_alu_instance/alu_2nd_operand_s2[22]
                                0.00           1.55          -1.55  (VIOLATED) 
     PIN : u_core/rvx_core_instance/rvx_core_alu_instance/C302/Z[22]
                                0.00           1.55          -1.55  (VIOLATED) 

   u_core/rvx_core_instance/rvx_core_alu_instance/alu_2nd_operand_s2[27]
                                0.00           1.55          -1.55  (VIOLATED) 
     PIN : u_core/rvx_core_instance/rvx_core_alu_instance/C302/Z[27]
                                0.00           1.55          -1.55  (VIOLATED) 

   u_core/rvx_core_instance/instruction_s1[19]
                                0.00           0.98          -0.98  (VIOLATED) 
     PIN : u_core/rvx_core_instance/rvx_core_bus_controller_instance/C517/Z[19]
                                0.00           0.98          -0.98  (VIOLATED) 

   u_core/rvx_core_instance/instruction_s1[24]
                                0.00           0.98          -0.98  (VIOLATED) 
     PIN : u_core/rvx_core_instance/rvx_core_bus_controller_instance/C517/Z[24]
                                0.00           0.98          -0.98  (VIOLATED) 

   u_core/rvx_i2c_instance/num_shifts[5]
                                0.00           0.98          -0.98  (VIOLATED) 
     PIN : u_core/rvx_i2c_instance/num_shifts_reg[5]/Q
                                0.00           0.98          -0.98  (VIOLATED) 

   u_core/ibus_address[31]      0.00           0.98          -0.98  (VIOLATED) 
     PIN : u_core/rvx_core_instance/rvx_core_bus_controller_instance/C515/Z[31]
                                0.00           0.98          -0.98  (VIOLATED) 

   u_core/rvx_timer_instance/compare[63]
                                0.00           0.98          -0.98  (VIOLATED) 
     PIN : u_core/rvx_timer_instance/compare_reg[63]/Q
                                0.00           0.98          -0.98  (VIOLATED) 

   u_core/rvx_i2c_instance/num_shifts[2]
                                0.00           0.78          -0.78  (VIOLATED) 
     PIN : u_core/rvx_i2c_instance/num_shifts_reg[2]/Q
                                0.00           0.78          -0.78  (VIOLATED) 

   u_core/rvx_i2c_instance/num_shifts[3]
                                0.00           0.78          -0.78  (VIOLATED) 
     PIN : u_core/rvx_i2c_instance/num_shifts_reg[3]/Q
                                0.00           0.78          -0.78  (VIOLATED) 

   u_core/rvx_i2c_instance/num_shifts[4]
                                0.00           0.78          -0.78  (VIOLATED) 
     PIN : u_core/rvx_i2c_instance/num_shifts_reg[4]/Q
                                0.00           0.78          -0.78  (VIOLATED) 

   u_core/rvx_timer_instance/compare[20]
                                0.00           0.78          -0.78  (VIOLATED) 
     PIN : u_core/rvx_timer_instance/compare_reg[20]/Q
                                0.00           0.78          -0.78  (VIOLATED) 

   u_core/rvx_i2c_instance/num_shifts[1]
                                0.00           0.78          -0.78  (VIOLATED) 
     PIN : u_core/rvx_i2c_instance/num_shifts_reg[1]/Q
                                0.00           0.78          -0.78  (VIOLATED) 

   u_core/rvx_timer_instance/compare[1]
                                0.00           0.78          -0.78  (VIOLATED) 
     PIN : u_core/rvx_timer_instance/compare_reg[1]/Q
                                0.00           0.78          -0.78  (VIOLATED) 

   u_core/rvx_i2c_instance/num_shifts[0]
                                0.00           0.78          -0.78  (VIOLATED) 
     PIN : u_core/rvx_i2c_instance/num_shifts_reg[0]/Q
                                0.00           0.78          -0.78  (VIOLATED) 

   u_core/rvx_timer_instance/compare[17]
                                0.00           0.78          -0.78  (VIOLATED) 
     PIN : u_core/rvx_timer_instance/compare_reg[17]/Q
                                0.00           0.78          -0.78  (VIOLATED) 

   u_core/rvx_timer_instance/compare[18]
                                0.00           0.78          -0.78  (VIOLATED) 
     PIN : u_core/rvx_timer_instance/compare_reg[18]/Q
                                0.00           0.78          -0.78  (VIOLATED) 

   u_core/rvx_timer_instance/compare[19]
                                0.00           0.78          -0.78  (VIOLATED) 
     PIN : u_core/rvx_timer_instance/compare_reg[19]/Q
                                0.00           0.78          -0.78  (VIOLATED) 

   u_core/rvx_timer_instance/compare[2]
                                0.00           0.78          -0.78  (VIOLATED) 
     PIN : u_core/rvx_timer_instance/compare_reg[2]/Q
                                0.00           0.78          -0.78  (VIOLATED) 

   u_core/rvx_timer_instance/compare[3]
                                0.00           0.78          -0.78  (VIOLATED) 
     PIN : u_core/rvx_timer_instance/compare_reg[3]/Q
                                0.00           0.78          -0.78  (VIOLATED) 

   u_core/rvx_timer_instance/compare[4]
                                0.00           0.78          -0.78  (VIOLATED) 
     PIN : u_core/rvx_timer_instance/compare_reg[4]/Q
                                0.00           0.78          -0.78  (VIOLATED) 

   u_core/rvx_timer_instance/compare[5]
                                0.00           0.78          -0.78  (VIOLATED) 
     PIN : u_core/rvx_timer_instance/compare_reg[5]/Q
                                0.00           0.78          -0.78  (VIOLATED) 

   u_core/rvx_timer_instance/compare[6]
                                0.00           0.78          -0.78  (VIOLATED) 
     PIN : u_core/rvx_timer_instance/compare_reg[6]/Q
                                0.00           0.78          -0.78  (VIOLATED) 

   u_core/rvx_timer_instance/compare[7]
                                0.00           0.78          -0.78  (VIOLATED) 
     PIN : u_core/rvx_timer_instance/compare_reg[7]/Q
                                0.00           0.78          -0.78  (VIOLATED) 

   u_core/rvx_timer_instance/compare[8]
                                0.00           0.78          -0.78  (VIOLATED) 
     PIN : u_core/rvx_timer_instance/compare_reg[8]/Q
                                0.00           0.78          -0.78  (VIOLATED) 

   u_core/rvx_timer_instance/compare[9]
                                0.00           0.78          -0.78  (VIOLATED) 
     PIN : u_core/rvx_timer_instance/compare_reg[9]/Q
                                0.00           0.78          -0.78  (VIOLATED) 

   u_core/rvx_timer_instance/compare[10]
                                0.00           0.78          -0.78  (VIOLATED) 
     PIN : u_core/rvx_timer_instance/compare_reg[10]/Q
                                0.00           0.78          -0.78  (VIOLATED) 

   u_core/rvx_timer_instance/compare[11]
                                0.00           0.78          -0.78  (VIOLATED) 
     PIN : u_core/rvx_timer_instance/compare_reg[11]/Q
                                0.00           0.78          -0.78  (VIOLATED) 

   u_core/rvx_timer_instance/compare[12]
                                0.00           0.78          -0.78  (VIOLATED) 
     PIN : u_core/rvx_timer_instance/compare_reg[12]/Q
                                0.00           0.78          -0.78  (VIOLATED) 

   u_core/rvx_timer_instance/compare[13]
                                0.00           0.78          -0.78  (VIOLATED) 
     PIN : u_core/rvx_timer_instance/compare_reg[13]/Q
                                0.00           0.78          -0.78  (VIOLATED) 

   u_core/rvx_timer_instance/compare[14]
                                0.00           0.78          -0.78  (VIOLATED) 
     PIN : u_core/rvx_timer_instance/compare_reg[14]/Q
                                0.00           0.78          -0.78  (VIOLATED) 

   u_core/rvx_timer_instance/compare[15]
                                0.00           0.78          -0.78  (VIOLATED) 
     PIN : u_core/rvx_timer_instance/compare_reg[15]/Q
                                0.00           0.78          -0.78  (VIOLATED) 

   u_core/rvx_timer_instance/compare[16]
                                0.00           0.78          -0.78  (VIOLATED) 
     PIN : u_core/rvx_timer_instance/compare_reg[16]/Q
                                0.00           0.78          -0.78  (VIOLATED) 

   u_core/rvx_timer_instance/compare[53]
                                0.00           0.78          -0.78  (VIOLATED) 
     PIN : u_core/rvx_timer_instance/compare_reg[53]/Q
                                0.00           0.78          -0.78  (VIOLATED) 

   u_core/rvx_timer_instance/compare[43]
                                0.00           0.78          -0.78  (VIOLATED) 
     PIN : u_core/rvx_timer_instance/compare_reg[43]/Q
                                0.00           0.78          -0.78  (VIOLATED) 

   u_core/rvx_timer_instance/compare[62]
                                0.00           0.78          -0.78  (VIOLATED) 
     PIN : u_core/rvx_timer_instance/compare_reg[62]/Q
                                0.00           0.78          -0.78  (VIOLATED) 

   u_core/rvx_timer_instance/compare[61]
                                0.00           0.78          -0.78  (VIOLATED) 
     PIN : u_core/rvx_timer_instance/compare_reg[61]/Q
                                0.00           0.78          -0.78  (VIOLATED) 

   u_core/rvx_timer_instance/compare[60]
                                0.00           0.78          -0.78  (VIOLATED) 
     PIN : u_core/rvx_timer_instance/compare_reg[60]/Q
                                0.00           0.78          -0.78  (VIOLATED) 

   u_core/rvx_timer_instance/compare[59]
                                0.00           0.78          -0.78  (VIOLATED) 
     PIN : u_core/rvx_timer_instance/compare_reg[59]/Q
                                0.00           0.78          -0.78  (VIOLATED) 

   u_core/rvx_timer_instance/compare[58]
                                0.00           0.78          -0.78  (VIOLATED) 
     PIN : u_core/rvx_timer_instance/compare_reg[58]/Q
                                0.00           0.78          -0.78  (VIOLATED) 

   u_core/rvx_timer_instance/compare[57]
                                0.00           0.78          -0.78  (VIOLATED) 
     PIN : u_core/rvx_timer_instance/compare_reg[57]/Q
                                0.00           0.78          -0.78  (VIOLATED) 

   u_core/rvx_timer_instance/compare[56]
                                0.00           0.78          -0.78  (VIOLATED) 
     PIN : u_core/rvx_timer_instance/compare_reg[56]/Q
                                0.00           0.78          -0.78  (VIOLATED) 

   u_core/rvx_timer_instance/compare[55]
                                0.00           0.78          -0.78  (VIOLATED) 
     PIN : u_core/rvx_timer_instance/compare_reg[55]/Q
                                0.00           0.78          -0.78  (VIOLATED) 

   u_core/rvx_timer_instance/compare[54]
                                0.00           0.78          -0.78  (VIOLATED) 
     PIN : u_core/rvx_timer_instance/compare_reg[54]/Q
                                0.00           0.78          -0.78  (VIOLATED) 

   u_core/rvx_timer_instance/compare[42]
                                0.00           0.78          -0.78  (VIOLATED) 
     PIN : u_core/rvx_timer_instance/compare_reg[42]/Q
                                0.00           0.78          -0.78  (VIOLATED) 

   u_core/rvx_timer_instance/compare[52]
                                0.00           0.78          -0.78  (VIOLATED) 
     PIN : u_core/rvx_timer_instance/compare_reg[52]/Q
                                0.00           0.78          -0.78  (VIOLATED) 

   u_core/rvx_timer_instance/compare[51]
                                0.00           0.78          -0.78  (VIOLATED) 
     PIN : u_core/rvx_timer_instance/compare_reg[51]/Q
                                0.00           0.78          -0.78  (VIOLATED) 

   u_core/rvx_timer_instance/compare[50]
                                0.00           0.78          -0.78  (VIOLATED) 
     PIN : u_core/rvx_timer_instance/compare_reg[50]/Q
                                0.00           0.78          -0.78  (VIOLATED) 

   u_core/rvx_timer_instance/compare[49]
                                0.00           0.78          -0.78  (VIOLATED) 
     PIN : u_core/rvx_timer_instance/compare_reg[49]/Q
                                0.00           0.78          -0.78  (VIOLATED) 

   u_core/rvx_timer_instance/compare[48]
                                0.00           0.78          -0.78  (VIOLATED) 
     PIN : u_core/rvx_timer_instance/compare_reg[48]/Q
                                0.00           0.78          -0.78  (VIOLATED) 

   u_core/rvx_timer_instance/compare[47]
                                0.00           0.78          -0.78  (VIOLATED) 
     PIN : u_core/rvx_timer_instance/compare_reg[47]/Q
                                0.00           0.78          -0.78  (VIOLATED) 

   u_core/rvx_timer_instance/compare[46]
                                0.00           0.78          -0.78  (VIOLATED) 
     PIN : u_core/rvx_timer_instance/compare_reg[46]/Q
                                0.00           0.78          -0.78  (VIOLATED) 

   u_core/rvx_timer_instance/compare[45]
                                0.00           0.78          -0.78  (VIOLATED) 
     PIN : u_core/rvx_timer_instance/compare_reg[45]/Q
                                0.00           0.78          -0.78  (VIOLATED) 

   u_core/rvx_timer_instance/compare[44]
                                0.00           0.78          -0.78  (VIOLATED) 
     PIN : u_core/rvx_timer_instance/compare_reg[44]/Q
                                0.00           0.78          -0.78  (VIOLATED) 

   u_core/rvx_timer_instance/compare[0]
                                0.00           0.78          -0.78  (VIOLATED) 
     PIN : u_core/rvx_timer_instance/compare_reg[0]/Q
                                0.00           0.78          -0.78  (VIOLATED) 

   u_core/rvx_timer_instance/compare[32]
                                0.00           0.78          -0.78  (VIOLATED) 
     PIN : u_core/rvx_timer_instance/compare_reg[32]/Q
                                0.00           0.78          -0.78  (VIOLATED) 

   u_core/rvx_timer_instance/compare[22]
                                0.00           0.78          -0.78  (VIOLATED) 
     PIN : u_core/rvx_timer_instance/compare_reg[22]/Q
                                0.00           0.78          -0.78  (VIOLATED) 

   u_core/rvx_timer_instance/compare[23]
                                0.00           0.78          -0.78  (VIOLATED) 
     PIN : u_core/rvx_timer_instance/compare_reg[23]/Q
                                0.00           0.78          -0.78  (VIOLATED) 

   u_core/rvx_timer_instance/compare[24]
                                0.00           0.78          -0.78  (VIOLATED) 
     PIN : u_core/rvx_timer_instance/compare_reg[24]/Q
                                0.00           0.78          -0.78  (VIOLATED) 

   u_core/rvx_timer_instance/compare[25]
                                0.00           0.78          -0.78  (VIOLATED) 
     PIN : u_core/rvx_timer_instance/compare_reg[25]/Q
                                0.00           0.78          -0.78  (VIOLATED) 

   u_core/rvx_timer_instance/compare[26]
                                0.00           0.78          -0.78  (VIOLATED) 
     PIN : u_core/rvx_timer_instance/compare_reg[26]/Q
                                0.00           0.78          -0.78  (VIOLATED) 

   u_core/rvx_timer_instance/compare[27]
                                0.00           0.78          -0.78  (VIOLATED) 
     PIN : u_core/rvx_timer_instance/compare_reg[27]/Q
                                0.00           0.78          -0.78  (VIOLATED) 

   u_core/rvx_timer_instance/compare[28]
                                0.00           0.78          -0.78  (VIOLATED) 
     PIN : u_core/rvx_timer_instance/compare_reg[28]/Q
                                0.00           0.78          -0.78  (VIOLATED) 

   u_core/rvx_timer_instance/compare[29]
                                0.00           0.78          -0.78  (VIOLATED) 
     PIN : u_core/rvx_timer_instance/compare_reg[29]/Q
                                0.00           0.78          -0.78  (VIOLATED) 

   u_core/rvx_timer_instance/compare[30]
                                0.00           0.78          -0.78  (VIOLATED) 
     PIN : u_core/rvx_timer_instance/compare_reg[30]/Q
                                0.00           0.78          -0.78  (VIOLATED) 

   u_core/rvx_timer_instance/compare[31]
                                0.00           0.78          -0.78  (VIOLATED) 
     PIN : u_core/rvx_timer_instance/compare_reg[31]/Q
                                0.00           0.78          -0.78  (VIOLATED) 

   u_core/rvx_timer_instance/compare[21]
                                0.00           0.78          -0.78  (VIOLATED) 
     PIN : u_core/rvx_timer_instance/compare_reg[21]/Q
                                0.00           0.78          -0.78  (VIOLATED) 

   u_core/rvx_timer_instance/compare[33]
                                0.00           0.78          -0.78  (VIOLATED) 
     PIN : u_core/rvx_timer_instance/compare_reg[33]/Q
                                0.00           0.78          -0.78  (VIOLATED) 

   u_core/rvx_timer_instance/compare[34]
                                0.00           0.78          -0.78  (VIOLATED) 
     PIN : u_core/rvx_timer_instance/compare_reg[34]/Q
                                0.00           0.78          -0.78  (VIOLATED) 

   u_core/rvx_timer_instance/compare[35]
                                0.00           0.78          -0.78  (VIOLATED) 
     PIN : u_core/rvx_timer_instance/compare_reg[35]/Q
                                0.00           0.78          -0.78  (VIOLATED) 

   u_core/rvx_timer_instance/compare[36]
                                0.00           0.78          -0.78  (VIOLATED) 
     PIN : u_core/rvx_timer_instance/compare_reg[36]/Q
                                0.00           0.78          -0.78  (VIOLATED) 

   u_core/rvx_timer_instance/compare[37]
                                0.00           0.78          -0.78  (VIOLATED) 
     PIN : u_core/rvx_timer_instance/compare_reg[37]/Q
                                0.00           0.78          -0.78  (VIOLATED) 

   u_core/rvx_uart_instance/rx_bit_counter[0]
                                0.00           0.78          -0.78  (VIOLATED) 
     PIN : u_core/rvx_uart_instance/rx_bit_counter_reg[0]/Q
                                0.00           0.78          -0.78  (VIOLATED) 

   u_core/rvx_timer_instance/compare[38]
                                0.00           0.78          -0.78  (VIOLATED) 
     PIN : u_core/rvx_timer_instance/compare_reg[38]/Q
                                0.00           0.78          -0.78  (VIOLATED) 

   u_core/rvx_timer_instance/compare[39]
                                0.00           0.78          -0.78  (VIOLATED) 
     PIN : u_core/rvx_timer_instance/compare_reg[39]/Q
                                0.00           0.78          -0.78  (VIOLATED) 

   u_core/rvx_timer_instance/compare[40]
                                0.00           0.78          -0.78  (VIOLATED) 
     PIN : u_core/rvx_timer_instance/compare_reg[40]/Q
                                0.00           0.78          -0.78  (VIOLATED) 

   u_core/rvx_timer_instance/compare[41]
                                0.00           0.78          -0.78  (VIOLATED) 
     PIN : u_core/rvx_timer_instance/compare_reg[41]/Q
                                0.00           0.78          -0.78  (VIOLATED) 

  ---------------------------------------------------------------------------
   Number of max_capacitance violation(s): 1021



  Mode: functional
  Corner: corner_ss
  Scenario: functional_ss

  ---------------------------------------------------------------------------
   Number of min_pulse_width violation(s): 0
   Total number of violation(s): 2246
1
