Warning: Scenario functional_ff is not configured for setup analysis: skipping. (UIC-058)
****************************************
Report : timing
        -path_type full
        -delay_type max
        -max_paths 10
        -report_by design
Design : top_pad_rvx
Version: W-2024.09-SP3
Date   : Thu Aug 13 16:18:48 2026
****************************************

  Startpoint: u_core/rvx_core_instance/rs1_data_s2_reg[1] (rising edge-triggered flip-flop clocked by RVX_CLK)
  Endpoint: u_core/rvx_tightly_coupled_memory_instance/port0_rdata_reg[0] (rising edge-triggered flip-flop clocked by RVX_CLK)
  Mode: functional
  Corner: corner_ss
  Scenario: functional_ss
  Path Group: RVX_CLK
  Path Type: max

  Point                                            Incr      Path  
  ------------------------------------------------------------------------
  clock RVX_CLK (rise edge)                        0.00      0.00
  clock network delay (ideal)                      1.00      1.00

  u_core/rvx_core_instance/rs1_data_s2_reg[1]/clocked_on (*SEQGEN.1839103_000_2)
                                                   0.00      1.00 r
  u_core/rvx_core_instance/rs1_data_s2_reg[1]/Q (*SEQGEN.1839103_000_2)
                                                   0.00      1.00 f ~
  u_core/rvx_core_instance/gen_rvx_core_mdu.rvx_core_mdu_instance/mult_23/U0/U_118/Y (XOR2X1_RVT)
                                                   0.11      1.11 r
  u_core/rvx_core_instance/gen_rvx_core_mdu.rvx_core_mdu_instance/mult_23/U0/U_1231/Y (NAND2X0_RVT)
                                                   0.31      1.42 f
  u_core/rvx_core_instance/gen_rvx_core_mdu.rvx_core_mdu_instance/mult_23/U0/U_193/Y (OAI21X1_RVT)
                                                   0.25      1.68 r
  u_core/rvx_core_instance/gen_rvx_core_mdu.rvx_core_mdu_instance/mult_23/U0/U_194/Y (XOR2X1_RVT)
                                                   0.08      1.76 r
  u_core/rvx_core_instance/gen_rvx_core_mdu.rvx_core_mdu_instance/mult_23/U0/U_1708/C1 (HADDX1_RVT)
                                                   0.06      1.82 r
  u_core/rvx_core_instance/gen_rvx_core_mdu.rvx_core_mdu_instance/mult_23/U0/U_1710/C1 (HADDX1_RVT)
                                                   0.06      1.88 r
  u_core/rvx_core_instance/gen_rvx_core_mdu.rvx_core_mdu_instance/mult_23/U0/U_1713/C1 (HADDX1_RVT)
                                                   0.07      1.95 r
  u_core/rvx_core_instance/gen_rvx_core_mdu.rvx_core_mdu_instance/mult_23/U0/U_1715/CO (FADDX1_RVT)
                                                   0.09      2.04 r
  u_core/rvx_core_instance/gen_rvx_core_mdu.rvx_core_mdu_instance/mult_23/U0/U_1718/CO (FADDX1_RVT)
                                                   0.10      2.14 r
  u_core/rvx_core_instance/gen_rvx_core_mdu.rvx_core_mdu_instance/mult_23/U0/U_1720/CO (FADDX1_RVT)
                                                   0.10      2.23 r
  u_core/rvx_core_instance/gen_rvx_core_mdu.rvx_core_mdu_instance/mult_23/U0/U_1723/CO (FADDX1_RVT)
                                                   0.10      2.33 r
  u_core/rvx_core_instance/gen_rvx_core_mdu.rvx_core_mdu_instance/mult_23/U0/U_1725/CO (FADDX1_RVT)
                                                   0.10      2.43 r
  u_core/rvx_core_instance/gen_rvx_core_mdu.rvx_core_mdu_instance/mult_23/U0/U_1728/CO (FADDX1_RVT)
                                                   0.10      2.52 r
  u_core/rvx_core_instance/gen_rvx_core_mdu.rvx_core_mdu_instance/mult_23/U0/U_1730/CO (FADDX1_RVT)
                                                   0.10      2.62 r
  u_core/rvx_core_instance/gen_rvx_core_mdu.rvx_core_mdu_instance/mult_23/U0/U_1733/CO (FADDX1_RVT)
                                                   0.10      2.71 r
  u_core/rvx_core_instance/gen_rvx_core_mdu.rvx_core_mdu_instance/mult_23/U0/U_1735/CO (FADDX1_RVT)
                                                   0.10      2.81 r
  u_core/rvx_core_instance/gen_rvx_core_mdu.rvx_core_mdu_instance/mult_23/U0/U_1738/CO (FADDX1_RVT)
                                                   0.10      2.90 r
  u_core/rvx_core_instance/gen_rvx_core_mdu.rvx_core_mdu_instance/mult_23/U0/U_1740/CO (FADDX1_RVT)
                                                   0.10      3.00 r
  u_core/rvx_core_instance/gen_rvx_core_mdu.rvx_core_mdu_instance/mult_23/U0/U_1743/CO (FADDX1_RVT)
                                                   0.10      3.10 r
  u_core/rvx_core_instance/gen_rvx_core_mdu.rvx_core_mdu_instance/mult_23/U0/U_1745/CO (FADDX1_RVT)
                                                   0.10      3.19 r
  u_core/rvx_core_instance/gen_rvx_core_mdu.rvx_core_mdu_instance/mult_23/U0/U_1748/CO (FADDX1_RVT)
                                                   0.10      3.29 r
  u_core/rvx_core_instance/gen_rvx_core_mdu.rvx_core_mdu_instance/mult_23/U0/U_1750/CO (FADDX1_RVT)
                                                   0.10      3.38 r
  u_core/rvx_core_instance/gen_rvx_core_mdu.rvx_core_mdu_instance/mult_23/U0/U_1753/CO (FADDX1_RVT)
                                                   0.10      3.48 r
  u_core/rvx_core_instance/gen_rvx_core_mdu.rvx_core_mdu_instance/mult_23/U0/U_1755/CO (FADDX1_RVT)
                                                   0.10      3.57 r
  u_core/rvx_core_instance/gen_rvx_core_mdu.rvx_core_mdu_instance/mult_23/U0/U_1758/CO (FADDX1_RVT)
                                                   0.10      3.67 r
  u_core/rvx_core_instance/gen_rvx_core_mdu.rvx_core_mdu_instance/mult_23/U0/U_1760/CO (FADDX1_RVT)
                                                   0.10      3.77 r
  u_core/rvx_core_instance/gen_rvx_core_mdu.rvx_core_mdu_instance/mult_23/U0/U_1763/CO (FADDX1_RVT)
                                                   0.10      3.86 r
  u_core/rvx_core_instance/gen_rvx_core_mdu.rvx_core_mdu_instance/mult_23/U0/U_1765/CO (FADDX1_RVT)
                                                   0.10      3.96 r
  u_core/rvx_core_instance/gen_rvx_core_mdu.rvx_core_mdu_instance/mult_23/U0/U_1768/CO (FADDX1_RVT)
                                                   0.10      4.05 r
  u_core/rvx_core_instance/gen_rvx_core_mdu.rvx_core_mdu_instance/mult_23/U0/U_1770/CO (FADDX1_RVT)
                                                   0.10      4.15 r
  u_core/rvx_core_instance/gen_rvx_core_mdu.rvx_core_mdu_instance/mult_23/U0/U_1773/CO (FADDX1_RVT)
                                                   0.10      4.25 r
  u_core/rvx_core_instance/gen_rvx_core_mdu.rvx_core_mdu_instance/mult_23/U0/U_1775/CO (FADDX1_RVT)
                                                   0.10      4.34 r
  u_core/rvx_core_instance/gen_rvx_core_mdu.rvx_core_mdu_instance/mult_23/U0/U_1778/CO (FADDX1_RVT)
                                                   0.10      4.44 r
  u_core/rvx_core_instance/gen_rvx_core_mdu.rvx_core_mdu_instance/mult_23/U0/U_1780/CO (FADDX1_RVT)
                                                   0.10      4.53 r
  u_core/rvx_core_instance/gen_rvx_core_mdu.rvx_core_mdu_instance/mult_23/U0/U_1783/CO (FADDX1_RVT)
                                                   0.10      4.63 r
  u_core/rvx_core_instance/gen_rvx_core_mdu.rvx_core_mdu_instance/mult_23/U0/U_1785/CO (FADDX1_RVT)
                                                   0.10      4.72 r
  u_core/rvx_core_instance/gen_rvx_core_mdu.rvx_core_mdu_instance/mult_23/U0/U_1788/CO (FADDX1_RVT)
                                                   0.10      4.82 r
  u_core/rvx_core_instance/gen_rvx_core_mdu.rvx_core_mdu_instance/mult_23/U0/U_1790/CO (FADDX1_RVT)
                                                   0.10      4.92 r
  u_core/rvx_core_instance/gen_rvx_core_mdu.rvx_core_mdu_instance/mult_23/U0/U_1793/CO (FADDX1_RVT)
                                                   0.10      5.01 r
  u_core/rvx_core_instance/gen_rvx_core_mdu.rvx_core_mdu_instance/mult_23/U0/U_1795/CO (FADDX1_RVT)
                                                   0.10      5.11 r
  u_core/rvx_core_instance/gen_rvx_core_mdu.rvx_core_mdu_instance/mult_23/U0/U_1798/CO (FADDX1_RVT)
                                                   0.10      5.20 r
  u_core/rvx_core_instance/gen_rvx_core_mdu.rvx_core_mdu_instance/mult_23/U0/U_1800/CO (FADDX1_RVT)
                                                   0.10      5.30 r
  u_core/rvx_core_instance/gen_rvx_core_mdu.rvx_core_mdu_instance/mult_23/U0/U_1803/CO (FADDX1_RVT)
                                                   0.10      5.39 r
  u_core/rvx_core_instance/gen_rvx_core_mdu.rvx_core_mdu_instance/mult_23/U0/U_1805/CO (FADDX1_RVT)
                                                   0.10      5.49 r
  u_core/rvx_core_instance/gen_rvx_core_mdu.rvx_core_mdu_instance/mult_23/U0/U_1808/CO (FADDX1_RVT)
                                                   0.10      5.59 r
  u_core/rvx_core_instance/gen_rvx_core_mdu.rvx_core_mdu_instance/mult_23/U0/U_1810/CO (FADDX1_RVT)
                                                   0.10      5.68 r
  u_core/rvx_core_instance/gen_rvx_core_mdu.rvx_core_mdu_instance/mult_23/U0/U_1813/CO (FADDX1_RVT)
                                                   0.10      5.78 r
  u_core/rvx_core_instance/gen_rvx_core_mdu.rvx_core_mdu_instance/mult_23/U0/U_1815/CO (FADDX1_RVT)
                                                   0.10      5.87 r
  u_core/rvx_core_instance/gen_rvx_core_mdu.rvx_core_mdu_instance/mult_23/U0/U_1818/CO (FADDX1_RVT)
                                                   0.10      5.97 r
  u_core/rvx_core_instance/gen_rvx_core_mdu.rvx_core_mdu_instance/mult_23/U0/U_1820/CO (FADDX1_RVT)
                                                   0.10      6.06 r
  u_core/rvx_core_instance/gen_rvx_core_mdu.rvx_core_mdu_instance/mult_23/U0/U_1823/CO (FADDX1_RVT)
                                                   0.10      6.16 r
  u_core/rvx_core_instance/gen_rvx_core_mdu.rvx_core_mdu_instance/mult_23/U0/U_1825/CO (FADDX1_RVT)
                                                   0.10      6.26 r
  u_core/rvx_core_instance/gen_rvx_core_mdu.rvx_core_mdu_instance/mult_23/U0/U_1828/CO (FADDX1_RVT)
                                                   0.10      6.35 r
  u_core/rvx_core_instance/gen_rvx_core_mdu.rvx_core_mdu_instance/mult_23/U0/U_1830/CO (FADDX1_RVT)
                                                   0.10      6.45 r
  u_core/rvx_core_instance/gen_rvx_core_mdu.rvx_core_mdu_instance/mult_23/U0/U_1833/CO (FADDX1_RVT)
                                                   0.10      6.54 r
  u_core/rvx_core_instance/gen_rvx_core_mdu.rvx_core_mdu_instance/mult_23/U0/U_1835/CO (FADDX1_RVT)
                                                   0.10      6.64 r
  u_core/rvx_core_instance/gen_rvx_core_mdu.rvx_core_mdu_instance/mult_23/U0/U_1838/CO (FADDX1_RVT)
                                                   0.10      6.73 r
  u_core/rvx_core_instance/gen_rvx_core_mdu.rvx_core_mdu_instance/mult_23/U0/U_1840/CO (FADDX1_RVT)
                                                   0.10      6.83 r
  u_core/rvx_core_instance/gen_rvx_core_mdu.rvx_core_mdu_instance/mult_23/U0/U_1843/CO (FADDX1_RVT)
                                                   0.10      6.93 r
  u_core/rvx_core_instance/gen_rvx_core_mdu.rvx_core_mdu_instance/mult_23/U0/U_1845/CO (FADDX1_RVT)
                                                   0.10      7.02 r
  u_core/rvx_core_instance/gen_rvx_core_mdu.rvx_core_mdu_instance/mult_23/U0/U_1848/CO (FADDX1_RVT)
                                                   0.10      7.12 r
  u_core/rvx_core_instance/gen_rvx_core_mdu.rvx_core_mdu_instance/mult_23/U0/U_1850/CO (FADDX1_RVT)
                                                   0.10      7.21 r
  u_core/rvx_core_instance/gen_rvx_core_mdu.rvx_core_mdu_instance/mult_23/U0/U_1853/CO (FADDX1_RVT)
                                                   0.10      7.31 r
  u_core/rvx_core_instance/gen_rvx_core_mdu.rvx_core_mdu_instance/mult_23/U0/U_1855/CO (FADDX1_RVT)
                                                   0.10      7.41 r
  u_core/rvx_core_instance/gen_rvx_core_mdu.rvx_core_mdu_instance/mult_23/U0/U_1858/CO (FADDX1_RVT)
                                                   0.10      7.50 r
  u_core/rvx_core_instance/gen_rvx_core_mdu.rvx_core_mdu_instance/mult_23/U0/U_1860/CO (FADDX1_RVT)
                                                   0.10      7.60 r
  u_core/rvx_core_instance/gen_rvx_core_mdu.rvx_core_mdu_instance/mult_23/U0/U_1863/CO (FADDX1_RVT)
                                                   0.10      7.69 r
  u_core/rvx_core_instance/gen_rvx_core_mdu.rvx_core_mdu_instance/mult_23/U0/U_1865/S (FADDX1_RVT)
                                                   0.14      7.83 f
  u_core/rvx_core_instance/gen_rvx_core_mdu.rvx_core_mdu_instance/C91/Z[31] (*SELECT_OP.4_32_4_1_32_33)
                                                   0.00      7.83 f ~
  u_core/rvx_core_instance/gen_rvx_core_mdu.rvx_core_mdu_instance/C92/Z[31] (*SELECT_OP.2_32_2_1_32_33)
                                                   0.00      7.83 f ~
  u_core/rvx_core_instance/C603/Z[31] (*SELECT_OP.8_32_8_1_32_33)
                                                   0.00      7.83 f ~
  u_core/rvx_core_instance/rvx_core_integer_file_instance/C2470/Z[31] (*SELECT_OP.2_32_2_1_32_33)
                                                   0.00      7.83 f ~
  u_core/rvx_core_instance/rvx_core_integer_file_instance/C2473/Z[31] (*SELECT_OP.2_32_2_1_32_33)
                                                   0.00      7.83 f ~
  u_core/rvx_core_instance/rvx_core_branch_instance/eq_26/U0/U_0/Y (XOR2X1_RVT)
                                                   0.08      7.91 f
  u_core/rvx_core_instance/rvx_core_branch_instance/eq_26/U0/U_35/Y (OAI22X1_RVT)
                                                   0.10      8.02 r
  u_core/rvx_core_instance/rvx_core_branch_instance/eq_26/U0/U_76/Y (NOR2X1_RVT)
                                                   0.07      8.09 f
  u_core/rvx_core_instance/rvx_core_branch_instance/eq_26/U0/U_89/Y (NAND2X0_RVT)
                                                   0.04      8.12 r
  u_core/rvx_core_instance/rvx_core_branch_instance/eq_26/U0/U_102/Y (NOR2X1_RVT)
                                                   0.07      8.19 f
  u_core/rvx_core_instance/rvx_core_branch_instance/eq_26/U0/U_115/Y (NAND2X0_RVT)
                                                   0.04      8.23 r
  u_core/rvx_core_instance/rvx_core_branch_instance/eq_26/U0/U_128/Y (NOR2X1_RVT)
                                                   0.07      8.30 f
  u_core/rvx_core_instance/rvx_core_branch_instance/eq_26/U0/U_141/Y (NAND2X0_RVT)
                                                   0.04      8.34 r
  u_core/rvx_core_instance/rvx_core_branch_instance/eq_26/U0/U_154/Y (NOR2X1_RVT)
                                                   0.07      8.41 f
  u_core/rvx_core_instance/rvx_core_branch_instance/eq_26/U0/U_167/Y (NAND2X0_RVT)
                                                   0.04      8.44 r
  u_core/rvx_core_instance/rvx_core_branch_instance/eq_26/U0/U_180/Y (NOR2X1_RVT)
                                                   0.07      8.51 f
  u_core/rvx_core_instance/rvx_core_branch_instance/eq_26/U0/U_193/Y (NAND2X0_RVT)
                                                   0.04      8.55 r
  u_core/rvx_core_instance/rvx_core_branch_instance/eq_26/U0/U_206/Y (NOR2X1_RVT)
                                                   0.07      8.62 f
  u_core/rvx_core_instance/rvx_core_branch_instance/eq_26/U0/U_219/Y (NAND2X0_RVT)
                                                   0.04      8.66 r
  u_core/rvx_core_instance/rvx_core_branch_instance/eq_26/U0/U_232/Y (NOR2X1_RVT)
                                                   0.07      8.73 f
  u_core/rvx_core_instance/rvx_core_branch_instance/eq_26/U0/U_245/Y (NAND2X0_RVT)
                                                   0.04      8.76 r
  u_core/rvx_core_instance/rvx_core_branch_instance/eq_26/U0/U_258/Y (NOR2X1_RVT)
                                                   0.07      8.84 f
  u_core/rvx_core_instance/rvx_core_branch_instance/eq_26/U0/U_2670/Y (AND2X1_RVT)
                                                   0.06      8.89 f
  u_core/rvx_core_instance/rvx_core_branch_instance/C74/Z[0] (*SELECT_OP.7_1_7_1_1_33)
                                                   0.00      8.89 f ~
  u_core/rvx_core_instance/rvx_core_branch_instance/C73/Z[0] (*SELECT_OP.3_1_3_1_1_33)
                                                   0.00      8.89 f ~
  u_core/rvx_core_instance/rvx_core_address_gen_instance/I_5/Z (WVGTECH_NOT)
                                                   0.00      8.89 r ~
  u_core/rvx_core_instance/rvx_core_address_gen_instance/C92/Z[10] (*SELECT_OP.2_32_2_1_32_33)
                                                   0.00      8.89 r ~
  u_core/rvx_core_instance/rvx_core_pc_gen_instance/C69/Z[10] (*SELECT_OP.5_32_5_1_32_33)
                                                   0.00      8.89 r ~
  u_core/rvx_core_instance/rvx_core_bus_controller_instance/C515/Z[10] (*SELECT_OP.3_32_3_1_32_33)
                                                   0.00      8.89 r ~
  u_core/rvx_tightly_coupled_memory_instance/gte_53/U0/U_110/Y (OAI22X1_RVT)
                                                   0.09      8.98 f
  u_core/rvx_tightly_coupled_memory_instance/gte_53/U0/U_112/Y (OAI21X1_RVT)
                                                   0.13      9.10 r
  u_core/rvx_tightly_coupled_memory_instance/gte_53/U0/U_128/Y (AOI21X1_RVT)
                                                   0.10      9.21 f
  u_core/rvx_tightly_coupled_memory_instance/gte_53/U0/U_142/Y (OAI21X1_RVT)
                                                   0.12      9.33 r
  u_core/rvx_tightly_coupled_memory_instance/gte_53/U0/U_158/Y (AOI21X1_RVT)
                                                   0.10      9.43 f
  u_core/rvx_tightly_coupled_memory_instance/gte_53/U0/U_172/Y (OAI21X1_RVT)
                                                   0.12      9.55 r
  u_core/rvx_tightly_coupled_memory_instance/gte_53/U0/U_188/Y (AOI21X1_RVT)
                                                   0.10      9.65 f
  u_core/rvx_tightly_coupled_memory_instance/gte_53/U0/U_202/Y (OAI21X1_RVT)
                                                   0.12      9.77 r
  u_core/rvx_tightly_coupled_memory_instance/gte_53/U0/U_218/Y (AOI21X1_RVT)
                                                   0.10      9.88 f
  u_core/rvx_tightly_coupled_memory_instance/gte_53/U0/U_232/Y (OAI21X1_RVT)
                                                   0.12      9.99 r
  u_core/rvx_tightly_coupled_memory_instance/gte_53/U0/U_248/Y (AOI21X1_RVT)
                                                   0.10     10.10 f
  u_core/rvx_tightly_coupled_memory_instance/gte_53/U0/U_262/Y (OAI21X1_RVT)
                                                   0.12     10.22 r
  u_core/rvx_tightly_coupled_memory_instance/gte_53/U0/U_273/Y (OA21X1_RVT)
                                                   0.06     10.29 r
  u_core/rvx_tightly_coupled_memory_instance/C36486/Z (WVGTECH_OR2)
                                                   0.00     10.29 r ~
  u_core/rvx_tightly_coupled_memory_instance/I_40/Z (WVGTECH_NOT)
                                                   0.00     10.29 f ~
  u_core/rvx_tightly_coupled_memory_instance/C36529/Z (WVGTECH_AND2)
                                                   0.00     10.29 f ~
  u_core/rvx_tightly_coupled_memory_instance/C37573/Z (WVGTECH_AND2)
                                                   0.00     10.29 f ~
  u_core/rvx_tightly_coupled_memory_instance/C36443/Z[0] (*SELECT_OP.3_32_3_1_32_33)
                                                   0.00     10.29 f ~
  u_core/rvx_tightly_coupled_memory_instance/port0_rdata_reg[0]/next_state (*SEQGEN.1839103_000_2)
                                                   0.00     10.29 f
  data arrival time                                         10.29

  clock RVX_CLK (rise edge)                       30.00     30.00
  clock network delay (ideal)                      1.00     31.00
  u_core/rvx_tightly_coupled_memory_instance/port0_rdata_reg[0]/clocked_on (*SEQGEN.1839103_000_2)
                                                   0.00     31.00 r
  clock uncertainty                               -1.00     30.00
  library setup time                              -0.00     30.00
  data required time                                        30.00
  ------------------------------------------------------------------------
  data required time                                        30.00
  data arrival time                                        -10.29
  ------------------------------------------------------------------------
  slack (MET)                                               19.71



  Startpoint: u_core/rvx_core_instance/rs1_data_s2_reg[1] (rising edge-triggered flip-flop clocked by RVX_CLK)
  Endpoint: u_core/rvx_tightly_coupled_memory_instance/port0_rdata_reg[1] (rising edge-triggered flip-flop clocked by RVX_CLK)
  Mode: functional
  Corner: corner_ss
  Scenario: functional_ss
  Path Group: RVX_CLK
  Path Type: max

  Point                                            Incr      Path  
  ------------------------------------------------------------------------
  clock RVX_CLK (rise edge)                        0.00      0.00
  clock network delay (ideal)                      1.00      1.00

  u_core/rvx_core_instance/rs1_data_s2_reg[1]/clocked_on (*SEQGEN.1839103_000_2)
                                                   0.00      1.00 r
  u_core/rvx_core_instance/rs1_data_s2_reg[1]/Q (*SEQGEN.1839103_000_2)
                                                   0.00      1.00 f ~
  u_core/rvx_core_instance/gen_rvx_core_mdu.rvx_core_mdu_instance/mult_23/U0/U_118/Y (XOR2X1_RVT)
                                                   0.11      1.11 r
  u_core/rvx_core_instance/gen_rvx_core_mdu.rvx_core_mdu_instance/mult_23/U0/U_1231/Y (NAND2X0_RVT)
                                                   0.31      1.42 f
  u_core/rvx_core_instance/gen_rvx_core_mdu.rvx_core_mdu_instance/mult_23/U0/U_193/Y (OAI21X1_RVT)
                                                   0.25      1.68 r
  u_core/rvx_core_instance/gen_rvx_core_mdu.rvx_core_mdu_instance/mult_23/U0/U_194/Y (XOR2X1_RVT)
                                                   0.08      1.76 r
  u_core/rvx_core_instance/gen_rvx_core_mdu.rvx_core_mdu_instance/mult_23/U0/U_1708/C1 (HADDX1_RVT)
                                                   0.06      1.82 r
  u_core/rvx_core_instance/gen_rvx_core_mdu.rvx_core_mdu_instance/mult_23/U0/U_1710/C1 (HADDX1_RVT)
                                                   0.06      1.88 r
  u_core/rvx_core_instance/gen_rvx_core_mdu.rvx_core_mdu_instance/mult_23/U0/U_1713/C1 (HADDX1_RVT)
                                                   0.07      1.95 r
  u_core/rvx_core_instance/gen_rvx_core_mdu.rvx_core_mdu_instance/mult_23/U0/U_1715/CO (FADDX1_RVT)
                                                   0.09      2.04 r
  u_core/rvx_core_instance/gen_rvx_core_mdu.rvx_core_mdu_instance/mult_23/U0/U_1718/CO (FADDX1_RVT)
                                                   0.10      2.14 r
  u_core/rvx_core_instance/gen_rvx_core_mdu.rvx_core_mdu_instance/mult_23/U0/U_1720/CO (FADDX1_RVT)
                                                   0.10      2.23 r
  u_core/rvx_core_instance/gen_rvx_core_mdu.rvx_core_mdu_instance/mult_23/U0/U_1723/CO (FADDX1_RVT)
                                                   0.10      2.33 r
  u_core/rvx_core_instance/gen_rvx_core_mdu.rvx_core_mdu_instance/mult_23/U0/U_1725/CO (FADDX1_RVT)
                                                   0.10      2.43 r
  u_core/rvx_core_instance/gen_rvx_core_mdu.rvx_core_mdu_instance/mult_23/U0/U_1728/CO (FADDX1_RVT)
                                                   0.10      2.52 r
  u_core/rvx_core_instance/gen_rvx_core_mdu.rvx_core_mdu_instance/mult_23/U0/U_1730/CO (FADDX1_RVT)
                                                   0.10      2.62 r
  u_core/rvx_core_instance/gen_rvx_core_mdu.rvx_core_mdu_instance/mult_23/U0/U_1733/CO (FADDX1_RVT)
                                                   0.10      2.71 r
  u_core/rvx_core_instance/gen_rvx_core_mdu.rvx_core_mdu_instance/mult_23/U0/U_1735/CO (FADDX1_RVT)
                                                   0.10      2.81 r
  u_core/rvx_core_instance/gen_rvx_core_mdu.rvx_core_mdu_instance/mult_23/U0/U_1738/CO (FADDX1_RVT)
                                                   0.10      2.90 r
  u_core/rvx_core_instance/gen_rvx_core_mdu.rvx_core_mdu_instance/mult_23/U0/U_1740/CO (FADDX1_RVT)
                                                   0.10      3.00 r
  u_core/rvx_core_instance/gen_rvx_core_mdu.rvx_core_mdu_instance/mult_23/U0/U_1743/CO (FADDX1_RVT)
                                                   0.10      3.10 r
  u_core/rvx_core_instance/gen_rvx_core_mdu.rvx_core_mdu_instance/mult_23/U0/U_1745/CO (FADDX1_RVT)
                                                   0.10      3.19 r
  u_core/rvx_core_instance/gen_rvx_core_mdu.rvx_core_mdu_instance/mult_23/U0/U_1748/CO (FADDX1_RVT)
                                                   0.10      3.29 r
  u_core/rvx_core_instance/gen_rvx_core_mdu.rvx_core_mdu_instance/mult_23/U0/U_1750/CO (FADDX1_RVT)
                                                   0.10      3.38 r
  u_core/rvx_core_instance/gen_rvx_core_mdu.rvx_core_mdu_instance/mult_23/U0/U_1753/CO (FADDX1_RVT)
                                                   0.10      3.48 r
  u_core/rvx_core_instance/gen_rvx_core_mdu.rvx_core_mdu_instance/mult_23/U0/U_1755/CO (FADDX1_RVT)
                                                   0.10      3.57 r
  u_core/rvx_core_instance/gen_rvx_core_mdu.rvx_core_mdu_instance/mult_23/U0/U_1758/CO (FADDX1_RVT)
                                                   0.10      3.67 r
  u_core/rvx_core_instance/gen_rvx_core_mdu.rvx_core_mdu_instance/mult_23/U0/U_1760/CO (FADDX1_RVT)
                                                   0.10      3.77 r
  u_core/rvx_core_instance/gen_rvx_core_mdu.rvx_core_mdu_instance/mult_23/U0/U_1763/CO (FADDX1_RVT)
                                                   0.10      3.86 r
  u_core/rvx_core_instance/gen_rvx_core_mdu.rvx_core_mdu_instance/mult_23/U0/U_1765/CO (FADDX1_RVT)
                                                   0.10      3.96 r
  u_core/rvx_core_instance/gen_rvx_core_mdu.rvx_core_mdu_instance/mult_23/U0/U_1768/CO (FADDX1_RVT)
                                                   0.10      4.05 r
  u_core/rvx_core_instance/gen_rvx_core_mdu.rvx_core_mdu_instance/mult_23/U0/U_1770/CO (FADDX1_RVT)
                                                   0.10      4.15 r
  u_core/rvx_core_instance/gen_rvx_core_mdu.rvx_core_mdu_instance/mult_23/U0/U_1773/CO (FADDX1_RVT)
                                                   0.10      4.25 r
  u_core/rvx_core_instance/gen_rvx_core_mdu.rvx_core_mdu_instance/mult_23/U0/U_1775/CO (FADDX1_RVT)
                                                   0.10      4.34 r
  u_core/rvx_core_instance/gen_rvx_core_mdu.rvx_core_mdu_instance/mult_23/U0/U_1778/CO (FADDX1_RVT)
                                                   0.10      4.44 r
  u_core/rvx_core_instance/gen_rvx_core_mdu.rvx_core_mdu_instance/mult_23/U0/U_1780/CO (FADDX1_RVT)
                                                   0.10      4.53 r
  u_core/rvx_core_instance/gen_rvx_core_mdu.rvx_core_mdu_instance/mult_23/U0/U_1783/CO (FADDX1_RVT)
                                                   0.10      4.63 r
  u_core/rvx_core_instance/gen_rvx_core_mdu.rvx_core_mdu_instance/mult_23/U0/U_1785/CO (FADDX1_RVT)
                                                   0.10      4.72 r
  u_core/rvx_core_instance/gen_rvx_core_mdu.rvx_core_mdu_instance/mult_23/U0/U_1788/CO (FADDX1_RVT)
                                                   0.10      4.82 r
  u_core/rvx_core_instance/gen_rvx_core_mdu.rvx_core_mdu_instance/mult_23/U0/U_1790/CO (FADDX1_RVT)
                                                   0.10      4.92 r
  u_core/rvx_core_instance/gen_rvx_core_mdu.rvx_core_mdu_instance/mult_23/U0/U_1793/CO (FADDX1_RVT)
                                                   0.10      5.01 r
  u_core/rvx_core_instance/gen_rvx_core_mdu.rvx_core_mdu_instance/mult_23/U0/U_1795/CO (FADDX1_RVT)
                                                   0.10      5.11 r
  u_core/rvx_core_instance/gen_rvx_core_mdu.rvx_core_mdu_instance/mult_23/U0/U_1798/CO (FADDX1_RVT)
                                                   0.10      5.20 r
  u_core/rvx_core_instance/gen_rvx_core_mdu.rvx_core_mdu_instance/mult_23/U0/U_1800/CO (FADDX1_RVT)
                                                   0.10      5.30 r
  u_core/rvx_core_instance/gen_rvx_core_mdu.rvx_core_mdu_instance/mult_23/U0/U_1803/CO (FADDX1_RVT)
                                                   0.10      5.39 r
  u_core/rvx_core_instance/gen_rvx_core_mdu.rvx_core_mdu_instance/mult_23/U0/U_1805/CO (FADDX1_RVT)
                                                   0.10      5.49 r
  u_core/rvx_core_instance/gen_rvx_core_mdu.rvx_core_mdu_instance/mult_23/U0/U_1808/CO (FADDX1_RVT)
                                                   0.10      5.59 r
  u_core/rvx_core_instance/gen_rvx_core_mdu.rvx_core_mdu_instance/mult_23/U0/U_1810/CO (FADDX1_RVT)
                                                   0.10      5.68 r
  u_core/rvx_core_instance/gen_rvx_core_mdu.rvx_core_mdu_instance/mult_23/U0/U_1813/CO (FADDX1_RVT)
                                                   0.10      5.78 r
  u_core/rvx_core_instance/gen_rvx_core_mdu.rvx_core_mdu_instance/mult_23/U0/U_1815/CO (FADDX1_RVT)
                                                   0.10      5.87 r
  u_core/rvx_core_instance/gen_rvx_core_mdu.rvx_core_mdu_instance/mult_23/U0/U_1818/CO (FADDX1_RVT)
                                                   0.10      5.97 r
  u_core/rvx_core_instance/gen_rvx_core_mdu.rvx_core_mdu_instance/mult_23/U0/U_1820/CO (FADDX1_RVT)
                                                   0.10      6.06 r
  u_core/rvx_core_instance/gen_rvx_core_mdu.rvx_core_mdu_instance/mult_23/U0/U_1823/CO (FADDX1_RVT)
                                                   0.10      6.16 r
  u_core/rvx_core_instance/gen_rvx_core_mdu.rvx_core_mdu_instance/mult_23/U0/U_1825/CO (FADDX1_RVT)
                                                   0.10      6.26 r
  u_core/rvx_core_instance/gen_rvx_core_mdu.rvx_core_mdu_instance/mult_23/U0/U_1828/CO (FADDX1_RVT)
                                                   0.10      6.35 r
  u_core/rvx_core_instance/gen_rvx_core_mdu.rvx_core_mdu_instance/mult_23/U0/U_1830/CO (FADDX1_RVT)
                                                   0.10      6.45 r
  u_core/rvx_core_instance/gen_rvx_core_mdu.rvx_core_mdu_instance/mult_23/U0/U_1833/CO (FADDX1_RVT)
                                                   0.10      6.54 r
  u_core/rvx_core_instance/gen_rvx_core_mdu.rvx_core_mdu_instance/mult_23/U0/U_1835/CO (FADDX1_RVT)
                                                   0.10      6.64 r
  u_core/rvx_core_instance/gen_rvx_core_mdu.rvx_core_mdu_instance/mult_23/U0/U_1838/CO (FADDX1_RVT)
                                                   0.10      6.73 r
  u_core/rvx_core_instance/gen_rvx_core_mdu.rvx_core_mdu_instance/mult_23/U0/U_1840/CO (FADDX1_RVT)
                                                   0.10      6.83 r
  u_core/rvx_core_instance/gen_rvx_core_mdu.rvx_core_mdu_instance/mult_23/U0/U_1843/CO (FADDX1_RVT)
                                                   0.10      6.93 r
  u_core/rvx_core_instance/gen_rvx_core_mdu.rvx_core_mdu_instance/mult_23/U0/U_1845/CO (FADDX1_RVT)
                                                   0.10      7.02 r
  u_core/rvx_core_instance/gen_rvx_core_mdu.rvx_core_mdu_instance/mult_23/U0/U_1848/CO (FADDX1_RVT)
                                                   0.10      7.12 r
  u_core/rvx_core_instance/gen_rvx_core_mdu.rvx_core_mdu_instance/mult_23/U0/U_1850/CO (FADDX1_RVT)
                                                   0.10      7.21 r
  u_core/rvx_core_instance/gen_rvx_core_mdu.rvx_core_mdu_instance/mult_23/U0/U_1853/CO (FADDX1_RVT)
                                                   0.10      7.31 r
  u_core/rvx_core_instance/gen_rvx_core_mdu.rvx_core_mdu_instance/mult_23/U0/U_1855/CO (FADDX1_RVT)
                                                   0.10      7.41 r
  u_core/rvx_core_instance/gen_rvx_core_mdu.rvx_core_mdu_instance/mult_23/U0/U_1858/CO (FADDX1_RVT)
                                                   0.10      7.50 r
  u_core/rvx_core_instance/gen_rvx_core_mdu.rvx_core_mdu_instance/mult_23/U0/U_1860/CO (FADDX1_RVT)
                                                   0.10      7.60 r
  u_core/rvx_core_instance/gen_rvx_core_mdu.rvx_core_mdu_instance/mult_23/U0/U_1863/CO (FADDX1_RVT)
                                                   0.10      7.69 r
  u_core/rvx_core_instance/gen_rvx_core_mdu.rvx_core_mdu_instance/mult_23/U0/U_1865/S (FADDX1_RVT)
                                                   0.14      7.83 f
  u_core/rvx_core_instance/gen_rvx_core_mdu.rvx_core_mdu_instance/C91/Z[31] (*SELECT_OP.4_32_4_1_32_33)
                                                   0.00      7.83 f ~
  u_core/rvx_core_instance/gen_rvx_core_mdu.rvx_core_mdu_instance/C92/Z[31] (*SELECT_OP.2_32_2_1_32_33)
                                                   0.00      7.83 f ~
  u_core/rvx_core_instance/C603/Z[31] (*SELECT_OP.8_32_8_1_32_33)
                                                   0.00      7.83 f ~
  u_core/rvx_core_instance/rvx_core_integer_file_instance/C2470/Z[31] (*SELECT_OP.2_32_2_1_32_33)
                                                   0.00      7.83 f ~
  u_core/rvx_core_instance/rvx_core_integer_file_instance/C2473/Z[31] (*SELECT_OP.2_32_2_1_32_33)
                                                   0.00      7.83 f ~
  u_core/rvx_core_instance/rvx_core_branch_instance/eq_26/U0/U_0/Y (XOR2X1_RVT)
                                                   0.08      7.91 f
  u_core/rvx_core_instance/rvx_core_branch_instance/eq_26/U0/U_35/Y (OAI22X1_RVT)
                                                   0.10      8.02 r
  u_core/rvx_core_instance/rvx_core_branch_instance/eq_26/U0/U_76/Y (NOR2X1_RVT)
                                                   0.07      8.09 f
  u_core/rvx_core_instance/rvx_core_branch_instance/eq_26/U0/U_89/Y (NAND2X0_RVT)
                                                   0.04      8.12 r
  u_core/rvx_core_instance/rvx_core_branch_instance/eq_26/U0/U_102/Y (NOR2X1_RVT)
                                                   0.07      8.19 f
  u_core/rvx_core_instance/rvx_core_branch_instance/eq_26/U0/U_115/Y (NAND2X0_RVT)
                                                   0.04      8.23 r
  u_core/rvx_core_instance/rvx_core_branch_instance/eq_26/U0/U_128/Y (NOR2X1_RVT)
                                                   0.07      8.30 f
  u_core/rvx_core_instance/rvx_core_branch_instance/eq_26/U0/U_141/Y (NAND2X0_RVT)
                                                   0.04      8.34 r
  u_core/rvx_core_instance/rvx_core_branch_instance/eq_26/U0/U_154/Y (NOR2X1_RVT)
                                                   0.07      8.41 f
  u_core/rvx_core_instance/rvx_core_branch_instance/eq_26/U0/U_167/Y (NAND2X0_RVT)
                                                   0.04      8.44 r
  u_core/rvx_core_instance/rvx_core_branch_instance/eq_26/U0/U_180/Y (NOR2X1_RVT)
                                                   0.07      8.51 f
  u_core/rvx_core_instance/rvx_core_branch_instance/eq_26/U0/U_193/Y (NAND2X0_RVT)
                                                   0.04      8.55 r
  u_core/rvx_core_instance/rvx_core_branch_instance/eq_26/U0/U_206/Y (NOR2X1_RVT)
                                                   0.07      8.62 f
  u_core/rvx_core_instance/rvx_core_branch_instance/eq_26/U0/U_219/Y (NAND2X0_RVT)
                                                   0.04      8.66 r
  u_core/rvx_core_instance/rvx_core_branch_instance/eq_26/U0/U_232/Y (NOR2X1_RVT)
                                                   0.07      8.73 f
  u_core/rvx_core_instance/rvx_core_branch_instance/eq_26/U0/U_245/Y (NAND2X0_RVT)
                                                   0.04      8.76 r
  u_core/rvx_core_instance/rvx_core_branch_instance/eq_26/U0/U_258/Y (NOR2X1_RVT)
                                                   0.07      8.84 f
  u_core/rvx_core_instance/rvx_core_branch_instance/eq_26/U0/U_2670/Y (AND2X1_RVT)
                                                   0.06      8.89 f
  u_core/rvx_core_instance/rvx_core_branch_instance/C74/Z[0] (*SELECT_OP.7_1_7_1_1_33)
                                                   0.00      8.89 f ~
  u_core/rvx_core_instance/rvx_core_branch_instance/C73/Z[0] (*SELECT_OP.3_1_3_1_1_33)
                                                   0.00      8.89 f ~
  u_core/rvx_core_instance/rvx_core_address_gen_instance/I_5/Z (WVGTECH_NOT)
                                                   0.00      8.89 r ~
  u_core/rvx_core_instance/rvx_core_address_gen_instance/C92/Z[10] (*SELECT_OP.2_32_2_1_32_33)
                                                   0.00      8.89 r ~
  u_core/rvx_core_instance/rvx_core_pc_gen_instance/C69/Z[10] (*SELECT_OP.5_32_5_1_32_33)
                                                   0.00      8.89 r ~
  u_core/rvx_core_instance/rvx_core_bus_controller_instance/C515/Z[10] (*SELECT_OP.3_32_3_1_32_33)
                                                   0.00      8.89 r ~
  u_core/rvx_tightly_coupled_memory_instance/gte_53/U0/U_110/Y (OAI22X1_RVT)
                                                   0.09      8.98 f
  u_core/rvx_tightly_coupled_memory_instance/gte_53/U0/U_112/Y (OAI21X1_RVT)
                                                   0.13      9.10 r
  u_core/rvx_tightly_coupled_memory_instance/gte_53/U0/U_128/Y (AOI21X1_RVT)
                                                   0.10      9.21 f
  u_core/rvx_tightly_coupled_memory_instance/gte_53/U0/U_142/Y (OAI21X1_RVT)
                                                   0.12      9.33 r
  u_core/rvx_tightly_coupled_memory_instance/gte_53/U0/U_158/Y (AOI21X1_RVT)
                                                   0.10      9.43 f
  u_core/rvx_tightly_coupled_memory_instance/gte_53/U0/U_172/Y (OAI21X1_RVT)
                                                   0.12      9.55 r
  u_core/rvx_tightly_coupled_memory_instance/gte_53/U0/U_188/Y (AOI21X1_RVT)
                                                   0.10      9.65 f
  u_core/rvx_tightly_coupled_memory_instance/gte_53/U0/U_202/Y (OAI21X1_RVT)
                                                   0.12      9.77 r
  u_core/rvx_tightly_coupled_memory_instance/gte_53/U0/U_218/Y (AOI21X1_RVT)
                                                   0.10      9.88 f
  u_core/rvx_tightly_coupled_memory_instance/gte_53/U0/U_232/Y (OAI21X1_RVT)
                                                   0.12      9.99 r
  u_core/rvx_tightly_coupled_memory_instance/gte_53/U0/U_248/Y (AOI21X1_RVT)
                                                   0.10     10.10 f
  u_core/rvx_tightly_coupled_memory_instance/gte_53/U0/U_262/Y (OAI21X1_RVT)
                                                   0.12     10.22 r
  u_core/rvx_tightly_coupled_memory_instance/gte_53/U0/U_273/Y (OA21X1_RVT)
                                                   0.06     10.29 r
  u_core/rvx_tightly_coupled_memory_instance/C36486/Z (WVGTECH_OR2)
                                                   0.00     10.29 r ~
  u_core/rvx_tightly_coupled_memory_instance/I_40/Z (WVGTECH_NOT)
                                                   0.00     10.29 f ~
  u_core/rvx_tightly_coupled_memory_instance/C36529/Z (WVGTECH_AND2)
                                                   0.00     10.29 f ~
  u_core/rvx_tightly_coupled_memory_instance/C37573/Z (WVGTECH_AND2)
                                                   0.00     10.29 f ~
  u_core/rvx_tightly_coupled_memory_instance/C36443/Z[1] (*SELECT_OP.3_32_3_1_32_33)
                                                   0.00     10.29 f ~
  u_core/rvx_tightly_coupled_memory_instance/port0_rdata_reg[1]/next_state (*SEQGEN.1839103_000_2)
                                                   0.00     10.29 f
  data arrival time                                         10.29

  clock RVX_CLK (rise edge)                       30.00     30.00
  clock network delay (ideal)                      1.00     31.00
  u_core/rvx_tightly_coupled_memory_instance/port0_rdata_reg[1]/clocked_on (*SEQGEN.1839103_000_2)
                                                   0.00     31.00 r
  clock uncertainty                               -1.00     30.00
  library setup time                              -0.00     30.00
  data required time                                        30.00
  ------------------------------------------------------------------------
  data required time                                        30.00
  data arrival time                                        -10.29
  ------------------------------------------------------------------------
  slack (MET)                                               19.71



  Startpoint: u_core/rvx_core_instance/rs1_data_s2_reg[1] (rising edge-triggered flip-flop clocked by RVX_CLK)
  Endpoint: u_core/rvx_tightly_coupled_memory_instance/port0_rdata_reg[2] (rising edge-triggered flip-flop clocked by RVX_CLK)
  Mode: functional
  Corner: corner_ss
  Scenario: functional_ss
  Path Group: RVX_CLK
  Path Type: max

  Point                                            Incr      Path  
  ------------------------------------------------------------------------
  clock RVX_CLK (rise edge)                        0.00      0.00
  clock network delay (ideal)                      1.00      1.00

  u_core/rvx_core_instance/rs1_data_s2_reg[1]/clocked_on (*SEQGEN.1839103_000_2)
                                                   0.00      1.00 r
  u_core/rvx_core_instance/rs1_data_s2_reg[1]/Q (*SEQGEN.1839103_000_2)
                                                   0.00      1.00 f ~
  u_core/rvx_core_instance/gen_rvx_core_mdu.rvx_core_mdu_instance/mult_23/U0/U_118/Y (XOR2X1_RVT)
                                                   0.11      1.11 r
  u_core/rvx_core_instance/gen_rvx_core_mdu.rvx_core_mdu_instance/mult_23/U0/U_1231/Y (NAND2X0_RVT)
                                                   0.31      1.42 f
  u_core/rvx_core_instance/gen_rvx_core_mdu.rvx_core_mdu_instance/mult_23/U0/U_193/Y (OAI21X1_RVT)
                                                   0.25      1.68 r
  u_core/rvx_core_instance/gen_rvx_core_mdu.rvx_core_mdu_instance/mult_23/U0/U_194/Y (XOR2X1_RVT)
                                                   0.08      1.76 r
  u_core/rvx_core_instance/gen_rvx_core_mdu.rvx_core_mdu_instance/mult_23/U0/U_1708/C1 (HADDX1_RVT)
                                                   0.06      1.82 r
  u_core/rvx_core_instance/gen_rvx_core_mdu.rvx_core_mdu_instance/mult_23/U0/U_1710/C1 (HADDX1_RVT)
                                                   0.06      1.88 r
  u_core/rvx_core_instance/gen_rvx_core_mdu.rvx_core_mdu_instance/mult_23/U0/U_1713/C1 (HADDX1_RVT)
                                                   0.07      1.95 r
  u_core/rvx_core_instance/gen_rvx_core_mdu.rvx_core_mdu_instance/mult_23/U0/U_1715/CO (FADDX1_RVT)
                                                   0.09      2.04 r
  u_core/rvx_core_instance/gen_rvx_core_mdu.rvx_core_mdu_instance/mult_23/U0/U_1718/CO (FADDX1_RVT)
                                                   0.10      2.14 r
  u_core/rvx_core_instance/gen_rvx_core_mdu.rvx_core_mdu_instance/mult_23/U0/U_1720/CO (FADDX1_RVT)
                                                   0.10      2.23 r
  u_core/rvx_core_instance/gen_rvx_core_mdu.rvx_core_mdu_instance/mult_23/U0/U_1723/CO (FADDX1_RVT)
                                                   0.10      2.33 r
  u_core/rvx_core_instance/gen_rvx_core_mdu.rvx_core_mdu_instance/mult_23/U0/U_1725/CO (FADDX1_RVT)
                                                   0.10      2.43 r
  u_core/rvx_core_instance/gen_rvx_core_mdu.rvx_core_mdu_instance/mult_23/U0/U_1728/CO (FADDX1_RVT)
                                                   0.10      2.52 r
  u_core/rvx_core_instance/gen_rvx_core_mdu.rvx_core_mdu_instance/mult_23/U0/U_1730/CO (FADDX1_RVT)
                                                   0.10      2.62 r
  u_core/rvx_core_instance/gen_rvx_core_mdu.rvx_core_mdu_instance/mult_23/U0/U_1733/CO (FADDX1_RVT)
                                                   0.10      2.71 r
  u_core/rvx_core_instance/gen_rvx_core_mdu.rvx_core_mdu_instance/mult_23/U0/U_1735/CO (FADDX1_RVT)
                                                   0.10      2.81 r
  u_core/rvx_core_instance/gen_rvx_core_mdu.rvx_core_mdu_instance/mult_23/U0/U_1738/CO (FADDX1_RVT)
                                                   0.10      2.90 r
  u_core/rvx_core_instance/gen_rvx_core_mdu.rvx_core_mdu_instance/mult_23/U0/U_1740/CO (FADDX1_RVT)
                                                   0.10      3.00 r
  u_core/rvx_core_instance/gen_rvx_core_mdu.rvx_core_mdu_instance/mult_23/U0/U_1743/CO (FADDX1_RVT)
                                                   0.10      3.10 r
  u_core/rvx_core_instance/gen_rvx_core_mdu.rvx_core_mdu_instance/mult_23/U0/U_1745/CO (FADDX1_RVT)
                                                   0.10      3.19 r
  u_core/rvx_core_instance/gen_rvx_core_mdu.rvx_core_mdu_instance/mult_23/U0/U_1748/CO (FADDX1_RVT)
                                                   0.10      3.29 r
  u_core/rvx_core_instance/gen_rvx_core_mdu.rvx_core_mdu_instance/mult_23/U0/U_1750/CO (FADDX1_RVT)
                                                   0.10      3.38 r
  u_core/rvx_core_instance/gen_rvx_core_mdu.rvx_core_mdu_instance/mult_23/U0/U_1753/CO (FADDX1_RVT)
                                                   0.10      3.48 r
  u_core/rvx_core_instance/gen_rvx_core_mdu.rvx_core_mdu_instance/mult_23/U0/U_1755/CO (FADDX1_RVT)
                                                   0.10      3.57 r
  u_core/rvx_core_instance/gen_rvx_core_mdu.rvx_core_mdu_instance/mult_23/U0/U_1758/CO (FADDX1_RVT)
                                                   0.10      3.67 r
  u_core/rvx_core_instance/gen_rvx_core_mdu.rvx_core_mdu_instance/mult_23/U0/U_1760/CO (FADDX1_RVT)
                                                   0.10      3.77 r
  u_core/rvx_core_instance/gen_rvx_core_mdu.rvx_core_mdu_instance/mult_23/U0/U_1763/CO (FADDX1_RVT)
                                                   0.10      3.86 r
  u_core/rvx_core_instance/gen_rvx_core_mdu.rvx_core_mdu_instance/mult_23/U0/U_1765/CO (FADDX1_RVT)
                                                   0.10      3.96 r
  u_core/rvx_core_instance/gen_rvx_core_mdu.rvx_core_mdu_instance/mult_23/U0/U_1768/CO (FADDX1_RVT)
                                                   0.10      4.05 r
  u_core/rvx_core_instance/gen_rvx_core_mdu.rvx_core_mdu_instance/mult_23/U0/U_1770/CO (FADDX1_RVT)
                                                   0.10      4.15 r
  u_core/rvx_core_instance/gen_rvx_core_mdu.rvx_core_mdu_instance/mult_23/U0/U_1773/CO (FADDX1_RVT)
                                                   0.10      4.25 r
  u_core/rvx_core_instance/gen_rvx_core_mdu.rvx_core_mdu_instance/mult_23/U0/U_1775/CO (FADDX1_RVT)
                                                   0.10      4.34 r
  u_core/rvx_core_instance/gen_rvx_core_mdu.rvx_core_mdu_instance/mult_23/U0/U_1778/CO (FADDX1_RVT)
                                                   0.10      4.44 r
  u_core/rvx_core_instance/gen_rvx_core_mdu.rvx_core_mdu_instance/mult_23/U0/U_1780/CO (FADDX1_RVT)
                                                   0.10      4.53 r
  u_core/rvx_core_instance/gen_rvx_core_mdu.rvx_core_mdu_instance/mult_23/U0/U_1783/CO (FADDX1_RVT)
                                                   0.10      4.63 r
  u_core/rvx_core_instance/gen_rvx_core_mdu.rvx_core_mdu_instance/mult_23/U0/U_1785/CO (FADDX1_RVT)
                                                   0.10      4.72 r
  u_core/rvx_core_instance/gen_rvx_core_mdu.rvx_core_mdu_instance/mult_23/U0/U_1788/CO (FADDX1_RVT)
                                                   0.10      4.82 r
  u_core/rvx_core_instance/gen_rvx_core_mdu.rvx_core_mdu_instance/mult_23/U0/U_1790/CO (FADDX1_RVT)
                                                   0.10      4.92 r
  u_core/rvx_core_instance/gen_rvx_core_mdu.rvx_core_mdu_instance/mult_23/U0/U_1793/CO (FADDX1_RVT)
                                                   0.10      5.01 r
  u_core/rvx_core_instance/gen_rvx_core_mdu.rvx_core_mdu_instance/mult_23/U0/U_1795/CO (FADDX1_RVT)
                                                   0.10      5.11 r
  u_core/rvx_core_instance/gen_rvx_core_mdu.rvx_core_mdu_instance/mult_23/U0/U_1798/CO (FADDX1_RVT)
                                                   0.10      5.20 r
  u_core/rvx_core_instance/gen_rvx_core_mdu.rvx_core_mdu_instance/mult_23/U0/U_1800/CO (FADDX1_RVT)
                                                   0.10      5.30 r
  u_core/rvx_core_instance/gen_rvx_core_mdu.rvx_core_mdu_instance/mult_23/U0/U_1803/CO (FADDX1_RVT)
                                                   0.10      5.39 r
  u_core/rvx_core_instance/gen_rvx_core_mdu.rvx_core_mdu_instance/mult_23/U0/U_1805/CO (FADDX1_RVT)
                                                   0.10      5.49 r
  u_core/rvx_core_instance/gen_rvx_core_mdu.rvx_core_mdu_instance/mult_23/U0/U_1808/CO (FADDX1_RVT)
                                                   0.10      5.59 r
  u_core/rvx_core_instance/gen_rvx_core_mdu.rvx_core_mdu_instance/mult_23/U0/U_1810/CO (FADDX1_RVT)
                                                   0.10      5.68 r
  u_core/rvx_core_instance/gen_rvx_core_mdu.rvx_core_mdu_instance/mult_23/U0/U_1813/CO (FADDX1_RVT)
                                                   0.10      5.78 r
  u_core/rvx_core_instance/gen_rvx_core_mdu.rvx_core_mdu_instance/mult_23/U0/U_1815/CO (FADDX1_RVT)
                                                   0.10      5.87 r
  u_core/rvx_core_instance/gen_rvx_core_mdu.rvx_core_mdu_instance/mult_23/U0/U_1818/CO (FADDX1_RVT)
                                                   0.10      5.97 r
  u_core/rvx_core_instance/gen_rvx_core_mdu.rvx_core_mdu_instance/mult_23/U0/U_1820/CO (FADDX1_RVT)
                                                   0.10      6.06 r
  u_core/rvx_core_instance/gen_rvx_core_mdu.rvx_core_mdu_instance/mult_23/U0/U_1823/CO (FADDX1_RVT)
                                                   0.10      6.16 r
  u_core/rvx_core_instance/gen_rvx_core_mdu.rvx_core_mdu_instance/mult_23/U0/U_1825/CO (FADDX1_RVT)
                                                   0.10      6.26 r
  u_core/rvx_core_instance/gen_rvx_core_mdu.rvx_core_mdu_instance/mult_23/U0/U_1828/CO (FADDX1_RVT)
                                                   0.10      6.35 r
  u_core/rvx_core_instance/gen_rvx_core_mdu.rvx_core_mdu_instance/mult_23/U0/U_1830/CO (FADDX1_RVT)
                                                   0.10      6.45 r
  u_core/rvx_core_instance/gen_rvx_core_mdu.rvx_core_mdu_instance/mult_23/U0/U_1833/CO (FADDX1_RVT)
                                                   0.10      6.54 r
  u_core/rvx_core_instance/gen_rvx_core_mdu.rvx_core_mdu_instance/mult_23/U0/U_1835/CO (FADDX1_RVT)
                                                   0.10      6.64 r
  u_core/rvx_core_instance/gen_rvx_core_mdu.rvx_core_mdu_instance/mult_23/U0/U_1838/CO (FADDX1_RVT)
                                                   0.10      6.73 r
  u_core/rvx_core_instance/gen_rvx_core_mdu.rvx_core_mdu_instance/mult_23/U0/U_1840/CO (FADDX1_RVT)
                                                   0.10      6.83 r
  u_core/rvx_core_instance/gen_rvx_core_mdu.rvx_core_mdu_instance/mult_23/U0/U_1843/CO (FADDX1_RVT)
                                                   0.10      6.93 r
  u_core/rvx_core_instance/gen_rvx_core_mdu.rvx_core_mdu_instance/mult_23/U0/U_1845/CO (FADDX1_RVT)
                                                   0.10      7.02 r
  u_core/rvx_core_instance/gen_rvx_core_mdu.rvx_core_mdu_instance/mult_23/U0/U_1848/CO (FADDX1_RVT)
                                                   0.10      7.12 r
  u_core/rvx_core_instance/gen_rvx_core_mdu.rvx_core_mdu_instance/mult_23/U0/U_1850/CO (FADDX1_RVT)
                                                   0.10      7.21 r
  u_core/rvx_core_instance/gen_rvx_core_mdu.rvx_core_mdu_instance/mult_23/U0/U_1853/CO (FADDX1_RVT)
                                                   0.10      7.31 r
  u_core/rvx_core_instance/gen_rvx_core_mdu.rvx_core_mdu_instance/mult_23/U0/U_1855/CO (FADDX1_RVT)
                                                   0.10      7.41 r
  u_core/rvx_core_instance/gen_rvx_core_mdu.rvx_core_mdu_instance/mult_23/U0/U_1858/CO (FADDX1_RVT)
                                                   0.10      7.50 r
  u_core/rvx_core_instance/gen_rvx_core_mdu.rvx_core_mdu_instance/mult_23/U0/U_1860/CO (FADDX1_RVT)
                                                   0.10      7.60 r
  u_core/rvx_core_instance/gen_rvx_core_mdu.rvx_core_mdu_instance/mult_23/U0/U_1863/CO (FADDX1_RVT)
                                                   0.10      7.69 r
  u_core/rvx_core_instance/gen_rvx_core_mdu.rvx_core_mdu_instance/mult_23/U0/U_1865/S (FADDX1_RVT)
                                                   0.14      7.83 f
  u_core/rvx_core_instance/gen_rvx_core_mdu.rvx_core_mdu_instance/C91/Z[31] (*SELECT_OP.4_32_4_1_32_33)
                                                   0.00      7.83 f ~
  u_core/rvx_core_instance/gen_rvx_core_mdu.rvx_core_mdu_instance/C92/Z[31] (*SELECT_OP.2_32_2_1_32_33)
                                                   0.00      7.83 f ~
  u_core/rvx_core_instance/C603/Z[31] (*SELECT_OP.8_32_8_1_32_33)
                                                   0.00      7.83 f ~
  u_core/rvx_core_instance/rvx_core_integer_file_instance/C2470/Z[31] (*SELECT_OP.2_32_2_1_32_33)
                                                   0.00      7.83 f ~
  u_core/rvx_core_instance/rvx_core_integer_file_instance/C2473/Z[31] (*SELECT_OP.2_32_2_1_32_33)
                                                   0.00      7.83 f ~
  u_core/rvx_core_instance/rvx_core_branch_instance/eq_26/U0/U_0/Y (XOR2X1_RVT)
                                                   0.08      7.91 f
  u_core/rvx_core_instance/rvx_core_branch_instance/eq_26/U0/U_35/Y (OAI22X1_RVT)
                                                   0.10      8.02 r
  u_core/rvx_core_instance/rvx_core_branch_instance/eq_26/U0/U_76/Y (NOR2X1_RVT)
                                                   0.07      8.09 f
  u_core/rvx_core_instance/rvx_core_branch_instance/eq_26/U0/U_89/Y (NAND2X0_RVT)
                                                   0.04      8.12 r
  u_core/rvx_core_instance/rvx_core_branch_instance/eq_26/U0/U_102/Y (NOR2X1_RVT)
                                                   0.07      8.19 f
  u_core/rvx_core_instance/rvx_core_branch_instance/eq_26/U0/U_115/Y (NAND2X0_RVT)
                                                   0.04      8.23 r
  u_core/rvx_core_instance/rvx_core_branch_instance/eq_26/U0/U_128/Y (NOR2X1_RVT)
                                                   0.07      8.30 f
  u_core/rvx_core_instance/rvx_core_branch_instance/eq_26/U0/U_141/Y (NAND2X0_RVT)
                                                   0.04      8.34 r
  u_core/rvx_core_instance/rvx_core_branch_instance/eq_26/U0/U_154/Y (NOR2X1_RVT)
                                                   0.07      8.41 f
  u_core/rvx_core_instance/rvx_core_branch_instance/eq_26/U0/U_167/Y (NAND2X0_RVT)
                                                   0.04      8.44 r
  u_core/rvx_core_instance/rvx_core_branch_instance/eq_26/U0/U_180/Y (NOR2X1_RVT)
                                                   0.07      8.51 f
  u_core/rvx_core_instance/rvx_core_branch_instance/eq_26/U0/U_193/Y (NAND2X0_RVT)
                                                   0.04      8.55 r
  u_core/rvx_core_instance/rvx_core_branch_instance/eq_26/U0/U_206/Y (NOR2X1_RVT)
                                                   0.07      8.62 f
  u_core/rvx_core_instance/rvx_core_branch_instance/eq_26/U0/U_219/Y (NAND2X0_RVT)
                                                   0.04      8.66 r
  u_core/rvx_core_instance/rvx_core_branch_instance/eq_26/U0/U_232/Y (NOR2X1_RVT)
                                                   0.07      8.73 f
  u_core/rvx_core_instance/rvx_core_branch_instance/eq_26/U0/U_245/Y (NAND2X0_RVT)
                                                   0.04      8.76 r
  u_core/rvx_core_instance/rvx_core_branch_instance/eq_26/U0/U_258/Y (NOR2X1_RVT)
                                                   0.07      8.84 f
  u_core/rvx_core_instance/rvx_core_branch_instance/eq_26/U0/U_2670/Y (AND2X1_RVT)
                                                   0.06      8.89 f
  u_core/rvx_core_instance/rvx_core_branch_instance/C74/Z[0] (*SELECT_OP.7_1_7_1_1_33)
                                                   0.00      8.89 f ~
  u_core/rvx_core_instance/rvx_core_branch_instance/C73/Z[0] (*SELECT_OP.3_1_3_1_1_33)
                                                   0.00      8.89 f ~
  u_core/rvx_core_instance/rvx_core_address_gen_instance/I_5/Z (WVGTECH_NOT)
                                                   0.00      8.89 r ~
  u_core/rvx_core_instance/rvx_core_address_gen_instance/C92/Z[10] (*SELECT_OP.2_32_2_1_32_33)
                                                   0.00      8.89 r ~
  u_core/rvx_core_instance/rvx_core_pc_gen_instance/C69/Z[10] (*SELECT_OP.5_32_5_1_32_33)
                                                   0.00      8.89 r ~
  u_core/rvx_core_instance/rvx_core_bus_controller_instance/C515/Z[10] (*SELECT_OP.3_32_3_1_32_33)
                                                   0.00      8.89 r ~
  u_core/rvx_tightly_coupled_memory_instance/gte_53/U0/U_110/Y (OAI22X1_RVT)
                                                   0.09      8.98 f
  u_core/rvx_tightly_coupled_memory_instance/gte_53/U0/U_112/Y (OAI21X1_RVT)
                                                   0.13      9.10 r
  u_core/rvx_tightly_coupled_memory_instance/gte_53/U0/U_128/Y (AOI21X1_RVT)
                                                   0.10      9.21 f
  u_core/rvx_tightly_coupled_memory_instance/gte_53/U0/U_142/Y (OAI21X1_RVT)
                                                   0.12      9.33 r
  u_core/rvx_tightly_coupled_memory_instance/gte_53/U0/U_158/Y (AOI21X1_RVT)
                                                   0.10      9.43 f
  u_core/rvx_tightly_coupled_memory_instance/gte_53/U0/U_172/Y (OAI21X1_RVT)
                                                   0.12      9.55 r
  u_core/rvx_tightly_coupled_memory_instance/gte_53/U0/U_188/Y (AOI21X1_RVT)
                                                   0.10      9.65 f
  u_core/rvx_tightly_coupled_memory_instance/gte_53/U0/U_202/Y (OAI21X1_RVT)
                                                   0.12      9.77 r
  u_core/rvx_tightly_coupled_memory_instance/gte_53/U0/U_218/Y (AOI21X1_RVT)
                                                   0.10      9.88 f
  u_core/rvx_tightly_coupled_memory_instance/gte_53/U0/U_232/Y (OAI21X1_RVT)
                                                   0.12      9.99 r
  u_core/rvx_tightly_coupled_memory_instance/gte_53/U0/U_248/Y (AOI21X1_RVT)
                                                   0.10     10.10 f
  u_core/rvx_tightly_coupled_memory_instance/gte_53/U0/U_262/Y (OAI21X1_RVT)
                                                   0.12     10.22 r
  u_core/rvx_tightly_coupled_memory_instance/gte_53/U0/U_273/Y (OA21X1_RVT)
                                                   0.06     10.29 r
  u_core/rvx_tightly_coupled_memory_instance/C36486/Z (WVGTECH_OR2)
                                                   0.00     10.29 r ~
  u_core/rvx_tightly_coupled_memory_instance/I_40/Z (WVGTECH_NOT)
                                                   0.00     10.29 f ~
  u_core/rvx_tightly_coupled_memory_instance/C36529/Z (WVGTECH_AND2)
                                                   0.00     10.29 f ~
  u_core/rvx_tightly_coupled_memory_instance/C37573/Z (WVGTECH_AND2)
                                                   0.00     10.29 f ~
  u_core/rvx_tightly_coupled_memory_instance/C36443/Z[2] (*SELECT_OP.3_32_3_1_32_33)
                                                   0.00     10.29 f ~
  u_core/rvx_tightly_coupled_memory_instance/port0_rdata_reg[2]/next_state (*SEQGEN.1839103_000_2)
                                                   0.00     10.29 f
  data arrival time                                         10.29

  clock RVX_CLK (rise edge)                       30.00     30.00
  clock network delay (ideal)                      1.00     31.00
  u_core/rvx_tightly_coupled_memory_instance/port0_rdata_reg[2]/clocked_on (*SEQGEN.1839103_000_2)
                                                   0.00     31.00 r
  clock uncertainty                               -1.00     30.00
  library setup time                              -0.00     30.00
  data required time                                        30.00
  ------------------------------------------------------------------------
  data required time                                        30.00
  data arrival time                                        -10.29
  ------------------------------------------------------------------------
  slack (MET)                                               19.71



  Startpoint: u_core/rvx_core_instance/rs1_data_s2_reg[1] (rising edge-triggered flip-flop clocked by RVX_CLK)
  Endpoint: u_core/rvx_tightly_coupled_memory_instance/port0_rdata_reg[3] (rising edge-triggered flip-flop clocked by RVX_CLK)
  Mode: functional
  Corner: corner_ss
  Scenario: functional_ss
  Path Group: RVX_CLK
  Path Type: max

  Point                                            Incr      Path  
  ------------------------------------------------------------------------
  clock RVX_CLK (rise edge)                        0.00      0.00
  clock network delay (ideal)                      1.00      1.00

  u_core/rvx_core_instance/rs1_data_s2_reg[1]/clocked_on (*SEQGEN.1839103_000_2)
                                                   0.00      1.00 r
  u_core/rvx_core_instance/rs1_data_s2_reg[1]/Q (*SEQGEN.1839103_000_2)
                                                   0.00      1.00 f ~
  u_core/rvx_core_instance/gen_rvx_core_mdu.rvx_core_mdu_instance/mult_23/U0/U_118/Y (XOR2X1_RVT)
                                                   0.11      1.11 r
  u_core/rvx_core_instance/gen_rvx_core_mdu.rvx_core_mdu_instance/mult_23/U0/U_1231/Y (NAND2X0_RVT)
                                                   0.31      1.42 f
  u_core/rvx_core_instance/gen_rvx_core_mdu.rvx_core_mdu_instance/mult_23/U0/U_193/Y (OAI21X1_RVT)
                                                   0.25      1.68 r
  u_core/rvx_core_instance/gen_rvx_core_mdu.rvx_core_mdu_instance/mult_23/U0/U_194/Y (XOR2X1_RVT)
                                                   0.08      1.76 r
  u_core/rvx_core_instance/gen_rvx_core_mdu.rvx_core_mdu_instance/mult_23/U0/U_1708/C1 (HADDX1_RVT)
                                                   0.06      1.82 r
  u_core/rvx_core_instance/gen_rvx_core_mdu.rvx_core_mdu_instance/mult_23/U0/U_1710/C1 (HADDX1_RVT)
                                                   0.06      1.88 r
  u_core/rvx_core_instance/gen_rvx_core_mdu.rvx_core_mdu_instance/mult_23/U0/U_1713/C1 (HADDX1_RVT)
                                                   0.07      1.95 r
  u_core/rvx_core_instance/gen_rvx_core_mdu.rvx_core_mdu_instance/mult_23/U0/U_1715/CO (FADDX1_RVT)
                                                   0.09      2.04 r
  u_core/rvx_core_instance/gen_rvx_core_mdu.rvx_core_mdu_instance/mult_23/U0/U_1718/CO (FADDX1_RVT)
                                                   0.10      2.14 r
  u_core/rvx_core_instance/gen_rvx_core_mdu.rvx_core_mdu_instance/mult_23/U0/U_1720/CO (FADDX1_RVT)
                                                   0.10      2.23 r
  u_core/rvx_core_instance/gen_rvx_core_mdu.rvx_core_mdu_instance/mult_23/U0/U_1723/CO (FADDX1_RVT)
                                                   0.10      2.33 r
  u_core/rvx_core_instance/gen_rvx_core_mdu.rvx_core_mdu_instance/mult_23/U0/U_1725/CO (FADDX1_RVT)
                                                   0.10      2.43 r
  u_core/rvx_core_instance/gen_rvx_core_mdu.rvx_core_mdu_instance/mult_23/U0/U_1728/CO (FADDX1_RVT)
                                                   0.10      2.52 r
  u_core/rvx_core_instance/gen_rvx_core_mdu.rvx_core_mdu_instance/mult_23/U0/U_1730/CO (FADDX1_RVT)
                                                   0.10      2.62 r
  u_core/rvx_core_instance/gen_rvx_core_mdu.rvx_core_mdu_instance/mult_23/U0/U_1733/CO (FADDX1_RVT)
                                                   0.10      2.71 r
  u_core/rvx_core_instance/gen_rvx_core_mdu.rvx_core_mdu_instance/mult_23/U0/U_1735/CO (FADDX1_RVT)
                                                   0.10      2.81 r
  u_core/rvx_core_instance/gen_rvx_core_mdu.rvx_core_mdu_instance/mult_23/U0/U_1738/CO (FADDX1_RVT)
                                                   0.10      2.90 r
  u_core/rvx_core_instance/gen_rvx_core_mdu.rvx_core_mdu_instance/mult_23/U0/U_1740/CO (FADDX1_RVT)
                                                   0.10      3.00 r
  u_core/rvx_core_instance/gen_rvx_core_mdu.rvx_core_mdu_instance/mult_23/U0/U_1743/CO (FADDX1_RVT)
                                                   0.10      3.10 r
  u_core/rvx_core_instance/gen_rvx_core_mdu.rvx_core_mdu_instance/mult_23/U0/U_1745/CO (FADDX1_RVT)
                                                   0.10      3.19 r
  u_core/rvx_core_instance/gen_rvx_core_mdu.rvx_core_mdu_instance/mult_23/U0/U_1748/CO (FADDX1_RVT)
                                                   0.10      3.29 r
  u_core/rvx_core_instance/gen_rvx_core_mdu.rvx_core_mdu_instance/mult_23/U0/U_1750/CO (FADDX1_RVT)
                                                   0.10      3.38 r
  u_core/rvx_core_instance/gen_rvx_core_mdu.rvx_core_mdu_instance/mult_23/U0/U_1753/CO (FADDX1_RVT)
                                                   0.10      3.48 r
  u_core/rvx_core_instance/gen_rvx_core_mdu.rvx_core_mdu_instance/mult_23/U0/U_1755/CO (FADDX1_RVT)
                                                   0.10      3.57 r
  u_core/rvx_core_instance/gen_rvx_core_mdu.rvx_core_mdu_instance/mult_23/U0/U_1758/CO (FADDX1_RVT)
                                                   0.10      3.67 r
  u_core/rvx_core_instance/gen_rvx_core_mdu.rvx_core_mdu_instance/mult_23/U0/U_1760/CO (FADDX1_RVT)
                                                   0.10      3.77 r
  u_core/rvx_core_instance/gen_rvx_core_mdu.rvx_core_mdu_instance/mult_23/U0/U_1763/CO (FADDX1_RVT)
                                                   0.10      3.86 r
  u_core/rvx_core_instance/gen_rvx_core_mdu.rvx_core_mdu_instance/mult_23/U0/U_1765/CO (FADDX1_RVT)
                                                   0.10      3.96 r
  u_core/rvx_core_instance/gen_rvx_core_mdu.rvx_core_mdu_instance/mult_23/U0/U_1768/CO (FADDX1_RVT)
                                                   0.10      4.05 r
  u_core/rvx_core_instance/gen_rvx_core_mdu.rvx_core_mdu_instance/mult_23/U0/U_1770/CO (FADDX1_RVT)
                                                   0.10      4.15 r
  u_core/rvx_core_instance/gen_rvx_core_mdu.rvx_core_mdu_instance/mult_23/U0/U_1773/CO (FADDX1_RVT)
                                                   0.10      4.25 r
  u_core/rvx_core_instance/gen_rvx_core_mdu.rvx_core_mdu_instance/mult_23/U0/U_1775/CO (FADDX1_RVT)
                                                   0.10      4.34 r
  u_core/rvx_core_instance/gen_rvx_core_mdu.rvx_core_mdu_instance/mult_23/U0/U_1778/CO (FADDX1_RVT)
                                                   0.10      4.44 r
  u_core/rvx_core_instance/gen_rvx_core_mdu.rvx_core_mdu_instance/mult_23/U0/U_1780/CO (FADDX1_RVT)
                                                   0.10      4.53 r
  u_core/rvx_core_instance/gen_rvx_core_mdu.rvx_core_mdu_instance/mult_23/U0/U_1783/CO (FADDX1_RVT)
                                                   0.10      4.63 r
  u_core/rvx_core_instance/gen_rvx_core_mdu.rvx_core_mdu_instance/mult_23/U0/U_1785/CO (FADDX1_RVT)
                                                   0.10      4.72 r
  u_core/rvx_core_instance/gen_rvx_core_mdu.rvx_core_mdu_instance/mult_23/U0/U_1788/CO (FADDX1_RVT)
                                                   0.10      4.82 r
  u_core/rvx_core_instance/gen_rvx_core_mdu.rvx_core_mdu_instance/mult_23/U0/U_1790/CO (FADDX1_RVT)
                                                   0.10      4.92 r
  u_core/rvx_core_instance/gen_rvx_core_mdu.rvx_core_mdu_instance/mult_23/U0/U_1793/CO (FADDX1_RVT)
                                                   0.10      5.01 r
  u_core/rvx_core_instance/gen_rvx_core_mdu.rvx_core_mdu_instance/mult_23/U0/U_1795/CO (FADDX1_RVT)
                                                   0.10      5.11 r
  u_core/rvx_core_instance/gen_rvx_core_mdu.rvx_core_mdu_instance/mult_23/U0/U_1798/CO (FADDX1_RVT)
                                                   0.10      5.20 r
  u_core/rvx_core_instance/gen_rvx_core_mdu.rvx_core_mdu_instance/mult_23/U0/U_1800/CO (FADDX1_RVT)
                                                   0.10      5.30 r
  u_core/rvx_core_instance/gen_rvx_core_mdu.rvx_core_mdu_instance/mult_23/U0/U_1803/CO (FADDX1_RVT)
                                                   0.10      5.39 r
  u_core/rvx_core_instance/gen_rvx_core_mdu.rvx_core_mdu_instance/mult_23/U0/U_1805/CO (FADDX1_RVT)
                                                   0.10      5.49 r
  u_core/rvx_core_instance/gen_rvx_core_mdu.rvx_core_mdu_instance/mult_23/U0/U_1808/CO (FADDX1_RVT)
                                                   0.10      5.59 r
  u_core/rvx_core_instance/gen_rvx_core_mdu.rvx_core_mdu_instance/mult_23/U0/U_1810/CO (FADDX1_RVT)
                                                   0.10      5.68 r
  u_core/rvx_core_instance/gen_rvx_core_mdu.rvx_core_mdu_instance/mult_23/U0/U_1813/CO (FADDX1_RVT)
                                                   0.10      5.78 r
  u_core/rvx_core_instance/gen_rvx_core_mdu.rvx_core_mdu_instance/mult_23/U0/U_1815/CO (FADDX1_RVT)
                                                   0.10      5.87 r
  u_core/rvx_core_instance/gen_rvx_core_mdu.rvx_core_mdu_instance/mult_23/U0/U_1818/CO (FADDX1_RVT)
                                                   0.10      5.97 r
  u_core/rvx_core_instance/gen_rvx_core_mdu.rvx_core_mdu_instance/mult_23/U0/U_1820/CO (FADDX1_RVT)
                                                   0.10      6.06 r
  u_core/rvx_core_instance/gen_rvx_core_mdu.rvx_core_mdu_instance/mult_23/U0/U_1823/CO (FADDX1_RVT)
                                                   0.10      6.16 r
  u_core/rvx_core_instance/gen_rvx_core_mdu.rvx_core_mdu_instance/mult_23/U0/U_1825/CO (FADDX1_RVT)
                                                   0.10      6.26 r
  u_core/rvx_core_instance/gen_rvx_core_mdu.rvx_core_mdu_instance/mult_23/U0/U_1828/CO (FADDX1_RVT)
                                                   0.10      6.35 r
  u_core/rvx_core_instance/gen_rvx_core_mdu.rvx_core_mdu_instance/mult_23/U0/U_1830/CO (FADDX1_RVT)
                                                   0.10      6.45 r
  u_core/rvx_core_instance/gen_rvx_core_mdu.rvx_core_mdu_instance/mult_23/U0/U_1833/CO (FADDX1_RVT)
                                                   0.10      6.54 r
  u_core/rvx_core_instance/gen_rvx_core_mdu.rvx_core_mdu_instance/mult_23/U0/U_1835/CO (FADDX1_RVT)
                                                   0.10      6.64 r
  u_core/rvx_core_instance/gen_rvx_core_mdu.rvx_core_mdu_instance/mult_23/U0/U_1838/CO (FADDX1_RVT)
                                                   0.10      6.73 r
  u_core/rvx_core_instance/gen_rvx_core_mdu.rvx_core_mdu_instance/mult_23/U0/U_1840/CO (FADDX1_RVT)
                                                   0.10      6.83 r
  u_core/rvx_core_instance/gen_rvx_core_mdu.rvx_core_mdu_instance/mult_23/U0/U_1843/CO (FADDX1_RVT)
                                                   0.10      6.93 r
  u_core/rvx_core_instance/gen_rvx_core_mdu.rvx_core_mdu_instance/mult_23/U0/U_1845/CO (FADDX1_RVT)
                                                   0.10      7.02 r
  u_core/rvx_core_instance/gen_rvx_core_mdu.rvx_core_mdu_instance/mult_23/U0/U_1848/CO (FADDX1_RVT)
                                                   0.10      7.12 r
  u_core/rvx_core_instance/gen_rvx_core_mdu.rvx_core_mdu_instance/mult_23/U0/U_1850/CO (FADDX1_RVT)
                                                   0.10      7.21 r
  u_core/rvx_core_instance/gen_rvx_core_mdu.rvx_core_mdu_instance/mult_23/U0/U_1853/CO (FADDX1_RVT)
                                                   0.10      7.31 r
  u_core/rvx_core_instance/gen_rvx_core_mdu.rvx_core_mdu_instance/mult_23/U0/U_1855/CO (FADDX1_RVT)
                                                   0.10      7.41 r
  u_core/rvx_core_instance/gen_rvx_core_mdu.rvx_core_mdu_instance/mult_23/U0/U_1858/CO (FADDX1_RVT)
                                                   0.10      7.50 r
  u_core/rvx_core_instance/gen_rvx_core_mdu.rvx_core_mdu_instance/mult_23/U0/U_1860/CO (FADDX1_RVT)
                                                   0.10      7.60 r
  u_core/rvx_core_instance/gen_rvx_core_mdu.rvx_core_mdu_instance/mult_23/U0/U_1863/CO (FADDX1_RVT)
                                                   0.10      7.69 r
  u_core/rvx_core_instance/gen_rvx_core_mdu.rvx_core_mdu_instance/mult_23/U0/U_1865/S (FADDX1_RVT)
                                                   0.14      7.83 f
  u_core/rvx_core_instance/gen_rvx_core_mdu.rvx_core_mdu_instance/C91/Z[31] (*SELECT_OP.4_32_4_1_32_33)
                                                   0.00      7.83 f ~
  u_core/rvx_core_instance/gen_rvx_core_mdu.rvx_core_mdu_instance/C92/Z[31] (*SELECT_OP.2_32_2_1_32_33)
                                                   0.00      7.83 f ~
  u_core/rvx_core_instance/C603/Z[31] (*SELECT_OP.8_32_8_1_32_33)
                                                   0.00      7.83 f ~
  u_core/rvx_core_instance/rvx_core_integer_file_instance/C2470/Z[31] (*SELECT_OP.2_32_2_1_32_33)
                                                   0.00      7.83 f ~
  u_core/rvx_core_instance/rvx_core_integer_file_instance/C2473/Z[31] (*SELECT_OP.2_32_2_1_32_33)
                                                   0.00      7.83 f ~
  u_core/rvx_core_instance/rvx_core_branch_instance/eq_26/U0/U_0/Y (XOR2X1_RVT)
                                                   0.08      7.91 f
  u_core/rvx_core_instance/rvx_core_branch_instance/eq_26/U0/U_35/Y (OAI22X1_RVT)
                                                   0.10      8.02 r
  u_core/rvx_core_instance/rvx_core_branch_instance/eq_26/U0/U_76/Y (NOR2X1_RVT)
                                                   0.07      8.09 f
  u_core/rvx_core_instance/rvx_core_branch_instance/eq_26/U0/U_89/Y (NAND2X0_RVT)
                                                   0.04      8.12 r
  u_core/rvx_core_instance/rvx_core_branch_instance/eq_26/U0/U_102/Y (NOR2X1_RVT)
                                                   0.07      8.19 f
  u_core/rvx_core_instance/rvx_core_branch_instance/eq_26/U0/U_115/Y (NAND2X0_RVT)
                                                   0.04      8.23 r
  u_core/rvx_core_instance/rvx_core_branch_instance/eq_26/U0/U_128/Y (NOR2X1_RVT)
                                                   0.07      8.30 f
  u_core/rvx_core_instance/rvx_core_branch_instance/eq_26/U0/U_141/Y (NAND2X0_RVT)
                                                   0.04      8.34 r
  u_core/rvx_core_instance/rvx_core_branch_instance/eq_26/U0/U_154/Y (NOR2X1_RVT)
                                                   0.07      8.41 f
  u_core/rvx_core_instance/rvx_core_branch_instance/eq_26/U0/U_167/Y (NAND2X0_RVT)
                                                   0.04      8.44 r
  u_core/rvx_core_instance/rvx_core_branch_instance/eq_26/U0/U_180/Y (NOR2X1_RVT)
                                                   0.07      8.51 f
  u_core/rvx_core_instance/rvx_core_branch_instance/eq_26/U0/U_193/Y (NAND2X0_RVT)
                                                   0.04      8.55 r
  u_core/rvx_core_instance/rvx_core_branch_instance/eq_26/U0/U_206/Y (NOR2X1_RVT)
                                                   0.07      8.62 f
  u_core/rvx_core_instance/rvx_core_branch_instance/eq_26/U0/U_219/Y (NAND2X0_RVT)
                                                   0.04      8.66 r
  u_core/rvx_core_instance/rvx_core_branch_instance/eq_26/U0/U_232/Y (NOR2X1_RVT)
                                                   0.07      8.73 f
  u_core/rvx_core_instance/rvx_core_branch_instance/eq_26/U0/U_245/Y (NAND2X0_RVT)
                                                   0.04      8.76 r
  u_core/rvx_core_instance/rvx_core_branch_instance/eq_26/U0/U_258/Y (NOR2X1_RVT)
                                                   0.07      8.84 f
  u_core/rvx_core_instance/rvx_core_branch_instance/eq_26/U0/U_2670/Y (AND2X1_RVT)
                                                   0.06      8.89 f
  u_core/rvx_core_instance/rvx_core_branch_instance/C74/Z[0] (*SELECT_OP.7_1_7_1_1_33)
                                                   0.00      8.89 f ~
  u_core/rvx_core_instance/rvx_core_branch_instance/C73/Z[0] (*SELECT_OP.3_1_3_1_1_33)
                                                   0.00      8.89 f ~
  u_core/rvx_core_instance/rvx_core_address_gen_instance/I_5/Z (WVGTECH_NOT)
                                                   0.00      8.89 r ~
  u_core/rvx_core_instance/rvx_core_address_gen_instance/C92/Z[10] (*SELECT_OP.2_32_2_1_32_33)
                                                   0.00      8.89 r ~
  u_core/rvx_core_instance/rvx_core_pc_gen_instance/C69/Z[10] (*SELECT_OP.5_32_5_1_32_33)
                                                   0.00      8.89 r ~
  u_core/rvx_core_instance/rvx_core_bus_controller_instance/C515/Z[10] (*SELECT_OP.3_32_3_1_32_33)
                                                   0.00      8.89 r ~
  u_core/rvx_tightly_coupled_memory_instance/gte_53/U0/U_110/Y (OAI22X1_RVT)
                                                   0.09      8.98 f
  u_core/rvx_tightly_coupled_memory_instance/gte_53/U0/U_112/Y (OAI21X1_RVT)
                                                   0.13      9.10 r
  u_core/rvx_tightly_coupled_memory_instance/gte_53/U0/U_128/Y (AOI21X1_RVT)
                                                   0.10      9.21 f
  u_core/rvx_tightly_coupled_memory_instance/gte_53/U0/U_142/Y (OAI21X1_RVT)
                                                   0.12      9.33 r
  u_core/rvx_tightly_coupled_memory_instance/gte_53/U0/U_158/Y (AOI21X1_RVT)
                                                   0.10      9.43 f
  u_core/rvx_tightly_coupled_memory_instance/gte_53/U0/U_172/Y (OAI21X1_RVT)
                                                   0.12      9.55 r
  u_core/rvx_tightly_coupled_memory_instance/gte_53/U0/U_188/Y (AOI21X1_RVT)
                                                   0.10      9.65 f
  u_core/rvx_tightly_coupled_memory_instance/gte_53/U0/U_202/Y (OAI21X1_RVT)
                                                   0.12      9.77 r
  u_core/rvx_tightly_coupled_memory_instance/gte_53/U0/U_218/Y (AOI21X1_RVT)
                                                   0.10      9.88 f
  u_core/rvx_tightly_coupled_memory_instance/gte_53/U0/U_232/Y (OAI21X1_RVT)
                                                   0.12      9.99 r
  u_core/rvx_tightly_coupled_memory_instance/gte_53/U0/U_248/Y (AOI21X1_RVT)
                                                   0.10     10.10 f
  u_core/rvx_tightly_coupled_memory_instance/gte_53/U0/U_262/Y (OAI21X1_RVT)
                                                   0.12     10.22 r
  u_core/rvx_tightly_coupled_memory_instance/gte_53/U0/U_273/Y (OA21X1_RVT)
                                                   0.06     10.29 r
  u_core/rvx_tightly_coupled_memory_instance/C36486/Z (WVGTECH_OR2)
                                                   0.00     10.29 r ~
  u_core/rvx_tightly_coupled_memory_instance/I_40/Z (WVGTECH_NOT)
                                                   0.00     10.29 f ~
  u_core/rvx_tightly_coupled_memory_instance/C36529/Z (WVGTECH_AND2)
                                                   0.00     10.29 f ~
  u_core/rvx_tightly_coupled_memory_instance/C37573/Z (WVGTECH_AND2)
                                                   0.00     10.29 f ~
  u_core/rvx_tightly_coupled_memory_instance/C36443/Z[3] (*SELECT_OP.3_32_3_1_32_33)
                                                   0.00     10.29 f ~
  u_core/rvx_tightly_coupled_memory_instance/port0_rdata_reg[3]/next_state (*SEQGEN.1839103_000_2)
                                                   0.00     10.29 f
  data arrival time                                         10.29

  clock RVX_CLK (rise edge)                       30.00     30.00
  clock network delay (ideal)                      1.00     31.00
  u_core/rvx_tightly_coupled_memory_instance/port0_rdata_reg[3]/clocked_on (*SEQGEN.1839103_000_2)
                                                   0.00     31.00 r
  clock uncertainty                               -1.00     30.00
  library setup time                              -0.00     30.00
  data required time                                        30.00
  ------------------------------------------------------------------------
  data required time                                        30.00
  data arrival time                                        -10.29
  ------------------------------------------------------------------------
  slack (MET)                                               19.71



  Startpoint: u_core/rvx_core_instance/rs1_data_s2_reg[1] (rising edge-triggered flip-flop clocked by RVX_CLK)
  Endpoint: u_core/rvx_tightly_coupled_memory_instance/port0_rdata_reg[4] (rising edge-triggered flip-flop clocked by RVX_CLK)
  Mode: functional
  Corner: corner_ss
  Scenario: functional_ss
  Path Group: RVX_CLK
  Path Type: max

  Point                                            Incr      Path  
  ------------------------------------------------------------------------
  clock RVX_CLK (rise edge)                        0.00      0.00
  clock network delay (ideal)                      1.00      1.00

  u_core/rvx_core_instance/rs1_data_s2_reg[1]/clocked_on (*SEQGEN.1839103_000_2)
                                                   0.00      1.00 r
  u_core/rvx_core_instance/rs1_data_s2_reg[1]/Q (*SEQGEN.1839103_000_2)
                                                   0.00      1.00 f ~
  u_core/rvx_core_instance/gen_rvx_core_mdu.rvx_core_mdu_instance/mult_23/U0/U_118/Y (XOR2X1_RVT)
                                                   0.11      1.11 r
  u_core/rvx_core_instance/gen_rvx_core_mdu.rvx_core_mdu_instance/mult_23/U0/U_1231/Y (NAND2X0_RVT)
                                                   0.31      1.42 f
  u_core/rvx_core_instance/gen_rvx_core_mdu.rvx_core_mdu_instance/mult_23/U0/U_193/Y (OAI21X1_RVT)
                                                   0.25      1.68 r
  u_core/rvx_core_instance/gen_rvx_core_mdu.rvx_core_mdu_instance/mult_23/U0/U_194/Y (XOR2X1_RVT)
                                                   0.08      1.76 r
  u_core/rvx_core_instance/gen_rvx_core_mdu.rvx_core_mdu_instance/mult_23/U0/U_1708/C1 (HADDX1_RVT)
                                                   0.06      1.82 r
  u_core/rvx_core_instance/gen_rvx_core_mdu.rvx_core_mdu_instance/mult_23/U0/U_1710/C1 (HADDX1_RVT)
                                                   0.06      1.88 r
  u_core/rvx_core_instance/gen_rvx_core_mdu.rvx_core_mdu_instance/mult_23/U0/U_1713/C1 (HADDX1_RVT)
                                                   0.07      1.95 r
  u_core/rvx_core_instance/gen_rvx_core_mdu.rvx_core_mdu_instance/mult_23/U0/U_1715/CO (FADDX1_RVT)
                                                   0.09      2.04 r
  u_core/rvx_core_instance/gen_rvx_core_mdu.rvx_core_mdu_instance/mult_23/U0/U_1718/CO (FADDX1_RVT)
                                                   0.10      2.14 r
  u_core/rvx_core_instance/gen_rvx_core_mdu.rvx_core_mdu_instance/mult_23/U0/U_1720/CO (FADDX1_RVT)
                                                   0.10      2.23 r
  u_core/rvx_core_instance/gen_rvx_core_mdu.rvx_core_mdu_instance/mult_23/U0/U_1723/CO (FADDX1_RVT)
                                                   0.10      2.33 r
  u_core/rvx_core_instance/gen_rvx_core_mdu.rvx_core_mdu_instance/mult_23/U0/U_1725/CO (FADDX1_RVT)
                                                   0.10      2.43 r
  u_core/rvx_core_instance/gen_rvx_core_mdu.rvx_core_mdu_instance/mult_23/U0/U_1728/CO (FADDX1_RVT)
                                                   0.10      2.52 r
  u_core/rvx_core_instance/gen_rvx_core_mdu.rvx_core_mdu_instance/mult_23/U0/U_1730/CO (FADDX1_RVT)
                                                   0.10      2.62 r
  u_core/rvx_core_instance/gen_rvx_core_mdu.rvx_core_mdu_instance/mult_23/U0/U_1733/CO (FADDX1_RVT)
                                                   0.10      2.71 r
  u_core/rvx_core_instance/gen_rvx_core_mdu.rvx_core_mdu_instance/mult_23/U0/U_1735/CO (FADDX1_RVT)
                                                   0.10      2.81 r
  u_core/rvx_core_instance/gen_rvx_core_mdu.rvx_core_mdu_instance/mult_23/U0/U_1738/CO (FADDX1_RVT)
                                                   0.10      2.90 r
  u_core/rvx_core_instance/gen_rvx_core_mdu.rvx_core_mdu_instance/mult_23/U0/U_1740/CO (FADDX1_RVT)
                                                   0.10      3.00 r
  u_core/rvx_core_instance/gen_rvx_core_mdu.rvx_core_mdu_instance/mult_23/U0/U_1743/CO (FADDX1_RVT)
                                                   0.10      3.10 r
  u_core/rvx_core_instance/gen_rvx_core_mdu.rvx_core_mdu_instance/mult_23/U0/U_1745/CO (FADDX1_RVT)
                                                   0.10      3.19 r
  u_core/rvx_core_instance/gen_rvx_core_mdu.rvx_core_mdu_instance/mult_23/U0/U_1748/CO (FADDX1_RVT)
                                                   0.10      3.29 r
  u_core/rvx_core_instance/gen_rvx_core_mdu.rvx_core_mdu_instance/mult_23/U0/U_1750/CO (FADDX1_RVT)
                                                   0.10      3.38 r
  u_core/rvx_core_instance/gen_rvx_core_mdu.rvx_core_mdu_instance/mult_23/U0/U_1753/CO (FADDX1_RVT)
                                                   0.10      3.48 r
  u_core/rvx_core_instance/gen_rvx_core_mdu.rvx_core_mdu_instance/mult_23/U0/U_1755/CO (FADDX1_RVT)
                                                   0.10      3.57 r
  u_core/rvx_core_instance/gen_rvx_core_mdu.rvx_core_mdu_instance/mult_23/U0/U_1758/CO (FADDX1_RVT)
                                                   0.10      3.67 r
  u_core/rvx_core_instance/gen_rvx_core_mdu.rvx_core_mdu_instance/mult_23/U0/U_1760/CO (FADDX1_RVT)
                                                   0.10      3.77 r
  u_core/rvx_core_instance/gen_rvx_core_mdu.rvx_core_mdu_instance/mult_23/U0/U_1763/CO (FADDX1_RVT)
                                                   0.10      3.86 r
  u_core/rvx_core_instance/gen_rvx_core_mdu.rvx_core_mdu_instance/mult_23/U0/U_1765/CO (FADDX1_RVT)
                                                   0.10      3.96 r
  u_core/rvx_core_instance/gen_rvx_core_mdu.rvx_core_mdu_instance/mult_23/U0/U_1768/CO (FADDX1_RVT)
                                                   0.10      4.05 r
  u_core/rvx_core_instance/gen_rvx_core_mdu.rvx_core_mdu_instance/mult_23/U0/U_1770/CO (FADDX1_RVT)
                                                   0.10      4.15 r
  u_core/rvx_core_instance/gen_rvx_core_mdu.rvx_core_mdu_instance/mult_23/U0/U_1773/CO (FADDX1_RVT)
                                                   0.10      4.25 r
  u_core/rvx_core_instance/gen_rvx_core_mdu.rvx_core_mdu_instance/mult_23/U0/U_1775/CO (FADDX1_RVT)
                                                   0.10      4.34 r
  u_core/rvx_core_instance/gen_rvx_core_mdu.rvx_core_mdu_instance/mult_23/U0/U_1778/CO (FADDX1_RVT)
                                                   0.10      4.44 r
  u_core/rvx_core_instance/gen_rvx_core_mdu.rvx_core_mdu_instance/mult_23/U0/U_1780/CO (FADDX1_RVT)
                                                   0.10      4.53 r
  u_core/rvx_core_instance/gen_rvx_core_mdu.rvx_core_mdu_instance/mult_23/U0/U_1783/CO (FADDX1_RVT)
                                                   0.10      4.63 r
  u_core/rvx_core_instance/gen_rvx_core_mdu.rvx_core_mdu_instance/mult_23/U0/U_1785/CO (FADDX1_RVT)
                                                   0.10      4.72 r
  u_core/rvx_core_instance/gen_rvx_core_mdu.rvx_core_mdu_instance/mult_23/U0/U_1788/CO (FADDX1_RVT)
                                                   0.10      4.82 r
  u_core/rvx_core_instance/gen_rvx_core_mdu.rvx_core_mdu_instance/mult_23/U0/U_1790/CO (FADDX1_RVT)
                                                   0.10      4.92 r
  u_core/rvx_core_instance/gen_rvx_core_mdu.rvx_core_mdu_instance/mult_23/U0/U_1793/CO (FADDX1_RVT)
                                                   0.10      5.01 r
  u_core/rvx_core_instance/gen_rvx_core_mdu.rvx_core_mdu_instance/mult_23/U0/U_1795/CO (FADDX1_RVT)
                                                   0.10      5.11 r
  u_core/rvx_core_instance/gen_rvx_core_mdu.rvx_core_mdu_instance/mult_23/U0/U_1798/CO (FADDX1_RVT)
                                                   0.10      5.20 r
  u_core/rvx_core_instance/gen_rvx_core_mdu.rvx_core_mdu_instance/mult_23/U0/U_1800/CO (FADDX1_RVT)
                                                   0.10      5.30 r
  u_core/rvx_core_instance/gen_rvx_core_mdu.rvx_core_mdu_instance/mult_23/U0/U_1803/CO (FADDX1_RVT)
                                                   0.10      5.39 r
  u_core/rvx_core_instance/gen_rvx_core_mdu.rvx_core_mdu_instance/mult_23/U0/U_1805/CO (FADDX1_RVT)
                                                   0.10      5.49 r
  u_core/rvx_core_instance/gen_rvx_core_mdu.rvx_core_mdu_instance/mult_23/U0/U_1808/CO (FADDX1_RVT)
                                                   0.10      5.59 r
  u_core/rvx_core_instance/gen_rvx_core_mdu.rvx_core_mdu_instance/mult_23/U0/U_1810/CO (FADDX1_RVT)
                                                   0.10      5.68 r
  u_core/rvx_core_instance/gen_rvx_core_mdu.rvx_core_mdu_instance/mult_23/U0/U_1813/CO (FADDX1_RVT)
                                                   0.10      5.78 r
  u_core/rvx_core_instance/gen_rvx_core_mdu.rvx_core_mdu_instance/mult_23/U0/U_1815/CO (FADDX1_RVT)
                                                   0.10      5.87 r
  u_core/rvx_core_instance/gen_rvx_core_mdu.rvx_core_mdu_instance/mult_23/U0/U_1818/CO (FADDX1_RVT)
                                                   0.10      5.97 r
  u_core/rvx_core_instance/gen_rvx_core_mdu.rvx_core_mdu_instance/mult_23/U0/U_1820/CO (FADDX1_RVT)
                                                   0.10      6.06 r
  u_core/rvx_core_instance/gen_rvx_core_mdu.rvx_core_mdu_instance/mult_23/U0/U_1823/CO (FADDX1_RVT)
                                                   0.10      6.16 r
  u_core/rvx_core_instance/gen_rvx_core_mdu.rvx_core_mdu_instance/mult_23/U0/U_1825/CO (FADDX1_RVT)
                                                   0.10      6.26 r
  u_core/rvx_core_instance/gen_rvx_core_mdu.rvx_core_mdu_instance/mult_23/U0/U_1828/CO (FADDX1_RVT)
                                                   0.10      6.35 r
  u_core/rvx_core_instance/gen_rvx_core_mdu.rvx_core_mdu_instance/mult_23/U0/U_1830/CO (FADDX1_RVT)
                                                   0.10      6.45 r
  u_core/rvx_core_instance/gen_rvx_core_mdu.rvx_core_mdu_instance/mult_23/U0/U_1833/CO (FADDX1_RVT)
                                                   0.10      6.54 r
  u_core/rvx_core_instance/gen_rvx_core_mdu.rvx_core_mdu_instance/mult_23/U0/U_1835/CO (FADDX1_RVT)
                                                   0.10      6.64 r
  u_core/rvx_core_instance/gen_rvx_core_mdu.rvx_core_mdu_instance/mult_23/U0/U_1838/CO (FADDX1_RVT)
                                                   0.10      6.73 r
  u_core/rvx_core_instance/gen_rvx_core_mdu.rvx_core_mdu_instance/mult_23/U0/U_1840/CO (FADDX1_RVT)
                                                   0.10      6.83 r
  u_core/rvx_core_instance/gen_rvx_core_mdu.rvx_core_mdu_instance/mult_23/U0/U_1843/CO (FADDX1_RVT)
                                                   0.10      6.93 r
  u_core/rvx_core_instance/gen_rvx_core_mdu.rvx_core_mdu_instance/mult_23/U0/U_1845/CO (FADDX1_RVT)
                                                   0.10      7.02 r
  u_core/rvx_core_instance/gen_rvx_core_mdu.rvx_core_mdu_instance/mult_23/U0/U_1848/CO (FADDX1_RVT)
                                                   0.10      7.12 r
  u_core/rvx_core_instance/gen_rvx_core_mdu.rvx_core_mdu_instance/mult_23/U0/U_1850/CO (FADDX1_RVT)
                                                   0.10      7.21 r
  u_core/rvx_core_instance/gen_rvx_core_mdu.rvx_core_mdu_instance/mult_23/U0/U_1853/CO (FADDX1_RVT)
                                                   0.10      7.31 r
  u_core/rvx_core_instance/gen_rvx_core_mdu.rvx_core_mdu_instance/mult_23/U0/U_1855/CO (FADDX1_RVT)
                                                   0.10      7.41 r
  u_core/rvx_core_instance/gen_rvx_core_mdu.rvx_core_mdu_instance/mult_23/U0/U_1858/CO (FADDX1_RVT)
                                                   0.10      7.50 r
  u_core/rvx_core_instance/gen_rvx_core_mdu.rvx_core_mdu_instance/mult_23/U0/U_1860/CO (FADDX1_RVT)
                                                   0.10      7.60 r
  u_core/rvx_core_instance/gen_rvx_core_mdu.rvx_core_mdu_instance/mult_23/U0/U_1863/CO (FADDX1_RVT)
                                                   0.10      7.69 r
  u_core/rvx_core_instance/gen_rvx_core_mdu.rvx_core_mdu_instance/mult_23/U0/U_1865/S (FADDX1_RVT)
                                                   0.14      7.83 f
  u_core/rvx_core_instance/gen_rvx_core_mdu.rvx_core_mdu_instance/C91/Z[31] (*SELECT_OP.4_32_4_1_32_33)
                                                   0.00      7.83 f ~
  u_core/rvx_core_instance/gen_rvx_core_mdu.rvx_core_mdu_instance/C92/Z[31] (*SELECT_OP.2_32_2_1_32_33)
                                                   0.00      7.83 f ~
  u_core/rvx_core_instance/C603/Z[31] (*SELECT_OP.8_32_8_1_32_33)
                                                   0.00      7.83 f ~
  u_core/rvx_core_instance/rvx_core_integer_file_instance/C2470/Z[31] (*SELECT_OP.2_32_2_1_32_33)
                                                   0.00      7.83 f ~
  u_core/rvx_core_instance/rvx_core_integer_file_instance/C2473/Z[31] (*SELECT_OP.2_32_2_1_32_33)
                                                   0.00      7.83 f ~
  u_core/rvx_core_instance/rvx_core_branch_instance/eq_26/U0/U_0/Y (XOR2X1_RVT)
                                                   0.08      7.91 f
  u_core/rvx_core_instance/rvx_core_branch_instance/eq_26/U0/U_35/Y (OAI22X1_RVT)
                                                   0.10      8.02 r
  u_core/rvx_core_instance/rvx_core_branch_instance/eq_26/U0/U_76/Y (NOR2X1_RVT)
                                                   0.07      8.09 f
  u_core/rvx_core_instance/rvx_core_branch_instance/eq_26/U0/U_89/Y (NAND2X0_RVT)
                                                   0.04      8.12 r
  u_core/rvx_core_instance/rvx_core_branch_instance/eq_26/U0/U_102/Y (NOR2X1_RVT)
                                                   0.07      8.19 f
  u_core/rvx_core_instance/rvx_core_branch_instance/eq_26/U0/U_115/Y (NAND2X0_RVT)
                                                   0.04      8.23 r
  u_core/rvx_core_instance/rvx_core_branch_instance/eq_26/U0/U_128/Y (NOR2X1_RVT)
                                                   0.07      8.30 f
  u_core/rvx_core_instance/rvx_core_branch_instance/eq_26/U0/U_141/Y (NAND2X0_RVT)
                                                   0.04      8.34 r
  u_core/rvx_core_instance/rvx_core_branch_instance/eq_26/U0/U_154/Y (NOR2X1_RVT)
                                                   0.07      8.41 f
  u_core/rvx_core_instance/rvx_core_branch_instance/eq_26/U0/U_167/Y (NAND2X0_RVT)
                                                   0.04      8.44 r
  u_core/rvx_core_instance/rvx_core_branch_instance/eq_26/U0/U_180/Y (NOR2X1_RVT)
                                                   0.07      8.51 f
  u_core/rvx_core_instance/rvx_core_branch_instance/eq_26/U0/U_193/Y (NAND2X0_RVT)
                                                   0.04      8.55 r
  u_core/rvx_core_instance/rvx_core_branch_instance/eq_26/U0/U_206/Y (NOR2X1_RVT)
                                                   0.07      8.62 f
  u_core/rvx_core_instance/rvx_core_branch_instance/eq_26/U0/U_219/Y (NAND2X0_RVT)
                                                   0.04      8.66 r
  u_core/rvx_core_instance/rvx_core_branch_instance/eq_26/U0/U_232/Y (NOR2X1_RVT)
                                                   0.07      8.73 f
  u_core/rvx_core_instance/rvx_core_branch_instance/eq_26/U0/U_245/Y (NAND2X0_RVT)
                                                   0.04      8.76 r
  u_core/rvx_core_instance/rvx_core_branch_instance/eq_26/U0/U_258/Y (NOR2X1_RVT)
                                                   0.07      8.84 f
  u_core/rvx_core_instance/rvx_core_branch_instance/eq_26/U0/U_2670/Y (AND2X1_RVT)
                                                   0.06      8.89 f
  u_core/rvx_core_instance/rvx_core_branch_instance/C74/Z[0] (*SELECT_OP.7_1_7_1_1_33)
                                                   0.00      8.89 f ~
  u_core/rvx_core_instance/rvx_core_branch_instance/C73/Z[0] (*SELECT_OP.3_1_3_1_1_33)
                                                   0.00      8.89 f ~
  u_core/rvx_core_instance/rvx_core_address_gen_instance/I_5/Z (WVGTECH_NOT)
                                                   0.00      8.89 r ~
  u_core/rvx_core_instance/rvx_core_address_gen_instance/C92/Z[10] (*SELECT_OP.2_32_2_1_32_33)
                                                   0.00      8.89 r ~
  u_core/rvx_core_instance/rvx_core_pc_gen_instance/C69/Z[10] (*SELECT_OP.5_32_5_1_32_33)
                                                   0.00      8.89 r ~
  u_core/rvx_core_instance/rvx_core_bus_controller_instance/C515/Z[10] (*SELECT_OP.3_32_3_1_32_33)
                                                   0.00      8.89 r ~
  u_core/rvx_tightly_coupled_memory_instance/gte_53/U0/U_110/Y (OAI22X1_RVT)
                                                   0.09      8.98 f
  u_core/rvx_tightly_coupled_memory_instance/gte_53/U0/U_112/Y (OAI21X1_RVT)
                                                   0.13      9.10 r
  u_core/rvx_tightly_coupled_memory_instance/gte_53/U0/U_128/Y (AOI21X1_RVT)
                                                   0.10      9.21 f
  u_core/rvx_tightly_coupled_memory_instance/gte_53/U0/U_142/Y (OAI21X1_RVT)
                                                   0.12      9.33 r
  u_core/rvx_tightly_coupled_memory_instance/gte_53/U0/U_158/Y (AOI21X1_RVT)
                                                   0.10      9.43 f
  u_core/rvx_tightly_coupled_memory_instance/gte_53/U0/U_172/Y (OAI21X1_RVT)
                                                   0.12      9.55 r
  u_core/rvx_tightly_coupled_memory_instance/gte_53/U0/U_188/Y (AOI21X1_RVT)
                                                   0.10      9.65 f
  u_core/rvx_tightly_coupled_memory_instance/gte_53/U0/U_202/Y (OAI21X1_RVT)
                                                   0.12      9.77 r
  u_core/rvx_tightly_coupled_memory_instance/gte_53/U0/U_218/Y (AOI21X1_RVT)
                                                   0.10      9.88 f
  u_core/rvx_tightly_coupled_memory_instance/gte_53/U0/U_232/Y (OAI21X1_RVT)
                                                   0.12      9.99 r
  u_core/rvx_tightly_coupled_memory_instance/gte_53/U0/U_248/Y (AOI21X1_RVT)
                                                   0.10     10.10 f
  u_core/rvx_tightly_coupled_memory_instance/gte_53/U0/U_262/Y (OAI21X1_RVT)
                                                   0.12     10.22 r
  u_core/rvx_tightly_coupled_memory_instance/gte_53/U0/U_273/Y (OA21X1_RVT)
                                                   0.06     10.29 r
  u_core/rvx_tightly_coupled_memory_instance/C36486/Z (WVGTECH_OR2)
                                                   0.00     10.29 r ~
  u_core/rvx_tightly_coupled_memory_instance/I_40/Z (WVGTECH_NOT)
                                                   0.00     10.29 f ~
  u_core/rvx_tightly_coupled_memory_instance/C36529/Z (WVGTECH_AND2)
                                                   0.00     10.29 f ~
  u_core/rvx_tightly_coupled_memory_instance/C37573/Z (WVGTECH_AND2)
                                                   0.00     10.29 f ~
  u_core/rvx_tightly_coupled_memory_instance/C36443/Z[4] (*SELECT_OP.3_32_3_1_32_33)
                                                   0.00     10.29 f ~
  u_core/rvx_tightly_coupled_memory_instance/port0_rdata_reg[4]/next_state (*SEQGEN.1839103_000_2)
                                                   0.00     10.29 f
  data arrival time                                         10.29

  clock RVX_CLK (rise edge)                       30.00     30.00
  clock network delay (ideal)                      1.00     31.00
  u_core/rvx_tightly_coupled_memory_instance/port0_rdata_reg[4]/clocked_on (*SEQGEN.1839103_000_2)
                                                   0.00     31.00 r
  clock uncertainty                               -1.00     30.00
  library setup time                              -0.00     30.00
  data required time                                        30.00
  ------------------------------------------------------------------------
  data required time                                        30.00
  data arrival time                                        -10.29
  ------------------------------------------------------------------------
  slack (MET)                                               19.71



  Startpoint: u_core/rvx_core_instance/rs1_data_s2_reg[1] (rising edge-triggered flip-flop clocked by RVX_CLK)
  Endpoint: u_core/rvx_tightly_coupled_memory_instance/port0_rdata_reg[5] (rising edge-triggered flip-flop clocked by RVX_CLK)
  Mode: functional
  Corner: corner_ss
  Scenario: functional_ss
  Path Group: RVX_CLK
  Path Type: max

  Point                                            Incr      Path  
  ------------------------------------------------------------------------
  clock RVX_CLK (rise edge)                        0.00      0.00
  clock network delay (ideal)                      1.00      1.00

  u_core/rvx_core_instance/rs1_data_s2_reg[1]/clocked_on (*SEQGEN.1839103_000_2)
                                                   0.00      1.00 r
  u_core/rvx_core_instance/rs1_data_s2_reg[1]/Q (*SEQGEN.1839103_000_2)
                                                   0.00      1.00 f ~
  u_core/rvx_core_instance/gen_rvx_core_mdu.rvx_core_mdu_instance/mult_23/U0/U_118/Y (XOR2X1_RVT)
                                                   0.11      1.11 r
  u_core/rvx_core_instance/gen_rvx_core_mdu.rvx_core_mdu_instance/mult_23/U0/U_1231/Y (NAND2X0_RVT)
                                                   0.31      1.42 f
  u_core/rvx_core_instance/gen_rvx_core_mdu.rvx_core_mdu_instance/mult_23/U0/U_193/Y (OAI21X1_RVT)
                                                   0.25      1.68 r
  u_core/rvx_core_instance/gen_rvx_core_mdu.rvx_core_mdu_instance/mult_23/U0/U_194/Y (XOR2X1_RVT)
                                                   0.08      1.76 r
  u_core/rvx_core_instance/gen_rvx_core_mdu.rvx_core_mdu_instance/mult_23/U0/U_1708/C1 (HADDX1_RVT)
                                                   0.06      1.82 r
  u_core/rvx_core_instance/gen_rvx_core_mdu.rvx_core_mdu_instance/mult_23/U0/U_1710/C1 (HADDX1_RVT)
                                                   0.06      1.88 r
  u_core/rvx_core_instance/gen_rvx_core_mdu.rvx_core_mdu_instance/mult_23/U0/U_1713/C1 (HADDX1_RVT)
                                                   0.07      1.95 r
  u_core/rvx_core_instance/gen_rvx_core_mdu.rvx_core_mdu_instance/mult_23/U0/U_1715/CO (FADDX1_RVT)
                                                   0.09      2.04 r
  u_core/rvx_core_instance/gen_rvx_core_mdu.rvx_core_mdu_instance/mult_23/U0/U_1718/CO (FADDX1_RVT)
                                                   0.10      2.14 r
  u_core/rvx_core_instance/gen_rvx_core_mdu.rvx_core_mdu_instance/mult_23/U0/U_1720/CO (FADDX1_RVT)
                                                   0.10      2.23 r
  u_core/rvx_core_instance/gen_rvx_core_mdu.rvx_core_mdu_instance/mult_23/U0/U_1723/CO (FADDX1_RVT)
                                                   0.10      2.33 r
  u_core/rvx_core_instance/gen_rvx_core_mdu.rvx_core_mdu_instance/mult_23/U0/U_1725/CO (FADDX1_RVT)
                                                   0.10      2.43 r
  u_core/rvx_core_instance/gen_rvx_core_mdu.rvx_core_mdu_instance/mult_23/U0/U_1728/CO (FADDX1_RVT)
                                                   0.10      2.52 r
  u_core/rvx_core_instance/gen_rvx_core_mdu.rvx_core_mdu_instance/mult_23/U0/U_1730/CO (FADDX1_RVT)
                                                   0.10      2.62 r
  u_core/rvx_core_instance/gen_rvx_core_mdu.rvx_core_mdu_instance/mult_23/U0/U_1733/CO (FADDX1_RVT)
                                                   0.10      2.71 r
  u_core/rvx_core_instance/gen_rvx_core_mdu.rvx_core_mdu_instance/mult_23/U0/U_1735/CO (FADDX1_RVT)
                                                   0.10      2.81 r
  u_core/rvx_core_instance/gen_rvx_core_mdu.rvx_core_mdu_instance/mult_23/U0/U_1738/CO (FADDX1_RVT)
                                                   0.10      2.90 r
  u_core/rvx_core_instance/gen_rvx_core_mdu.rvx_core_mdu_instance/mult_23/U0/U_1740/CO (FADDX1_RVT)
                                                   0.10      3.00 r
  u_core/rvx_core_instance/gen_rvx_core_mdu.rvx_core_mdu_instance/mult_23/U0/U_1743/CO (FADDX1_RVT)
                                                   0.10      3.10 r
  u_core/rvx_core_instance/gen_rvx_core_mdu.rvx_core_mdu_instance/mult_23/U0/U_1745/CO (FADDX1_RVT)
                                                   0.10      3.19 r
  u_core/rvx_core_instance/gen_rvx_core_mdu.rvx_core_mdu_instance/mult_23/U0/U_1748/CO (FADDX1_RVT)
                                                   0.10      3.29 r
  u_core/rvx_core_instance/gen_rvx_core_mdu.rvx_core_mdu_instance/mult_23/U0/U_1750/CO (FADDX1_RVT)
                                                   0.10      3.38 r
  u_core/rvx_core_instance/gen_rvx_core_mdu.rvx_core_mdu_instance/mult_23/U0/U_1753/CO (FADDX1_RVT)
                                                   0.10      3.48 r
  u_core/rvx_core_instance/gen_rvx_core_mdu.rvx_core_mdu_instance/mult_23/U0/U_1755/CO (FADDX1_RVT)
                                                   0.10      3.57 r
  u_core/rvx_core_instance/gen_rvx_core_mdu.rvx_core_mdu_instance/mult_23/U0/U_1758/CO (FADDX1_RVT)
                                                   0.10      3.67 r
  u_core/rvx_core_instance/gen_rvx_core_mdu.rvx_core_mdu_instance/mult_23/U0/U_1760/CO (FADDX1_RVT)
                                                   0.10      3.77 r
  u_core/rvx_core_instance/gen_rvx_core_mdu.rvx_core_mdu_instance/mult_23/U0/U_1763/CO (FADDX1_RVT)
                                                   0.10      3.86 r
  u_core/rvx_core_instance/gen_rvx_core_mdu.rvx_core_mdu_instance/mult_23/U0/U_1765/CO (FADDX1_RVT)
                                                   0.10      3.96 r
  u_core/rvx_core_instance/gen_rvx_core_mdu.rvx_core_mdu_instance/mult_23/U0/U_1768/CO (FADDX1_RVT)
                                                   0.10      4.05 r
  u_core/rvx_core_instance/gen_rvx_core_mdu.rvx_core_mdu_instance/mult_23/U0/U_1770/CO (FADDX1_RVT)
                                                   0.10      4.15 r
  u_core/rvx_core_instance/gen_rvx_core_mdu.rvx_core_mdu_instance/mult_23/U0/U_1773/CO (FADDX1_RVT)
                                                   0.10      4.25 r
  u_core/rvx_core_instance/gen_rvx_core_mdu.rvx_core_mdu_instance/mult_23/U0/U_1775/CO (FADDX1_RVT)
                                                   0.10      4.34 r
  u_core/rvx_core_instance/gen_rvx_core_mdu.rvx_core_mdu_instance/mult_23/U0/U_1778/CO (FADDX1_RVT)
                                                   0.10      4.44 r
  u_core/rvx_core_instance/gen_rvx_core_mdu.rvx_core_mdu_instance/mult_23/U0/U_1780/CO (FADDX1_RVT)
                                                   0.10      4.53 r
  u_core/rvx_core_instance/gen_rvx_core_mdu.rvx_core_mdu_instance/mult_23/U0/U_1783/CO (FADDX1_RVT)
                                                   0.10      4.63 r
  u_core/rvx_core_instance/gen_rvx_core_mdu.rvx_core_mdu_instance/mult_23/U0/U_1785/CO (FADDX1_RVT)
                                                   0.10      4.72 r
  u_core/rvx_core_instance/gen_rvx_core_mdu.rvx_core_mdu_instance/mult_23/U0/U_1788/CO (FADDX1_RVT)
                                                   0.10      4.82 r
  u_core/rvx_core_instance/gen_rvx_core_mdu.rvx_core_mdu_instance/mult_23/U0/U_1790/CO (FADDX1_RVT)
                                                   0.10      4.92 r
  u_core/rvx_core_instance/gen_rvx_core_mdu.rvx_core_mdu_instance/mult_23/U0/U_1793/CO (FADDX1_RVT)
                                                   0.10      5.01 r
  u_core/rvx_core_instance/gen_rvx_core_mdu.rvx_core_mdu_instance/mult_23/U0/U_1795/CO (FADDX1_RVT)
                                                   0.10      5.11 r
  u_core/rvx_core_instance/gen_rvx_core_mdu.rvx_core_mdu_instance/mult_23/U0/U_1798/CO (FADDX1_RVT)
                                                   0.10      5.20 r
  u_core/rvx_core_instance/gen_rvx_core_mdu.rvx_core_mdu_instance/mult_23/U0/U_1800/CO (FADDX1_RVT)
                                                   0.10      5.30 r
  u_core/rvx_core_instance/gen_rvx_core_mdu.rvx_core_mdu_instance/mult_23/U0/U_1803/CO (FADDX1_RVT)
                                                   0.10      5.39 r
  u_core/rvx_core_instance/gen_rvx_core_mdu.rvx_core_mdu_instance/mult_23/U0/U_1805/CO (FADDX1_RVT)
                                                   0.10      5.49 r
  u_core/rvx_core_instance/gen_rvx_core_mdu.rvx_core_mdu_instance/mult_23/U0/U_1808/CO (FADDX1_RVT)
                                                   0.10      5.59 r
  u_core/rvx_core_instance/gen_rvx_core_mdu.rvx_core_mdu_instance/mult_23/U0/U_1810/CO (FADDX1_RVT)
                                                   0.10      5.68 r
  u_core/rvx_core_instance/gen_rvx_core_mdu.rvx_core_mdu_instance/mult_23/U0/U_1813/CO (FADDX1_RVT)
                                                   0.10      5.78 r
  u_core/rvx_core_instance/gen_rvx_core_mdu.rvx_core_mdu_instance/mult_23/U0/U_1815/CO (FADDX1_RVT)
                                                   0.10      5.87 r
  u_core/rvx_core_instance/gen_rvx_core_mdu.rvx_core_mdu_instance/mult_23/U0/U_1818/CO (FADDX1_RVT)
                                                   0.10      5.97 r
  u_core/rvx_core_instance/gen_rvx_core_mdu.rvx_core_mdu_instance/mult_23/U0/U_1820/CO (FADDX1_RVT)
                                                   0.10      6.06 r
  u_core/rvx_core_instance/gen_rvx_core_mdu.rvx_core_mdu_instance/mult_23/U0/U_1823/CO (FADDX1_RVT)
                                                   0.10      6.16 r
  u_core/rvx_core_instance/gen_rvx_core_mdu.rvx_core_mdu_instance/mult_23/U0/U_1825/CO (FADDX1_RVT)
                                                   0.10      6.26 r
  u_core/rvx_core_instance/gen_rvx_core_mdu.rvx_core_mdu_instance/mult_23/U0/U_1828/CO (FADDX1_RVT)
                                                   0.10      6.35 r
  u_core/rvx_core_instance/gen_rvx_core_mdu.rvx_core_mdu_instance/mult_23/U0/U_1830/CO (FADDX1_RVT)
                                                   0.10      6.45 r
  u_core/rvx_core_instance/gen_rvx_core_mdu.rvx_core_mdu_instance/mult_23/U0/U_1833/CO (FADDX1_RVT)
                                                   0.10      6.54 r
  u_core/rvx_core_instance/gen_rvx_core_mdu.rvx_core_mdu_instance/mult_23/U0/U_1835/CO (FADDX1_RVT)
                                                   0.10      6.64 r
  u_core/rvx_core_instance/gen_rvx_core_mdu.rvx_core_mdu_instance/mult_23/U0/U_1838/CO (FADDX1_RVT)
                                                   0.10      6.73 r
  u_core/rvx_core_instance/gen_rvx_core_mdu.rvx_core_mdu_instance/mult_23/U0/U_1840/CO (FADDX1_RVT)
                                                   0.10      6.83 r
  u_core/rvx_core_instance/gen_rvx_core_mdu.rvx_core_mdu_instance/mult_23/U0/U_1843/CO (FADDX1_RVT)
                                                   0.10      6.93 r
  u_core/rvx_core_instance/gen_rvx_core_mdu.rvx_core_mdu_instance/mult_23/U0/U_1845/CO (FADDX1_RVT)
                                                   0.10      7.02 r
  u_core/rvx_core_instance/gen_rvx_core_mdu.rvx_core_mdu_instance/mult_23/U0/U_1848/CO (FADDX1_RVT)
                                                   0.10      7.12 r
  u_core/rvx_core_instance/gen_rvx_core_mdu.rvx_core_mdu_instance/mult_23/U0/U_1850/CO (FADDX1_RVT)
                                                   0.10      7.21 r
  u_core/rvx_core_instance/gen_rvx_core_mdu.rvx_core_mdu_instance/mult_23/U0/U_1853/CO (FADDX1_RVT)
                                                   0.10      7.31 r
  u_core/rvx_core_instance/gen_rvx_core_mdu.rvx_core_mdu_instance/mult_23/U0/U_1855/CO (FADDX1_RVT)
                                                   0.10      7.41 r
  u_core/rvx_core_instance/gen_rvx_core_mdu.rvx_core_mdu_instance/mult_23/U0/U_1858/CO (FADDX1_RVT)
                                                   0.10      7.50 r
  u_core/rvx_core_instance/gen_rvx_core_mdu.rvx_core_mdu_instance/mult_23/U0/U_1860/CO (FADDX1_RVT)
                                                   0.10      7.60 r
  u_core/rvx_core_instance/gen_rvx_core_mdu.rvx_core_mdu_instance/mult_23/U0/U_1863/CO (FADDX1_RVT)
                                                   0.10      7.69 r
  u_core/rvx_core_instance/gen_rvx_core_mdu.rvx_core_mdu_instance/mult_23/U0/U_1865/S (FADDX1_RVT)
                                                   0.14      7.83 f
  u_core/rvx_core_instance/gen_rvx_core_mdu.rvx_core_mdu_instance/C91/Z[31] (*SELECT_OP.4_32_4_1_32_33)
                                                   0.00      7.83 f ~
  u_core/rvx_core_instance/gen_rvx_core_mdu.rvx_core_mdu_instance/C92/Z[31] (*SELECT_OP.2_32_2_1_32_33)
                                                   0.00      7.83 f ~
  u_core/rvx_core_instance/C603/Z[31] (*SELECT_OP.8_32_8_1_32_33)
                                                   0.00      7.83 f ~
  u_core/rvx_core_instance/rvx_core_integer_file_instance/C2470/Z[31] (*SELECT_OP.2_32_2_1_32_33)
                                                   0.00      7.83 f ~
  u_core/rvx_core_instance/rvx_core_integer_file_instance/C2473/Z[31] (*SELECT_OP.2_32_2_1_32_33)
                                                   0.00      7.83 f ~
  u_core/rvx_core_instance/rvx_core_branch_instance/eq_26/U0/U_0/Y (XOR2X1_RVT)
                                                   0.08      7.91 f
  u_core/rvx_core_instance/rvx_core_branch_instance/eq_26/U0/U_35/Y (OAI22X1_RVT)
                                                   0.10      8.02 r
  u_core/rvx_core_instance/rvx_core_branch_instance/eq_26/U0/U_76/Y (NOR2X1_RVT)
                                                   0.07      8.09 f
  u_core/rvx_core_instance/rvx_core_branch_instance/eq_26/U0/U_89/Y (NAND2X0_RVT)
                                                   0.04      8.12 r
  u_core/rvx_core_instance/rvx_core_branch_instance/eq_26/U0/U_102/Y (NOR2X1_RVT)
                                                   0.07      8.19 f
  u_core/rvx_core_instance/rvx_core_branch_instance/eq_26/U0/U_115/Y (NAND2X0_RVT)
                                                   0.04      8.23 r
  u_core/rvx_core_instance/rvx_core_branch_instance/eq_26/U0/U_128/Y (NOR2X1_RVT)
                                                   0.07      8.30 f
  u_core/rvx_core_instance/rvx_core_branch_instance/eq_26/U0/U_141/Y (NAND2X0_RVT)
                                                   0.04      8.34 r
  u_core/rvx_core_instance/rvx_core_branch_instance/eq_26/U0/U_154/Y (NOR2X1_RVT)
                                                   0.07      8.41 f
  u_core/rvx_core_instance/rvx_core_branch_instance/eq_26/U0/U_167/Y (NAND2X0_RVT)
                                                   0.04      8.44 r
  u_core/rvx_core_instance/rvx_core_branch_instance/eq_26/U0/U_180/Y (NOR2X1_RVT)
                                                   0.07      8.51 f
  u_core/rvx_core_instance/rvx_core_branch_instance/eq_26/U0/U_193/Y (NAND2X0_RVT)
                                                   0.04      8.55 r
  u_core/rvx_core_instance/rvx_core_branch_instance/eq_26/U0/U_206/Y (NOR2X1_RVT)
                                                   0.07      8.62 f
  u_core/rvx_core_instance/rvx_core_branch_instance/eq_26/U0/U_219/Y (NAND2X0_RVT)
                                                   0.04      8.66 r
  u_core/rvx_core_instance/rvx_core_branch_instance/eq_26/U0/U_232/Y (NOR2X1_RVT)
                                                   0.07      8.73 f
  u_core/rvx_core_instance/rvx_core_branch_instance/eq_26/U0/U_245/Y (NAND2X0_RVT)
                                                   0.04      8.76 r
  u_core/rvx_core_instance/rvx_core_branch_instance/eq_26/U0/U_258/Y (NOR2X1_RVT)
                                                   0.07      8.84 f
  u_core/rvx_core_instance/rvx_core_branch_instance/eq_26/U0/U_2670/Y (AND2X1_RVT)
                                                   0.06      8.89 f
  u_core/rvx_core_instance/rvx_core_branch_instance/C74/Z[0] (*SELECT_OP.7_1_7_1_1_33)
                                                   0.00      8.89 f ~
  u_core/rvx_core_instance/rvx_core_branch_instance/C73/Z[0] (*SELECT_OP.3_1_3_1_1_33)
                                                   0.00      8.89 f ~
  u_core/rvx_core_instance/rvx_core_address_gen_instance/I_5/Z (WVGTECH_NOT)
                                                   0.00      8.89 r ~
  u_core/rvx_core_instance/rvx_core_address_gen_instance/C92/Z[10] (*SELECT_OP.2_32_2_1_32_33)
                                                   0.00      8.89 r ~
  u_core/rvx_core_instance/rvx_core_pc_gen_instance/C69/Z[10] (*SELECT_OP.5_32_5_1_32_33)
                                                   0.00      8.89 r ~
  u_core/rvx_core_instance/rvx_core_bus_controller_instance/C515/Z[10] (*SELECT_OP.3_32_3_1_32_33)
                                                   0.00      8.89 r ~
  u_core/rvx_tightly_coupled_memory_instance/gte_53/U0/U_110/Y (OAI22X1_RVT)
                                                   0.09      8.98 f
  u_core/rvx_tightly_coupled_memory_instance/gte_53/U0/U_112/Y (OAI21X1_RVT)
                                                   0.13      9.10 r
  u_core/rvx_tightly_coupled_memory_instance/gte_53/U0/U_128/Y (AOI21X1_RVT)
                                                   0.10      9.21 f
  u_core/rvx_tightly_coupled_memory_instance/gte_53/U0/U_142/Y (OAI21X1_RVT)
                                                   0.12      9.33 r
  u_core/rvx_tightly_coupled_memory_instance/gte_53/U0/U_158/Y (AOI21X1_RVT)
                                                   0.10      9.43 f
  u_core/rvx_tightly_coupled_memory_instance/gte_53/U0/U_172/Y (OAI21X1_RVT)
                                                   0.12      9.55 r
  u_core/rvx_tightly_coupled_memory_instance/gte_53/U0/U_188/Y (AOI21X1_RVT)
                                                   0.10      9.65 f
  u_core/rvx_tightly_coupled_memory_instance/gte_53/U0/U_202/Y (OAI21X1_RVT)
                                                   0.12      9.77 r
  u_core/rvx_tightly_coupled_memory_instance/gte_53/U0/U_218/Y (AOI21X1_RVT)
                                                   0.10      9.88 f
  u_core/rvx_tightly_coupled_memory_instance/gte_53/U0/U_232/Y (OAI21X1_RVT)
                                                   0.12      9.99 r
  u_core/rvx_tightly_coupled_memory_instance/gte_53/U0/U_248/Y (AOI21X1_RVT)
                                                   0.10     10.10 f
  u_core/rvx_tightly_coupled_memory_instance/gte_53/U0/U_262/Y (OAI21X1_RVT)
                                                   0.12     10.22 r
  u_core/rvx_tightly_coupled_memory_instance/gte_53/U0/U_273/Y (OA21X1_RVT)
                                                   0.06     10.29 r
  u_core/rvx_tightly_coupled_memory_instance/C36486/Z (WVGTECH_OR2)
                                                   0.00     10.29 r ~
  u_core/rvx_tightly_coupled_memory_instance/I_40/Z (WVGTECH_NOT)
                                                   0.00     10.29 f ~
  u_core/rvx_tightly_coupled_memory_instance/C36529/Z (WVGTECH_AND2)
                                                   0.00     10.29 f ~
  u_core/rvx_tightly_coupled_memory_instance/C37573/Z (WVGTECH_AND2)
                                                   0.00     10.29 f ~
  u_core/rvx_tightly_coupled_memory_instance/C36443/Z[5] (*SELECT_OP.3_32_3_1_32_33)
                                                   0.00     10.29 f ~
  u_core/rvx_tightly_coupled_memory_instance/port0_rdata_reg[5]/next_state (*SEQGEN.1839103_000_2)
                                                   0.00     10.29 f
  data arrival time                                         10.29

  clock RVX_CLK (rise edge)                       30.00     30.00
  clock network delay (ideal)                      1.00     31.00
  u_core/rvx_tightly_coupled_memory_instance/port0_rdata_reg[5]/clocked_on (*SEQGEN.1839103_000_2)
                                                   0.00     31.00 r
  clock uncertainty                               -1.00     30.00
  library setup time                              -0.00     30.00
  data required time                                        30.00
  ------------------------------------------------------------------------
  data required time                                        30.00
  data arrival time                                        -10.29
  ------------------------------------------------------------------------
  slack (MET)                                               19.71



  Startpoint: u_core/rvx_core_instance/rs1_data_s2_reg[1] (rising edge-triggered flip-flop clocked by RVX_CLK)
  Endpoint: u_core/rvx_tightly_coupled_memory_instance/port0_rdata_reg[6] (rising edge-triggered flip-flop clocked by RVX_CLK)
  Mode: functional
  Corner: corner_ss
  Scenario: functional_ss
  Path Group: RVX_CLK
  Path Type: max

  Point                                            Incr      Path  
  ------------------------------------------------------------------------
  clock RVX_CLK (rise edge)                        0.00      0.00
  clock network delay (ideal)                      1.00      1.00

  u_core/rvx_core_instance/rs1_data_s2_reg[1]/clocked_on (*SEQGEN.1839103_000_2)
                                                   0.00      1.00 r
  u_core/rvx_core_instance/rs1_data_s2_reg[1]/Q (*SEQGEN.1839103_000_2)
                                                   0.00      1.00 f ~
  u_core/rvx_core_instance/gen_rvx_core_mdu.rvx_core_mdu_instance/mult_23/U0/U_118/Y (XOR2X1_RVT)
                                                   0.11      1.11 r
  u_core/rvx_core_instance/gen_rvx_core_mdu.rvx_core_mdu_instance/mult_23/U0/U_1231/Y (NAND2X0_RVT)
                                                   0.31      1.42 f
  u_core/rvx_core_instance/gen_rvx_core_mdu.rvx_core_mdu_instance/mult_23/U0/U_193/Y (OAI21X1_RVT)
                                                   0.25      1.68 r
  u_core/rvx_core_instance/gen_rvx_core_mdu.rvx_core_mdu_instance/mult_23/U0/U_194/Y (XOR2X1_RVT)
                                                   0.08      1.76 r
  u_core/rvx_core_instance/gen_rvx_core_mdu.rvx_core_mdu_instance/mult_23/U0/U_1708/C1 (HADDX1_RVT)
                                                   0.06      1.82 r
  u_core/rvx_core_instance/gen_rvx_core_mdu.rvx_core_mdu_instance/mult_23/U0/U_1710/C1 (HADDX1_RVT)
                                                   0.06      1.88 r
  u_core/rvx_core_instance/gen_rvx_core_mdu.rvx_core_mdu_instance/mult_23/U0/U_1713/C1 (HADDX1_RVT)
                                                   0.07      1.95 r
  u_core/rvx_core_instance/gen_rvx_core_mdu.rvx_core_mdu_instance/mult_23/U0/U_1715/CO (FADDX1_RVT)
                                                   0.09      2.04 r
  u_core/rvx_core_instance/gen_rvx_core_mdu.rvx_core_mdu_instance/mult_23/U0/U_1718/CO (FADDX1_RVT)
                                                   0.10      2.14 r
  u_core/rvx_core_instance/gen_rvx_core_mdu.rvx_core_mdu_instance/mult_23/U0/U_1720/CO (FADDX1_RVT)
                                                   0.10      2.23 r
  u_core/rvx_core_instance/gen_rvx_core_mdu.rvx_core_mdu_instance/mult_23/U0/U_1723/CO (FADDX1_RVT)
                                                   0.10      2.33 r
  u_core/rvx_core_instance/gen_rvx_core_mdu.rvx_core_mdu_instance/mult_23/U0/U_1725/CO (FADDX1_RVT)
                                                   0.10      2.43 r
  u_core/rvx_core_instance/gen_rvx_core_mdu.rvx_core_mdu_instance/mult_23/U0/U_1728/CO (FADDX1_RVT)
                                                   0.10      2.52 r
  u_core/rvx_core_instance/gen_rvx_core_mdu.rvx_core_mdu_instance/mult_23/U0/U_1730/CO (FADDX1_RVT)
                                                   0.10      2.62 r
  u_core/rvx_core_instance/gen_rvx_core_mdu.rvx_core_mdu_instance/mult_23/U0/U_1733/CO (FADDX1_RVT)
                                                   0.10      2.71 r
  u_core/rvx_core_instance/gen_rvx_core_mdu.rvx_core_mdu_instance/mult_23/U0/U_1735/CO (FADDX1_RVT)
                                                   0.10      2.81 r
  u_core/rvx_core_instance/gen_rvx_core_mdu.rvx_core_mdu_instance/mult_23/U0/U_1738/CO (FADDX1_RVT)
                                                   0.10      2.90 r
  u_core/rvx_core_instance/gen_rvx_core_mdu.rvx_core_mdu_instance/mult_23/U0/U_1740/CO (FADDX1_RVT)
                                                   0.10      3.00 r
  u_core/rvx_core_instance/gen_rvx_core_mdu.rvx_core_mdu_instance/mult_23/U0/U_1743/CO (FADDX1_RVT)
                                                   0.10      3.10 r
  u_core/rvx_core_instance/gen_rvx_core_mdu.rvx_core_mdu_instance/mult_23/U0/U_1745/CO (FADDX1_RVT)
                                                   0.10      3.19 r
  u_core/rvx_core_instance/gen_rvx_core_mdu.rvx_core_mdu_instance/mult_23/U0/U_1748/CO (FADDX1_RVT)
                                                   0.10      3.29 r
  u_core/rvx_core_instance/gen_rvx_core_mdu.rvx_core_mdu_instance/mult_23/U0/U_1750/CO (FADDX1_RVT)
                                                   0.10      3.38 r
  u_core/rvx_core_instance/gen_rvx_core_mdu.rvx_core_mdu_instance/mult_23/U0/U_1753/CO (FADDX1_RVT)
                                                   0.10      3.48 r
  u_core/rvx_core_instance/gen_rvx_core_mdu.rvx_core_mdu_instance/mult_23/U0/U_1755/CO (FADDX1_RVT)
                                                   0.10      3.57 r
  u_core/rvx_core_instance/gen_rvx_core_mdu.rvx_core_mdu_instance/mult_23/U0/U_1758/CO (FADDX1_RVT)
                                                   0.10      3.67 r
  u_core/rvx_core_instance/gen_rvx_core_mdu.rvx_core_mdu_instance/mult_23/U0/U_1760/CO (FADDX1_RVT)
                                                   0.10      3.77 r
  u_core/rvx_core_instance/gen_rvx_core_mdu.rvx_core_mdu_instance/mult_23/U0/U_1763/CO (FADDX1_RVT)
                                                   0.10      3.86 r
  u_core/rvx_core_instance/gen_rvx_core_mdu.rvx_core_mdu_instance/mult_23/U0/U_1765/CO (FADDX1_RVT)
                                                   0.10      3.96 r
  u_core/rvx_core_instance/gen_rvx_core_mdu.rvx_core_mdu_instance/mult_23/U0/U_1768/CO (FADDX1_RVT)
                                                   0.10      4.05 r
  u_core/rvx_core_instance/gen_rvx_core_mdu.rvx_core_mdu_instance/mult_23/U0/U_1770/CO (FADDX1_RVT)
                                                   0.10      4.15 r
  u_core/rvx_core_instance/gen_rvx_core_mdu.rvx_core_mdu_instance/mult_23/U0/U_1773/CO (FADDX1_RVT)
                                                   0.10      4.25 r
  u_core/rvx_core_instance/gen_rvx_core_mdu.rvx_core_mdu_instance/mult_23/U0/U_1775/CO (FADDX1_RVT)
                                                   0.10      4.34 r
  u_core/rvx_core_instance/gen_rvx_core_mdu.rvx_core_mdu_instance/mult_23/U0/U_1778/CO (FADDX1_RVT)
                                                   0.10      4.44 r
  u_core/rvx_core_instance/gen_rvx_core_mdu.rvx_core_mdu_instance/mult_23/U0/U_1780/CO (FADDX1_RVT)
                                                   0.10      4.53 r
  u_core/rvx_core_instance/gen_rvx_core_mdu.rvx_core_mdu_instance/mult_23/U0/U_1783/CO (FADDX1_RVT)
                                                   0.10      4.63 r
  u_core/rvx_core_instance/gen_rvx_core_mdu.rvx_core_mdu_instance/mult_23/U0/U_1785/CO (FADDX1_RVT)
                                                   0.10      4.72 r
  u_core/rvx_core_instance/gen_rvx_core_mdu.rvx_core_mdu_instance/mult_23/U0/U_1788/CO (FADDX1_RVT)
                                                   0.10      4.82 r
  u_core/rvx_core_instance/gen_rvx_core_mdu.rvx_core_mdu_instance/mult_23/U0/U_1790/CO (FADDX1_RVT)
                                                   0.10      4.92 r
  u_core/rvx_core_instance/gen_rvx_core_mdu.rvx_core_mdu_instance/mult_23/U0/U_1793/CO (FADDX1_RVT)
                                                   0.10      5.01 r
  u_core/rvx_core_instance/gen_rvx_core_mdu.rvx_core_mdu_instance/mult_23/U0/U_1795/CO (FADDX1_RVT)
                                                   0.10      5.11 r
  u_core/rvx_core_instance/gen_rvx_core_mdu.rvx_core_mdu_instance/mult_23/U0/U_1798/CO (FADDX1_RVT)
                                                   0.10      5.20 r
  u_core/rvx_core_instance/gen_rvx_core_mdu.rvx_core_mdu_instance/mult_23/U0/U_1800/CO (FADDX1_RVT)
                                                   0.10      5.30 r
  u_core/rvx_core_instance/gen_rvx_core_mdu.rvx_core_mdu_instance/mult_23/U0/U_1803/CO (FADDX1_RVT)
                                                   0.10      5.39 r
  u_core/rvx_core_instance/gen_rvx_core_mdu.rvx_core_mdu_instance/mult_23/U0/U_1805/CO (FADDX1_RVT)
                                                   0.10      5.49 r
  u_core/rvx_core_instance/gen_rvx_core_mdu.rvx_core_mdu_instance/mult_23/U0/U_1808/CO (FADDX1_RVT)
                                                   0.10      5.59 r
  u_core/rvx_core_instance/gen_rvx_core_mdu.rvx_core_mdu_instance/mult_23/U0/U_1810/CO (FADDX1_RVT)
                                                   0.10      5.68 r
  u_core/rvx_core_instance/gen_rvx_core_mdu.rvx_core_mdu_instance/mult_23/U0/U_1813/CO (FADDX1_RVT)
                                                   0.10      5.78 r
  u_core/rvx_core_instance/gen_rvx_core_mdu.rvx_core_mdu_instance/mult_23/U0/U_1815/CO (FADDX1_RVT)
                                                   0.10      5.87 r
  u_core/rvx_core_instance/gen_rvx_core_mdu.rvx_core_mdu_instance/mult_23/U0/U_1818/CO (FADDX1_RVT)
                                                   0.10      5.97 r
  u_core/rvx_core_instance/gen_rvx_core_mdu.rvx_core_mdu_instance/mult_23/U0/U_1820/CO (FADDX1_RVT)
                                                   0.10      6.06 r
  u_core/rvx_core_instance/gen_rvx_core_mdu.rvx_core_mdu_instance/mult_23/U0/U_1823/CO (FADDX1_RVT)
                                                   0.10      6.16 r
  u_core/rvx_core_instance/gen_rvx_core_mdu.rvx_core_mdu_instance/mult_23/U0/U_1825/CO (FADDX1_RVT)
                                                   0.10      6.26 r
  u_core/rvx_core_instance/gen_rvx_core_mdu.rvx_core_mdu_instance/mult_23/U0/U_1828/CO (FADDX1_RVT)
                                                   0.10      6.35 r
  u_core/rvx_core_instance/gen_rvx_core_mdu.rvx_core_mdu_instance/mult_23/U0/U_1830/CO (FADDX1_RVT)
                                                   0.10      6.45 r
  u_core/rvx_core_instance/gen_rvx_core_mdu.rvx_core_mdu_instance/mult_23/U0/U_1833/CO (FADDX1_RVT)
                                                   0.10      6.54 r
  u_core/rvx_core_instance/gen_rvx_core_mdu.rvx_core_mdu_instance/mult_23/U0/U_1835/CO (FADDX1_RVT)
                                                   0.10      6.64 r
  u_core/rvx_core_instance/gen_rvx_core_mdu.rvx_core_mdu_instance/mult_23/U0/U_1838/CO (FADDX1_RVT)
                                                   0.10      6.73 r
  u_core/rvx_core_instance/gen_rvx_core_mdu.rvx_core_mdu_instance/mult_23/U0/U_1840/CO (FADDX1_RVT)
                                                   0.10      6.83 r
  u_core/rvx_core_instance/gen_rvx_core_mdu.rvx_core_mdu_instance/mult_23/U0/U_1843/CO (FADDX1_RVT)
                                                   0.10      6.93 r
  u_core/rvx_core_instance/gen_rvx_core_mdu.rvx_core_mdu_instance/mult_23/U0/U_1845/CO (FADDX1_RVT)
                                                   0.10      7.02 r
  u_core/rvx_core_instance/gen_rvx_core_mdu.rvx_core_mdu_instance/mult_23/U0/U_1848/CO (FADDX1_RVT)
                                                   0.10      7.12 r
  u_core/rvx_core_instance/gen_rvx_core_mdu.rvx_core_mdu_instance/mult_23/U0/U_1850/CO (FADDX1_RVT)
                                                   0.10      7.21 r
  u_core/rvx_core_instance/gen_rvx_core_mdu.rvx_core_mdu_instance/mult_23/U0/U_1853/CO (FADDX1_RVT)
                                                   0.10      7.31 r
  u_core/rvx_core_instance/gen_rvx_core_mdu.rvx_core_mdu_instance/mult_23/U0/U_1855/CO (FADDX1_RVT)
                                                   0.10      7.41 r
  u_core/rvx_core_instance/gen_rvx_core_mdu.rvx_core_mdu_instance/mult_23/U0/U_1858/CO (FADDX1_RVT)
                                                   0.10      7.50 r
  u_core/rvx_core_instance/gen_rvx_core_mdu.rvx_core_mdu_instance/mult_23/U0/U_1860/CO (FADDX1_RVT)
                                                   0.10      7.60 r
  u_core/rvx_core_instance/gen_rvx_core_mdu.rvx_core_mdu_instance/mult_23/U0/U_1863/CO (FADDX1_RVT)
                                                   0.10      7.69 r
  u_core/rvx_core_instance/gen_rvx_core_mdu.rvx_core_mdu_instance/mult_23/U0/U_1865/S (FADDX1_RVT)
                                                   0.14      7.83 f
  u_core/rvx_core_instance/gen_rvx_core_mdu.rvx_core_mdu_instance/C91/Z[31] (*SELECT_OP.4_32_4_1_32_33)
                                                   0.00      7.83 f ~
  u_core/rvx_core_instance/gen_rvx_core_mdu.rvx_core_mdu_instance/C92/Z[31] (*SELECT_OP.2_32_2_1_32_33)
                                                   0.00      7.83 f ~
  u_core/rvx_core_instance/C603/Z[31] (*SELECT_OP.8_32_8_1_32_33)
                                                   0.00      7.83 f ~
  u_core/rvx_core_instance/rvx_core_integer_file_instance/C2470/Z[31] (*SELECT_OP.2_32_2_1_32_33)
                                                   0.00      7.83 f ~
  u_core/rvx_core_instance/rvx_core_integer_file_instance/C2473/Z[31] (*SELECT_OP.2_32_2_1_32_33)
                                                   0.00      7.83 f ~
  u_core/rvx_core_instance/rvx_core_branch_instance/eq_26/U0/U_0/Y (XOR2X1_RVT)
                                                   0.08      7.91 f
  u_core/rvx_core_instance/rvx_core_branch_instance/eq_26/U0/U_35/Y (OAI22X1_RVT)
                                                   0.10      8.02 r
  u_core/rvx_core_instance/rvx_core_branch_instance/eq_26/U0/U_76/Y (NOR2X1_RVT)
                                                   0.07      8.09 f
  u_core/rvx_core_instance/rvx_core_branch_instance/eq_26/U0/U_89/Y (NAND2X0_RVT)
                                                   0.04      8.12 r
  u_core/rvx_core_instance/rvx_core_branch_instance/eq_26/U0/U_102/Y (NOR2X1_RVT)
                                                   0.07      8.19 f
  u_core/rvx_core_instance/rvx_core_branch_instance/eq_26/U0/U_115/Y (NAND2X0_RVT)
                                                   0.04      8.23 r
  u_core/rvx_core_instance/rvx_core_branch_instance/eq_26/U0/U_128/Y (NOR2X1_RVT)
                                                   0.07      8.30 f
  u_core/rvx_core_instance/rvx_core_branch_instance/eq_26/U0/U_141/Y (NAND2X0_RVT)
                                                   0.04      8.34 r
  u_core/rvx_core_instance/rvx_core_branch_instance/eq_26/U0/U_154/Y (NOR2X1_RVT)
                                                   0.07      8.41 f
  u_core/rvx_core_instance/rvx_core_branch_instance/eq_26/U0/U_167/Y (NAND2X0_RVT)
                                                   0.04      8.44 r
  u_core/rvx_core_instance/rvx_core_branch_instance/eq_26/U0/U_180/Y (NOR2X1_RVT)
                                                   0.07      8.51 f
  u_core/rvx_core_instance/rvx_core_branch_instance/eq_26/U0/U_193/Y (NAND2X0_RVT)
                                                   0.04      8.55 r
  u_core/rvx_core_instance/rvx_core_branch_instance/eq_26/U0/U_206/Y (NOR2X1_RVT)
                                                   0.07      8.62 f
  u_core/rvx_core_instance/rvx_core_branch_instance/eq_26/U0/U_219/Y (NAND2X0_RVT)
                                                   0.04      8.66 r
  u_core/rvx_core_instance/rvx_core_branch_instance/eq_26/U0/U_232/Y (NOR2X1_RVT)
                                                   0.07      8.73 f
  u_core/rvx_core_instance/rvx_core_branch_instance/eq_26/U0/U_245/Y (NAND2X0_RVT)
                                                   0.04      8.76 r
  u_core/rvx_core_instance/rvx_core_branch_instance/eq_26/U0/U_258/Y (NOR2X1_RVT)
                                                   0.07      8.84 f
  u_core/rvx_core_instance/rvx_core_branch_instance/eq_26/U0/U_2670/Y (AND2X1_RVT)
                                                   0.06      8.89 f
  u_core/rvx_core_instance/rvx_core_branch_instance/C74/Z[0] (*SELECT_OP.7_1_7_1_1_33)
                                                   0.00      8.89 f ~
  u_core/rvx_core_instance/rvx_core_branch_instance/C73/Z[0] (*SELECT_OP.3_1_3_1_1_33)
                                                   0.00      8.89 f ~
  u_core/rvx_core_instance/rvx_core_address_gen_instance/I_5/Z (WVGTECH_NOT)
                                                   0.00      8.89 r ~
  u_core/rvx_core_instance/rvx_core_address_gen_instance/C92/Z[10] (*SELECT_OP.2_32_2_1_32_33)
                                                   0.00      8.89 r ~
  u_core/rvx_core_instance/rvx_core_pc_gen_instance/C69/Z[10] (*SELECT_OP.5_32_5_1_32_33)
                                                   0.00      8.89 r ~
  u_core/rvx_core_instance/rvx_core_bus_controller_instance/C515/Z[10] (*SELECT_OP.3_32_3_1_32_33)
                                                   0.00      8.89 r ~
  u_core/rvx_tightly_coupled_memory_instance/gte_53/U0/U_110/Y (OAI22X1_RVT)
                                                   0.09      8.98 f
  u_core/rvx_tightly_coupled_memory_instance/gte_53/U0/U_112/Y (OAI21X1_RVT)
                                                   0.13      9.10 r
  u_core/rvx_tightly_coupled_memory_instance/gte_53/U0/U_128/Y (AOI21X1_RVT)
                                                   0.10      9.21 f
  u_core/rvx_tightly_coupled_memory_instance/gte_53/U0/U_142/Y (OAI21X1_RVT)
                                                   0.12      9.33 r
  u_core/rvx_tightly_coupled_memory_instance/gte_53/U0/U_158/Y (AOI21X1_RVT)
                                                   0.10      9.43 f
  u_core/rvx_tightly_coupled_memory_instance/gte_53/U0/U_172/Y (OAI21X1_RVT)
                                                   0.12      9.55 r
  u_core/rvx_tightly_coupled_memory_instance/gte_53/U0/U_188/Y (AOI21X1_RVT)
                                                   0.10      9.65 f
  u_core/rvx_tightly_coupled_memory_instance/gte_53/U0/U_202/Y (OAI21X1_RVT)
                                                   0.12      9.77 r
  u_core/rvx_tightly_coupled_memory_instance/gte_53/U0/U_218/Y (AOI21X1_RVT)
                                                   0.10      9.88 f
  u_core/rvx_tightly_coupled_memory_instance/gte_53/U0/U_232/Y (OAI21X1_RVT)
                                                   0.12      9.99 r
  u_core/rvx_tightly_coupled_memory_instance/gte_53/U0/U_248/Y (AOI21X1_RVT)
                                                   0.10     10.10 f
  u_core/rvx_tightly_coupled_memory_instance/gte_53/U0/U_262/Y (OAI21X1_RVT)
                                                   0.12     10.22 r
  u_core/rvx_tightly_coupled_memory_instance/gte_53/U0/U_273/Y (OA21X1_RVT)
                                                   0.06     10.29 r
  u_core/rvx_tightly_coupled_memory_instance/C36486/Z (WVGTECH_OR2)
                                                   0.00     10.29 r ~
  u_core/rvx_tightly_coupled_memory_instance/I_40/Z (WVGTECH_NOT)
                                                   0.00     10.29 f ~
  u_core/rvx_tightly_coupled_memory_instance/C36529/Z (WVGTECH_AND2)
                                                   0.00     10.29 f ~
  u_core/rvx_tightly_coupled_memory_instance/C37573/Z (WVGTECH_AND2)
                                                   0.00     10.29 f ~
  u_core/rvx_tightly_coupled_memory_instance/C36443/Z[6] (*SELECT_OP.3_32_3_1_32_33)
                                                   0.00     10.29 f ~
  u_core/rvx_tightly_coupled_memory_instance/port0_rdata_reg[6]/next_state (*SEQGEN.1839103_000_2)
                                                   0.00     10.29 f
  data arrival time                                         10.29

  clock RVX_CLK (rise edge)                       30.00     30.00
  clock network delay (ideal)                      1.00     31.00
  u_core/rvx_tightly_coupled_memory_instance/port0_rdata_reg[6]/clocked_on (*SEQGEN.1839103_000_2)
                                                   0.00     31.00 r
  clock uncertainty                               -1.00     30.00
  library setup time                              -0.00     30.00
  data required time                                        30.00
  ------------------------------------------------------------------------
  data required time                                        30.00
  data arrival time                                        -10.29
  ------------------------------------------------------------------------
  slack (MET)                                               19.71



  Startpoint: u_core/rvx_core_instance/rs1_data_s2_reg[1] (rising edge-triggered flip-flop clocked by RVX_CLK)
  Endpoint: u_core/rvx_tightly_coupled_memory_instance/port0_rdata_reg[7] (rising edge-triggered flip-flop clocked by RVX_CLK)
  Mode: functional
  Corner: corner_ss
  Scenario: functional_ss
  Path Group: RVX_CLK
  Path Type: max

  Point                                            Incr      Path  
  ------------------------------------------------------------------------
  clock RVX_CLK (rise edge)                        0.00      0.00
  clock network delay (ideal)                      1.00      1.00

  u_core/rvx_core_instance/rs1_data_s2_reg[1]/clocked_on (*SEQGEN.1839103_000_2)
                                                   0.00      1.00 r
  u_core/rvx_core_instance/rs1_data_s2_reg[1]/Q (*SEQGEN.1839103_000_2)
                                                   0.00      1.00 f ~
  u_core/rvx_core_instance/gen_rvx_core_mdu.rvx_core_mdu_instance/mult_23/U0/U_118/Y (XOR2X1_RVT)
                                                   0.11      1.11 r
  u_core/rvx_core_instance/gen_rvx_core_mdu.rvx_core_mdu_instance/mult_23/U0/U_1231/Y (NAND2X0_RVT)
                                                   0.31      1.42 f
  u_core/rvx_core_instance/gen_rvx_core_mdu.rvx_core_mdu_instance/mult_23/U0/U_193/Y (OAI21X1_RVT)
                                                   0.25      1.68 r
  u_core/rvx_core_instance/gen_rvx_core_mdu.rvx_core_mdu_instance/mult_23/U0/U_194/Y (XOR2X1_RVT)
                                                   0.08      1.76 r
  u_core/rvx_core_instance/gen_rvx_core_mdu.rvx_core_mdu_instance/mult_23/U0/U_1708/C1 (HADDX1_RVT)
                                                   0.06      1.82 r
  u_core/rvx_core_instance/gen_rvx_core_mdu.rvx_core_mdu_instance/mult_23/U0/U_1710/C1 (HADDX1_RVT)
                                                   0.06      1.88 r
  u_core/rvx_core_instance/gen_rvx_core_mdu.rvx_core_mdu_instance/mult_23/U0/U_1713/C1 (HADDX1_RVT)
                                                   0.07      1.95 r
  u_core/rvx_core_instance/gen_rvx_core_mdu.rvx_core_mdu_instance/mult_23/U0/U_1715/CO (FADDX1_RVT)
                                                   0.09      2.04 r
  u_core/rvx_core_instance/gen_rvx_core_mdu.rvx_core_mdu_instance/mult_23/U0/U_1718/CO (FADDX1_RVT)
                                                   0.10      2.14 r
  u_core/rvx_core_instance/gen_rvx_core_mdu.rvx_core_mdu_instance/mult_23/U0/U_1720/CO (FADDX1_RVT)
                                                   0.10      2.23 r
  u_core/rvx_core_instance/gen_rvx_core_mdu.rvx_core_mdu_instance/mult_23/U0/U_1723/CO (FADDX1_RVT)
                                                   0.10      2.33 r
  u_core/rvx_core_instance/gen_rvx_core_mdu.rvx_core_mdu_instance/mult_23/U0/U_1725/CO (FADDX1_RVT)
                                                   0.10      2.43 r
  u_core/rvx_core_instance/gen_rvx_core_mdu.rvx_core_mdu_instance/mult_23/U0/U_1728/CO (FADDX1_RVT)
                                                   0.10      2.52 r
  u_core/rvx_core_instance/gen_rvx_core_mdu.rvx_core_mdu_instance/mult_23/U0/U_1730/CO (FADDX1_RVT)
                                                   0.10      2.62 r
  u_core/rvx_core_instance/gen_rvx_core_mdu.rvx_core_mdu_instance/mult_23/U0/U_1733/CO (FADDX1_RVT)
                                                   0.10      2.71 r
  u_core/rvx_core_instance/gen_rvx_core_mdu.rvx_core_mdu_instance/mult_23/U0/U_1735/CO (FADDX1_RVT)
                                                   0.10      2.81 r
  u_core/rvx_core_instance/gen_rvx_core_mdu.rvx_core_mdu_instance/mult_23/U0/U_1738/CO (FADDX1_RVT)
                                                   0.10      2.90 r
  u_core/rvx_core_instance/gen_rvx_core_mdu.rvx_core_mdu_instance/mult_23/U0/U_1740/CO (FADDX1_RVT)
                                                   0.10      3.00 r
  u_core/rvx_core_instance/gen_rvx_core_mdu.rvx_core_mdu_instance/mult_23/U0/U_1743/CO (FADDX1_RVT)
                                                   0.10      3.10 r
  u_core/rvx_core_instance/gen_rvx_core_mdu.rvx_core_mdu_instance/mult_23/U0/U_1745/CO (FADDX1_RVT)
                                                   0.10      3.19 r
  u_core/rvx_core_instance/gen_rvx_core_mdu.rvx_core_mdu_instance/mult_23/U0/U_1748/CO (FADDX1_RVT)
                                                   0.10      3.29 r
  u_core/rvx_core_instance/gen_rvx_core_mdu.rvx_core_mdu_instance/mult_23/U0/U_1750/CO (FADDX1_RVT)
                                                   0.10      3.38 r
  u_core/rvx_core_instance/gen_rvx_core_mdu.rvx_core_mdu_instance/mult_23/U0/U_1753/CO (FADDX1_RVT)
                                                   0.10      3.48 r
  u_core/rvx_core_instance/gen_rvx_core_mdu.rvx_core_mdu_instance/mult_23/U0/U_1755/CO (FADDX1_RVT)
                                                   0.10      3.57 r
  u_core/rvx_core_instance/gen_rvx_core_mdu.rvx_core_mdu_instance/mult_23/U0/U_1758/CO (FADDX1_RVT)
                                                   0.10      3.67 r
  u_core/rvx_core_instance/gen_rvx_core_mdu.rvx_core_mdu_instance/mult_23/U0/U_1760/CO (FADDX1_RVT)
                                                   0.10      3.77 r
  u_core/rvx_core_instance/gen_rvx_core_mdu.rvx_core_mdu_instance/mult_23/U0/U_1763/CO (FADDX1_RVT)
                                                   0.10      3.86 r
  u_core/rvx_core_instance/gen_rvx_core_mdu.rvx_core_mdu_instance/mult_23/U0/U_1765/CO (FADDX1_RVT)
                                                   0.10      3.96 r
  u_core/rvx_core_instance/gen_rvx_core_mdu.rvx_core_mdu_instance/mult_23/U0/U_1768/CO (FADDX1_RVT)
                                                   0.10      4.05 r
  u_core/rvx_core_instance/gen_rvx_core_mdu.rvx_core_mdu_instance/mult_23/U0/U_1770/CO (FADDX1_RVT)
                                                   0.10      4.15 r
  u_core/rvx_core_instance/gen_rvx_core_mdu.rvx_core_mdu_instance/mult_23/U0/U_1773/CO (FADDX1_RVT)
                                                   0.10      4.25 r
  u_core/rvx_core_instance/gen_rvx_core_mdu.rvx_core_mdu_instance/mult_23/U0/U_1775/CO (FADDX1_RVT)
                                                   0.10      4.34 r
  u_core/rvx_core_instance/gen_rvx_core_mdu.rvx_core_mdu_instance/mult_23/U0/U_1778/CO (FADDX1_RVT)
                                                   0.10      4.44 r
  u_core/rvx_core_instance/gen_rvx_core_mdu.rvx_core_mdu_instance/mult_23/U0/U_1780/CO (FADDX1_RVT)
                                                   0.10      4.53 r
  u_core/rvx_core_instance/gen_rvx_core_mdu.rvx_core_mdu_instance/mult_23/U0/U_1783/CO (FADDX1_RVT)
                                                   0.10      4.63 r
  u_core/rvx_core_instance/gen_rvx_core_mdu.rvx_core_mdu_instance/mult_23/U0/U_1785/CO (FADDX1_RVT)
                                                   0.10      4.72 r
  u_core/rvx_core_instance/gen_rvx_core_mdu.rvx_core_mdu_instance/mult_23/U0/U_1788/CO (FADDX1_RVT)
                                                   0.10      4.82 r
  u_core/rvx_core_instance/gen_rvx_core_mdu.rvx_core_mdu_instance/mult_23/U0/U_1790/CO (FADDX1_RVT)
                                                   0.10      4.92 r
  u_core/rvx_core_instance/gen_rvx_core_mdu.rvx_core_mdu_instance/mult_23/U0/U_1793/CO (FADDX1_RVT)
                                                   0.10      5.01 r
  u_core/rvx_core_instance/gen_rvx_core_mdu.rvx_core_mdu_instance/mult_23/U0/U_1795/CO (FADDX1_RVT)
                                                   0.10      5.11 r
  u_core/rvx_core_instance/gen_rvx_core_mdu.rvx_core_mdu_instance/mult_23/U0/U_1798/CO (FADDX1_RVT)
                                                   0.10      5.20 r
  u_core/rvx_core_instance/gen_rvx_core_mdu.rvx_core_mdu_instance/mult_23/U0/U_1800/CO (FADDX1_RVT)
                                                   0.10      5.30 r
  u_core/rvx_core_instance/gen_rvx_core_mdu.rvx_core_mdu_instance/mult_23/U0/U_1803/CO (FADDX1_RVT)
                                                   0.10      5.39 r
  u_core/rvx_core_instance/gen_rvx_core_mdu.rvx_core_mdu_instance/mult_23/U0/U_1805/CO (FADDX1_RVT)
                                                   0.10      5.49 r
  u_core/rvx_core_instance/gen_rvx_core_mdu.rvx_core_mdu_instance/mult_23/U0/U_1808/CO (FADDX1_RVT)
                                                   0.10      5.59 r
  u_core/rvx_core_instance/gen_rvx_core_mdu.rvx_core_mdu_instance/mult_23/U0/U_1810/CO (FADDX1_RVT)
                                                   0.10      5.68 r
  u_core/rvx_core_instance/gen_rvx_core_mdu.rvx_core_mdu_instance/mult_23/U0/U_1813/CO (FADDX1_RVT)
                                                   0.10      5.78 r
  u_core/rvx_core_instance/gen_rvx_core_mdu.rvx_core_mdu_instance/mult_23/U0/U_1815/CO (FADDX1_RVT)
                                                   0.10      5.87 r
  u_core/rvx_core_instance/gen_rvx_core_mdu.rvx_core_mdu_instance/mult_23/U0/U_1818/CO (FADDX1_RVT)
                                                   0.10      5.97 r
  u_core/rvx_core_instance/gen_rvx_core_mdu.rvx_core_mdu_instance/mult_23/U0/U_1820/CO (FADDX1_RVT)
                                                   0.10      6.06 r
  u_core/rvx_core_instance/gen_rvx_core_mdu.rvx_core_mdu_instance/mult_23/U0/U_1823/CO (FADDX1_RVT)
                                                   0.10      6.16 r
  u_core/rvx_core_instance/gen_rvx_core_mdu.rvx_core_mdu_instance/mult_23/U0/U_1825/CO (FADDX1_RVT)
                                                   0.10      6.26 r
  u_core/rvx_core_instance/gen_rvx_core_mdu.rvx_core_mdu_instance/mult_23/U0/U_1828/CO (FADDX1_RVT)
                                                   0.10      6.35 r
  u_core/rvx_core_instance/gen_rvx_core_mdu.rvx_core_mdu_instance/mult_23/U0/U_1830/CO (FADDX1_RVT)
                                                   0.10      6.45 r
  u_core/rvx_core_instance/gen_rvx_core_mdu.rvx_core_mdu_instance/mult_23/U0/U_1833/CO (FADDX1_RVT)
                                                   0.10      6.54 r
  u_core/rvx_core_instance/gen_rvx_core_mdu.rvx_core_mdu_instance/mult_23/U0/U_1835/CO (FADDX1_RVT)
                                                   0.10      6.64 r
  u_core/rvx_core_instance/gen_rvx_core_mdu.rvx_core_mdu_instance/mult_23/U0/U_1838/CO (FADDX1_RVT)
                                                   0.10      6.73 r
  u_core/rvx_core_instance/gen_rvx_core_mdu.rvx_core_mdu_instance/mult_23/U0/U_1840/CO (FADDX1_RVT)
                                                   0.10      6.83 r
  u_core/rvx_core_instance/gen_rvx_core_mdu.rvx_core_mdu_instance/mult_23/U0/U_1843/CO (FADDX1_RVT)
                                                   0.10      6.93 r
  u_core/rvx_core_instance/gen_rvx_core_mdu.rvx_core_mdu_instance/mult_23/U0/U_1845/CO (FADDX1_RVT)
                                                   0.10      7.02 r
  u_core/rvx_core_instance/gen_rvx_core_mdu.rvx_core_mdu_instance/mult_23/U0/U_1848/CO (FADDX1_RVT)
                                                   0.10      7.12 r
  u_core/rvx_core_instance/gen_rvx_core_mdu.rvx_core_mdu_instance/mult_23/U0/U_1850/CO (FADDX1_RVT)
                                                   0.10      7.21 r
  u_core/rvx_core_instance/gen_rvx_core_mdu.rvx_core_mdu_instance/mult_23/U0/U_1853/CO (FADDX1_RVT)
                                                   0.10      7.31 r
  u_core/rvx_core_instance/gen_rvx_core_mdu.rvx_core_mdu_instance/mult_23/U0/U_1855/CO (FADDX1_RVT)
                                                   0.10      7.41 r
  u_core/rvx_core_instance/gen_rvx_core_mdu.rvx_core_mdu_instance/mult_23/U0/U_1858/CO (FADDX1_RVT)
                                                   0.10      7.50 r
  u_core/rvx_core_instance/gen_rvx_core_mdu.rvx_core_mdu_instance/mult_23/U0/U_1860/CO (FADDX1_RVT)
                                                   0.10      7.60 r
  u_core/rvx_core_instance/gen_rvx_core_mdu.rvx_core_mdu_instance/mult_23/U0/U_1863/CO (FADDX1_RVT)
                                                   0.10      7.69 r
  u_core/rvx_core_instance/gen_rvx_core_mdu.rvx_core_mdu_instance/mult_23/U0/U_1865/S (FADDX1_RVT)
                                                   0.14      7.83 f
  u_core/rvx_core_instance/gen_rvx_core_mdu.rvx_core_mdu_instance/C91/Z[31] (*SELECT_OP.4_32_4_1_32_33)
                                                   0.00      7.83 f ~
  u_core/rvx_core_instance/gen_rvx_core_mdu.rvx_core_mdu_instance/C92/Z[31] (*SELECT_OP.2_32_2_1_32_33)
                                                   0.00      7.83 f ~
  u_core/rvx_core_instance/C603/Z[31] (*SELECT_OP.8_32_8_1_32_33)
                                                   0.00      7.83 f ~
  u_core/rvx_core_instance/rvx_core_integer_file_instance/C2470/Z[31] (*SELECT_OP.2_32_2_1_32_33)
                                                   0.00      7.83 f ~
  u_core/rvx_core_instance/rvx_core_integer_file_instance/C2473/Z[31] (*SELECT_OP.2_32_2_1_32_33)
                                                   0.00      7.83 f ~
  u_core/rvx_core_instance/rvx_core_branch_instance/eq_26/U0/U_0/Y (XOR2X1_RVT)
                                                   0.08      7.91 f
  u_core/rvx_core_instance/rvx_core_branch_instance/eq_26/U0/U_35/Y (OAI22X1_RVT)
                                                   0.10      8.02 r
  u_core/rvx_core_instance/rvx_core_branch_instance/eq_26/U0/U_76/Y (NOR2X1_RVT)
                                                   0.07      8.09 f
  u_core/rvx_core_instance/rvx_core_branch_instance/eq_26/U0/U_89/Y (NAND2X0_RVT)
                                                   0.04      8.12 r
  u_core/rvx_core_instance/rvx_core_branch_instance/eq_26/U0/U_102/Y (NOR2X1_RVT)
                                                   0.07      8.19 f
  u_core/rvx_core_instance/rvx_core_branch_instance/eq_26/U0/U_115/Y (NAND2X0_RVT)
                                                   0.04      8.23 r
  u_core/rvx_core_instance/rvx_core_branch_instance/eq_26/U0/U_128/Y (NOR2X1_RVT)
                                                   0.07      8.30 f
  u_core/rvx_core_instance/rvx_core_branch_instance/eq_26/U0/U_141/Y (NAND2X0_RVT)
                                                   0.04      8.34 r
  u_core/rvx_core_instance/rvx_core_branch_instance/eq_26/U0/U_154/Y (NOR2X1_RVT)
                                                   0.07      8.41 f
  u_core/rvx_core_instance/rvx_core_branch_instance/eq_26/U0/U_167/Y (NAND2X0_RVT)
                                                   0.04      8.44 r
  u_core/rvx_core_instance/rvx_core_branch_instance/eq_26/U0/U_180/Y (NOR2X1_RVT)
                                                   0.07      8.51 f
  u_core/rvx_core_instance/rvx_core_branch_instance/eq_26/U0/U_193/Y (NAND2X0_RVT)
                                                   0.04      8.55 r
  u_core/rvx_core_instance/rvx_core_branch_instance/eq_26/U0/U_206/Y (NOR2X1_RVT)
                                                   0.07      8.62 f
  u_core/rvx_core_instance/rvx_core_branch_instance/eq_26/U0/U_219/Y (NAND2X0_RVT)
                                                   0.04      8.66 r
  u_core/rvx_core_instance/rvx_core_branch_instance/eq_26/U0/U_232/Y (NOR2X1_RVT)
                                                   0.07      8.73 f
  u_core/rvx_core_instance/rvx_core_branch_instance/eq_26/U0/U_245/Y (NAND2X0_RVT)
                                                   0.04      8.76 r
  u_core/rvx_core_instance/rvx_core_branch_instance/eq_26/U0/U_258/Y (NOR2X1_RVT)
                                                   0.07      8.84 f
  u_core/rvx_core_instance/rvx_core_branch_instance/eq_26/U0/U_2670/Y (AND2X1_RVT)
                                                   0.06      8.89 f
  u_core/rvx_core_instance/rvx_core_branch_instance/C74/Z[0] (*SELECT_OP.7_1_7_1_1_33)
                                                   0.00      8.89 f ~
  u_core/rvx_core_instance/rvx_core_branch_instance/C73/Z[0] (*SELECT_OP.3_1_3_1_1_33)
                                                   0.00      8.89 f ~
  u_core/rvx_core_instance/rvx_core_address_gen_instance/I_5/Z (WVGTECH_NOT)
                                                   0.00      8.89 r ~
  u_core/rvx_core_instance/rvx_core_address_gen_instance/C92/Z[10] (*SELECT_OP.2_32_2_1_32_33)
                                                   0.00      8.89 r ~
  u_core/rvx_core_instance/rvx_core_pc_gen_instance/C69/Z[10] (*SELECT_OP.5_32_5_1_32_33)
                                                   0.00      8.89 r ~
  u_core/rvx_core_instance/rvx_core_bus_controller_instance/C515/Z[10] (*SELECT_OP.3_32_3_1_32_33)
                                                   0.00      8.89 r ~
  u_core/rvx_tightly_coupled_memory_instance/gte_53/U0/U_110/Y (OAI22X1_RVT)
                                                   0.09      8.98 f
  u_core/rvx_tightly_coupled_memory_instance/gte_53/U0/U_112/Y (OAI21X1_RVT)
                                                   0.13      9.10 r
  u_core/rvx_tightly_coupled_memory_instance/gte_53/U0/U_128/Y (AOI21X1_RVT)
                                                   0.10      9.21 f
  u_core/rvx_tightly_coupled_memory_instance/gte_53/U0/U_142/Y (OAI21X1_RVT)
                                                   0.12      9.33 r
  u_core/rvx_tightly_coupled_memory_instance/gte_53/U0/U_158/Y (AOI21X1_RVT)
                                                   0.10      9.43 f
  u_core/rvx_tightly_coupled_memory_instance/gte_53/U0/U_172/Y (OAI21X1_RVT)
                                                   0.12      9.55 r
  u_core/rvx_tightly_coupled_memory_instance/gte_53/U0/U_188/Y (AOI21X1_RVT)
                                                   0.10      9.65 f
  u_core/rvx_tightly_coupled_memory_instance/gte_53/U0/U_202/Y (OAI21X1_RVT)
                                                   0.12      9.77 r
  u_core/rvx_tightly_coupled_memory_instance/gte_53/U0/U_218/Y (AOI21X1_RVT)
                                                   0.10      9.88 f
  u_core/rvx_tightly_coupled_memory_instance/gte_53/U0/U_232/Y (OAI21X1_RVT)
                                                   0.12      9.99 r
  u_core/rvx_tightly_coupled_memory_instance/gte_53/U0/U_248/Y (AOI21X1_RVT)
                                                   0.10     10.10 f
  u_core/rvx_tightly_coupled_memory_instance/gte_53/U0/U_262/Y (OAI21X1_RVT)
                                                   0.12     10.22 r
  u_core/rvx_tightly_coupled_memory_instance/gte_53/U0/U_273/Y (OA21X1_RVT)
                                                   0.06     10.29 r
  u_core/rvx_tightly_coupled_memory_instance/C36486/Z (WVGTECH_OR2)
                                                   0.00     10.29 r ~
  u_core/rvx_tightly_coupled_memory_instance/I_40/Z (WVGTECH_NOT)
                                                   0.00     10.29 f ~
  u_core/rvx_tightly_coupled_memory_instance/C36529/Z (WVGTECH_AND2)
                                                   0.00     10.29 f ~
  u_core/rvx_tightly_coupled_memory_instance/C37573/Z (WVGTECH_AND2)
                                                   0.00     10.29 f ~
  u_core/rvx_tightly_coupled_memory_instance/C36443/Z[7] (*SELECT_OP.3_32_3_1_32_33)
                                                   0.00     10.29 f ~
  u_core/rvx_tightly_coupled_memory_instance/port0_rdata_reg[7]/next_state (*SEQGEN.1839103_000_2)
                                                   0.00     10.29 f
  data arrival time                                         10.29

  clock RVX_CLK (rise edge)                       30.00     30.00
  clock network delay (ideal)                      1.00     31.00
  u_core/rvx_tightly_coupled_memory_instance/port0_rdata_reg[7]/clocked_on (*SEQGEN.1839103_000_2)
                                                   0.00     31.00 r
  clock uncertainty                               -1.00     30.00
  library setup time                              -0.00     30.00
  data required time                                        30.00
  ------------------------------------------------------------------------
  data required time                                        30.00
  data arrival time                                        -10.29
  ------------------------------------------------------------------------
  slack (MET)                                               19.71



  Startpoint: u_core/rvx_core_instance/rs1_data_s2_reg[1] (rising edge-triggered flip-flop clocked by RVX_CLK)
  Endpoint: u_core/rvx_tightly_coupled_memory_instance/port0_rdata_reg[8] (rising edge-triggered flip-flop clocked by RVX_CLK)
  Mode: functional
  Corner: corner_ss
  Scenario: functional_ss
  Path Group: RVX_CLK
  Path Type: max

  Point                                            Incr      Path  
  ------------------------------------------------------------------------
  clock RVX_CLK (rise edge)                        0.00      0.00
  clock network delay (ideal)                      1.00      1.00

  u_core/rvx_core_instance/rs1_data_s2_reg[1]/clocked_on (*SEQGEN.1839103_000_2)
                                                   0.00      1.00 r
  u_core/rvx_core_instance/rs1_data_s2_reg[1]/Q (*SEQGEN.1839103_000_2)
                                                   0.00      1.00 f ~
  u_core/rvx_core_instance/gen_rvx_core_mdu.rvx_core_mdu_instance/mult_23/U0/U_118/Y (XOR2X1_RVT)
                                                   0.11      1.11 r
  u_core/rvx_core_instance/gen_rvx_core_mdu.rvx_core_mdu_instance/mult_23/U0/U_1231/Y (NAND2X0_RVT)
                                                   0.31      1.42 f
  u_core/rvx_core_instance/gen_rvx_core_mdu.rvx_core_mdu_instance/mult_23/U0/U_193/Y (OAI21X1_RVT)
                                                   0.25      1.68 r
  u_core/rvx_core_instance/gen_rvx_core_mdu.rvx_core_mdu_instance/mult_23/U0/U_194/Y (XOR2X1_RVT)
                                                   0.08      1.76 r
  u_core/rvx_core_instance/gen_rvx_core_mdu.rvx_core_mdu_instance/mult_23/U0/U_1708/C1 (HADDX1_RVT)
                                                   0.06      1.82 r
  u_core/rvx_core_instance/gen_rvx_core_mdu.rvx_core_mdu_instance/mult_23/U0/U_1710/C1 (HADDX1_RVT)
                                                   0.06      1.88 r
  u_core/rvx_core_instance/gen_rvx_core_mdu.rvx_core_mdu_instance/mult_23/U0/U_1713/C1 (HADDX1_RVT)
                                                   0.07      1.95 r
  u_core/rvx_core_instance/gen_rvx_core_mdu.rvx_core_mdu_instance/mult_23/U0/U_1715/CO (FADDX1_RVT)
                                                   0.09      2.04 r
  u_core/rvx_core_instance/gen_rvx_core_mdu.rvx_core_mdu_instance/mult_23/U0/U_1718/CO (FADDX1_RVT)
                                                   0.10      2.14 r
  u_core/rvx_core_instance/gen_rvx_core_mdu.rvx_core_mdu_instance/mult_23/U0/U_1720/CO (FADDX1_RVT)
                                                   0.10      2.23 r
  u_core/rvx_core_instance/gen_rvx_core_mdu.rvx_core_mdu_instance/mult_23/U0/U_1723/CO (FADDX1_RVT)
                                                   0.10      2.33 r
  u_core/rvx_core_instance/gen_rvx_core_mdu.rvx_core_mdu_instance/mult_23/U0/U_1725/CO (FADDX1_RVT)
                                                   0.10      2.43 r
  u_core/rvx_core_instance/gen_rvx_core_mdu.rvx_core_mdu_instance/mult_23/U0/U_1728/CO (FADDX1_RVT)
                                                   0.10      2.52 r
  u_core/rvx_core_instance/gen_rvx_core_mdu.rvx_core_mdu_instance/mult_23/U0/U_1730/CO (FADDX1_RVT)
                                                   0.10      2.62 r
  u_core/rvx_core_instance/gen_rvx_core_mdu.rvx_core_mdu_instance/mult_23/U0/U_1733/CO (FADDX1_RVT)
                                                   0.10      2.71 r
  u_core/rvx_core_instance/gen_rvx_core_mdu.rvx_core_mdu_instance/mult_23/U0/U_1735/CO (FADDX1_RVT)
                                                   0.10      2.81 r
  u_core/rvx_core_instance/gen_rvx_core_mdu.rvx_core_mdu_instance/mult_23/U0/U_1738/CO (FADDX1_RVT)
                                                   0.10      2.90 r
  u_core/rvx_core_instance/gen_rvx_core_mdu.rvx_core_mdu_instance/mult_23/U0/U_1740/CO (FADDX1_RVT)
                                                   0.10      3.00 r
  u_core/rvx_core_instance/gen_rvx_core_mdu.rvx_core_mdu_instance/mult_23/U0/U_1743/CO (FADDX1_RVT)
                                                   0.10      3.10 r
  u_core/rvx_core_instance/gen_rvx_core_mdu.rvx_core_mdu_instance/mult_23/U0/U_1745/CO (FADDX1_RVT)
                                                   0.10      3.19 r
  u_core/rvx_core_instance/gen_rvx_core_mdu.rvx_core_mdu_instance/mult_23/U0/U_1748/CO (FADDX1_RVT)
                                                   0.10      3.29 r
  u_core/rvx_core_instance/gen_rvx_core_mdu.rvx_core_mdu_instance/mult_23/U0/U_1750/CO (FADDX1_RVT)
                                                   0.10      3.38 r
  u_core/rvx_core_instance/gen_rvx_core_mdu.rvx_core_mdu_instance/mult_23/U0/U_1753/CO (FADDX1_RVT)
                                                   0.10      3.48 r
  u_core/rvx_core_instance/gen_rvx_core_mdu.rvx_core_mdu_instance/mult_23/U0/U_1755/CO (FADDX1_RVT)
                                                   0.10      3.57 r
  u_core/rvx_core_instance/gen_rvx_core_mdu.rvx_core_mdu_instance/mult_23/U0/U_1758/CO (FADDX1_RVT)
                                                   0.10      3.67 r
  u_core/rvx_core_instance/gen_rvx_core_mdu.rvx_core_mdu_instance/mult_23/U0/U_1760/CO (FADDX1_RVT)
                                                   0.10      3.77 r
  u_core/rvx_core_instance/gen_rvx_core_mdu.rvx_core_mdu_instance/mult_23/U0/U_1763/CO (FADDX1_RVT)
                                                   0.10      3.86 r
  u_core/rvx_core_instance/gen_rvx_core_mdu.rvx_core_mdu_instance/mult_23/U0/U_1765/CO (FADDX1_RVT)
                                                   0.10      3.96 r
  u_core/rvx_core_instance/gen_rvx_core_mdu.rvx_core_mdu_instance/mult_23/U0/U_1768/CO (FADDX1_RVT)
                                                   0.10      4.05 r
  u_core/rvx_core_instance/gen_rvx_core_mdu.rvx_core_mdu_instance/mult_23/U0/U_1770/CO (FADDX1_RVT)
                                                   0.10      4.15 r
  u_core/rvx_core_instance/gen_rvx_core_mdu.rvx_core_mdu_instance/mult_23/U0/U_1773/CO (FADDX1_RVT)
                                                   0.10      4.25 r
  u_core/rvx_core_instance/gen_rvx_core_mdu.rvx_core_mdu_instance/mult_23/U0/U_1775/CO (FADDX1_RVT)
                                                   0.10      4.34 r
  u_core/rvx_core_instance/gen_rvx_core_mdu.rvx_core_mdu_instance/mult_23/U0/U_1778/CO (FADDX1_RVT)
                                                   0.10      4.44 r
  u_core/rvx_core_instance/gen_rvx_core_mdu.rvx_core_mdu_instance/mult_23/U0/U_1780/CO (FADDX1_RVT)
                                                   0.10      4.53 r
  u_core/rvx_core_instance/gen_rvx_core_mdu.rvx_core_mdu_instance/mult_23/U0/U_1783/CO (FADDX1_RVT)
                                                   0.10      4.63 r
  u_core/rvx_core_instance/gen_rvx_core_mdu.rvx_core_mdu_instance/mult_23/U0/U_1785/CO (FADDX1_RVT)
                                                   0.10      4.72 r
  u_core/rvx_core_instance/gen_rvx_core_mdu.rvx_core_mdu_instance/mult_23/U0/U_1788/CO (FADDX1_RVT)
                                                   0.10      4.82 r
  u_core/rvx_core_instance/gen_rvx_core_mdu.rvx_core_mdu_instance/mult_23/U0/U_1790/CO (FADDX1_RVT)
                                                   0.10      4.92 r
  u_core/rvx_core_instance/gen_rvx_core_mdu.rvx_core_mdu_instance/mult_23/U0/U_1793/CO (FADDX1_RVT)
                                                   0.10      5.01 r
  u_core/rvx_core_instance/gen_rvx_core_mdu.rvx_core_mdu_instance/mult_23/U0/U_1795/CO (FADDX1_RVT)
                                                   0.10      5.11 r
  u_core/rvx_core_instance/gen_rvx_core_mdu.rvx_core_mdu_instance/mult_23/U0/U_1798/CO (FADDX1_RVT)
                                                   0.10      5.20 r
  u_core/rvx_core_instance/gen_rvx_core_mdu.rvx_core_mdu_instance/mult_23/U0/U_1800/CO (FADDX1_RVT)
                                                   0.10      5.30 r
  u_core/rvx_core_instance/gen_rvx_core_mdu.rvx_core_mdu_instance/mult_23/U0/U_1803/CO (FADDX1_RVT)
                                                   0.10      5.39 r
  u_core/rvx_core_instance/gen_rvx_core_mdu.rvx_core_mdu_instance/mult_23/U0/U_1805/CO (FADDX1_RVT)
                                                   0.10      5.49 r
  u_core/rvx_core_instance/gen_rvx_core_mdu.rvx_core_mdu_instance/mult_23/U0/U_1808/CO (FADDX1_RVT)
                                                   0.10      5.59 r
  u_core/rvx_core_instance/gen_rvx_core_mdu.rvx_core_mdu_instance/mult_23/U0/U_1810/CO (FADDX1_RVT)
                                                   0.10      5.68 r
  u_core/rvx_core_instance/gen_rvx_core_mdu.rvx_core_mdu_instance/mult_23/U0/U_1813/CO (FADDX1_RVT)
                                                   0.10      5.78 r
  u_core/rvx_core_instance/gen_rvx_core_mdu.rvx_core_mdu_instance/mult_23/U0/U_1815/CO (FADDX1_RVT)
                                                   0.10      5.87 r
  u_core/rvx_core_instance/gen_rvx_core_mdu.rvx_core_mdu_instance/mult_23/U0/U_1818/CO (FADDX1_RVT)
                                                   0.10      5.97 r
  u_core/rvx_core_instance/gen_rvx_core_mdu.rvx_core_mdu_instance/mult_23/U0/U_1820/CO (FADDX1_RVT)
                                                   0.10      6.06 r
  u_core/rvx_core_instance/gen_rvx_core_mdu.rvx_core_mdu_instance/mult_23/U0/U_1823/CO (FADDX1_RVT)
                                                   0.10      6.16 r
  u_core/rvx_core_instance/gen_rvx_core_mdu.rvx_core_mdu_instance/mult_23/U0/U_1825/CO (FADDX1_RVT)
                                                   0.10      6.26 r
  u_core/rvx_core_instance/gen_rvx_core_mdu.rvx_core_mdu_instance/mult_23/U0/U_1828/CO (FADDX1_RVT)
                                                   0.10      6.35 r
  u_core/rvx_core_instance/gen_rvx_core_mdu.rvx_core_mdu_instance/mult_23/U0/U_1830/CO (FADDX1_RVT)
                                                   0.10      6.45 r
  u_core/rvx_core_instance/gen_rvx_core_mdu.rvx_core_mdu_instance/mult_23/U0/U_1833/CO (FADDX1_RVT)
                                                   0.10      6.54 r
  u_core/rvx_core_instance/gen_rvx_core_mdu.rvx_core_mdu_instance/mult_23/U0/U_1835/CO (FADDX1_RVT)
                                                   0.10      6.64 r
  u_core/rvx_core_instance/gen_rvx_core_mdu.rvx_core_mdu_instance/mult_23/U0/U_1838/CO (FADDX1_RVT)
                                                   0.10      6.73 r
  u_core/rvx_core_instance/gen_rvx_core_mdu.rvx_core_mdu_instance/mult_23/U0/U_1840/CO (FADDX1_RVT)
                                                   0.10      6.83 r
  u_core/rvx_core_instance/gen_rvx_core_mdu.rvx_core_mdu_instance/mult_23/U0/U_1843/CO (FADDX1_RVT)
                                                   0.10      6.93 r
  u_core/rvx_core_instance/gen_rvx_core_mdu.rvx_core_mdu_instance/mult_23/U0/U_1845/CO (FADDX1_RVT)
                                                   0.10      7.02 r
  u_core/rvx_core_instance/gen_rvx_core_mdu.rvx_core_mdu_instance/mult_23/U0/U_1848/CO (FADDX1_RVT)
                                                   0.10      7.12 r
  u_core/rvx_core_instance/gen_rvx_core_mdu.rvx_core_mdu_instance/mult_23/U0/U_1850/CO (FADDX1_RVT)
                                                   0.10      7.21 r
  u_core/rvx_core_instance/gen_rvx_core_mdu.rvx_core_mdu_instance/mult_23/U0/U_1853/CO (FADDX1_RVT)
                                                   0.10      7.31 r
  u_core/rvx_core_instance/gen_rvx_core_mdu.rvx_core_mdu_instance/mult_23/U0/U_1855/CO (FADDX1_RVT)
                                                   0.10      7.41 r
  u_core/rvx_core_instance/gen_rvx_core_mdu.rvx_core_mdu_instance/mult_23/U0/U_1858/CO (FADDX1_RVT)
                                                   0.10      7.50 r
  u_core/rvx_core_instance/gen_rvx_core_mdu.rvx_core_mdu_instance/mult_23/U0/U_1860/CO (FADDX1_RVT)
                                                   0.10      7.60 r
  u_core/rvx_core_instance/gen_rvx_core_mdu.rvx_core_mdu_instance/mult_23/U0/U_1863/CO (FADDX1_RVT)
                                                   0.10      7.69 r
  u_core/rvx_core_instance/gen_rvx_core_mdu.rvx_core_mdu_instance/mult_23/U0/U_1865/S (FADDX1_RVT)
                                                   0.14      7.83 f
  u_core/rvx_core_instance/gen_rvx_core_mdu.rvx_core_mdu_instance/C91/Z[31] (*SELECT_OP.4_32_4_1_32_33)
                                                   0.00      7.83 f ~
  u_core/rvx_core_instance/gen_rvx_core_mdu.rvx_core_mdu_instance/C92/Z[31] (*SELECT_OP.2_32_2_1_32_33)
                                                   0.00      7.83 f ~
  u_core/rvx_core_instance/C603/Z[31] (*SELECT_OP.8_32_8_1_32_33)
                                                   0.00      7.83 f ~
  u_core/rvx_core_instance/rvx_core_integer_file_instance/C2470/Z[31] (*SELECT_OP.2_32_2_1_32_33)
                                                   0.00      7.83 f ~
  u_core/rvx_core_instance/rvx_core_integer_file_instance/C2473/Z[31] (*SELECT_OP.2_32_2_1_32_33)
                                                   0.00      7.83 f ~
  u_core/rvx_core_instance/rvx_core_branch_instance/eq_26/U0/U_0/Y (XOR2X1_RVT)
                                                   0.08      7.91 f
  u_core/rvx_core_instance/rvx_core_branch_instance/eq_26/U0/U_35/Y (OAI22X1_RVT)
                                                   0.10      8.02 r
  u_core/rvx_core_instance/rvx_core_branch_instance/eq_26/U0/U_76/Y (NOR2X1_RVT)
                                                   0.07      8.09 f
  u_core/rvx_core_instance/rvx_core_branch_instance/eq_26/U0/U_89/Y (NAND2X0_RVT)
                                                   0.04      8.12 r
  u_core/rvx_core_instance/rvx_core_branch_instance/eq_26/U0/U_102/Y (NOR2X1_RVT)
                                                   0.07      8.19 f
  u_core/rvx_core_instance/rvx_core_branch_instance/eq_26/U0/U_115/Y (NAND2X0_RVT)
                                                   0.04      8.23 r
  u_core/rvx_core_instance/rvx_core_branch_instance/eq_26/U0/U_128/Y (NOR2X1_RVT)
                                                   0.07      8.30 f
  u_core/rvx_core_instance/rvx_core_branch_instance/eq_26/U0/U_141/Y (NAND2X0_RVT)
                                                   0.04      8.34 r
  u_core/rvx_core_instance/rvx_core_branch_instance/eq_26/U0/U_154/Y (NOR2X1_RVT)
                                                   0.07      8.41 f
  u_core/rvx_core_instance/rvx_core_branch_instance/eq_26/U0/U_167/Y (NAND2X0_RVT)
                                                   0.04      8.44 r
  u_core/rvx_core_instance/rvx_core_branch_instance/eq_26/U0/U_180/Y (NOR2X1_RVT)
                                                   0.07      8.51 f
  u_core/rvx_core_instance/rvx_core_branch_instance/eq_26/U0/U_193/Y (NAND2X0_RVT)
                                                   0.04      8.55 r
  u_core/rvx_core_instance/rvx_core_branch_instance/eq_26/U0/U_206/Y (NOR2X1_RVT)
                                                   0.07      8.62 f
  u_core/rvx_core_instance/rvx_core_branch_instance/eq_26/U0/U_219/Y (NAND2X0_RVT)
                                                   0.04      8.66 r
  u_core/rvx_core_instance/rvx_core_branch_instance/eq_26/U0/U_232/Y (NOR2X1_RVT)
                                                   0.07      8.73 f
  u_core/rvx_core_instance/rvx_core_branch_instance/eq_26/U0/U_245/Y (NAND2X0_RVT)
                                                   0.04      8.76 r
  u_core/rvx_core_instance/rvx_core_branch_instance/eq_26/U0/U_258/Y (NOR2X1_RVT)
                                                   0.07      8.84 f
  u_core/rvx_core_instance/rvx_core_branch_instance/eq_26/U0/U_2670/Y (AND2X1_RVT)
                                                   0.06      8.89 f
  u_core/rvx_core_instance/rvx_core_branch_instance/C74/Z[0] (*SELECT_OP.7_1_7_1_1_33)
                                                   0.00      8.89 f ~
  u_core/rvx_core_instance/rvx_core_branch_instance/C73/Z[0] (*SELECT_OP.3_1_3_1_1_33)
                                                   0.00      8.89 f ~
  u_core/rvx_core_instance/rvx_core_address_gen_instance/I_5/Z (WVGTECH_NOT)
                                                   0.00      8.89 r ~
  u_core/rvx_core_instance/rvx_core_address_gen_instance/C92/Z[10] (*SELECT_OP.2_32_2_1_32_33)
                                                   0.00      8.89 r ~
  u_core/rvx_core_instance/rvx_core_pc_gen_instance/C69/Z[10] (*SELECT_OP.5_32_5_1_32_33)
                                                   0.00      8.89 r ~
  u_core/rvx_core_instance/rvx_core_bus_controller_instance/C515/Z[10] (*SELECT_OP.3_32_3_1_32_33)
                                                   0.00      8.89 r ~
  u_core/rvx_tightly_coupled_memory_instance/gte_53/U0/U_110/Y (OAI22X1_RVT)
                                                   0.09      8.98 f
  u_core/rvx_tightly_coupled_memory_instance/gte_53/U0/U_112/Y (OAI21X1_RVT)
                                                   0.13      9.10 r
  u_core/rvx_tightly_coupled_memory_instance/gte_53/U0/U_128/Y (AOI21X1_RVT)
                                                   0.10      9.21 f
  u_core/rvx_tightly_coupled_memory_instance/gte_53/U0/U_142/Y (OAI21X1_RVT)
                                                   0.12      9.33 r
  u_core/rvx_tightly_coupled_memory_instance/gte_53/U0/U_158/Y (AOI21X1_RVT)
                                                   0.10      9.43 f
  u_core/rvx_tightly_coupled_memory_instance/gte_53/U0/U_172/Y (OAI21X1_RVT)
                                                   0.12      9.55 r
  u_core/rvx_tightly_coupled_memory_instance/gte_53/U0/U_188/Y (AOI21X1_RVT)
                                                   0.10      9.65 f
  u_core/rvx_tightly_coupled_memory_instance/gte_53/U0/U_202/Y (OAI21X1_RVT)
                                                   0.12      9.77 r
  u_core/rvx_tightly_coupled_memory_instance/gte_53/U0/U_218/Y (AOI21X1_RVT)
                                                   0.10      9.88 f
  u_core/rvx_tightly_coupled_memory_instance/gte_53/U0/U_232/Y (OAI21X1_RVT)
                                                   0.12      9.99 r
  u_core/rvx_tightly_coupled_memory_instance/gte_53/U0/U_248/Y (AOI21X1_RVT)
                                                   0.10     10.10 f
  u_core/rvx_tightly_coupled_memory_instance/gte_53/U0/U_262/Y (OAI21X1_RVT)
                                                   0.12     10.22 r
  u_core/rvx_tightly_coupled_memory_instance/gte_53/U0/U_273/Y (OA21X1_RVT)
                                                   0.06     10.29 r
  u_core/rvx_tightly_coupled_memory_instance/C36486/Z (WVGTECH_OR2)
                                                   0.00     10.29 r ~
  u_core/rvx_tightly_coupled_memory_instance/I_40/Z (WVGTECH_NOT)
                                                   0.00     10.29 f ~
  u_core/rvx_tightly_coupled_memory_instance/C36529/Z (WVGTECH_AND2)
                                                   0.00     10.29 f ~
  u_core/rvx_tightly_coupled_memory_instance/C37573/Z (WVGTECH_AND2)
                                                   0.00     10.29 f ~
  u_core/rvx_tightly_coupled_memory_instance/C36443/Z[8] (*SELECT_OP.3_32_3_1_32_33)
                                                   0.00     10.29 f ~
  u_core/rvx_tightly_coupled_memory_instance/port0_rdata_reg[8]/next_state (*SEQGEN.1839103_000_2)
                                                   0.00     10.29 f
  data arrival time                                         10.29

  clock RVX_CLK (rise edge)                       30.00     30.00
  clock network delay (ideal)                      1.00     31.00
  u_core/rvx_tightly_coupled_memory_instance/port0_rdata_reg[8]/clocked_on (*SEQGEN.1839103_000_2)
                                                   0.00     31.00 r
  clock uncertainty                               -1.00     30.00
  library setup time                              -0.00     30.00
  data required time                                        30.00
  ------------------------------------------------------------------------
  data required time                                        30.00
  data arrival time                                        -10.29
  ------------------------------------------------------------------------
  slack (MET)                                               19.71



  Startpoint: u_core/rvx_core_instance/rs1_data_s2_reg[1] (rising edge-triggered flip-flop clocked by RVX_CLK)
  Endpoint: u_core/rvx_tightly_coupled_memory_instance/port0_rdata_reg[9] (rising edge-triggered flip-flop clocked by RVX_CLK)
  Mode: functional
  Corner: corner_ss
  Scenario: functional_ss
  Path Group: RVX_CLK
  Path Type: max

  Point                                            Incr      Path  
  ------------------------------------------------------------------------
  clock RVX_CLK (rise edge)                        0.00      0.00
  clock network delay (ideal)                      1.00      1.00

  u_core/rvx_core_instance/rs1_data_s2_reg[1]/clocked_on (*SEQGEN.1839103_000_2)
                                                   0.00      1.00 r
  u_core/rvx_core_instance/rs1_data_s2_reg[1]/Q (*SEQGEN.1839103_000_2)
                                                   0.00      1.00 f ~
  u_core/rvx_core_instance/gen_rvx_core_mdu.rvx_core_mdu_instance/mult_23/U0/U_118/Y (XOR2X1_RVT)
                                                   0.11      1.11 r
  u_core/rvx_core_instance/gen_rvx_core_mdu.rvx_core_mdu_instance/mult_23/U0/U_1231/Y (NAND2X0_RVT)
                                                   0.31      1.42 f
  u_core/rvx_core_instance/gen_rvx_core_mdu.rvx_core_mdu_instance/mult_23/U0/U_193/Y (OAI21X1_RVT)
                                                   0.25      1.68 r
  u_core/rvx_core_instance/gen_rvx_core_mdu.rvx_core_mdu_instance/mult_23/U0/U_194/Y (XOR2X1_RVT)
                                                   0.08      1.76 r
  u_core/rvx_core_instance/gen_rvx_core_mdu.rvx_core_mdu_instance/mult_23/U0/U_1708/C1 (HADDX1_RVT)
                                                   0.06      1.82 r
  u_core/rvx_core_instance/gen_rvx_core_mdu.rvx_core_mdu_instance/mult_23/U0/U_1710/C1 (HADDX1_RVT)
                                                   0.06      1.88 r
  u_core/rvx_core_instance/gen_rvx_core_mdu.rvx_core_mdu_instance/mult_23/U0/U_1713/C1 (HADDX1_RVT)
                                                   0.07      1.95 r
  u_core/rvx_core_instance/gen_rvx_core_mdu.rvx_core_mdu_instance/mult_23/U0/U_1715/CO (FADDX1_RVT)
                                                   0.09      2.04 r
  u_core/rvx_core_instance/gen_rvx_core_mdu.rvx_core_mdu_instance/mult_23/U0/U_1718/CO (FADDX1_RVT)
                                                   0.10      2.14 r
  u_core/rvx_core_instance/gen_rvx_core_mdu.rvx_core_mdu_instance/mult_23/U0/U_1720/CO (FADDX1_RVT)
                                                   0.10      2.23 r
  u_core/rvx_core_instance/gen_rvx_core_mdu.rvx_core_mdu_instance/mult_23/U0/U_1723/CO (FADDX1_RVT)
                                                   0.10      2.33 r
  u_core/rvx_core_instance/gen_rvx_core_mdu.rvx_core_mdu_instance/mult_23/U0/U_1725/CO (FADDX1_RVT)
                                                   0.10      2.43 r
  u_core/rvx_core_instance/gen_rvx_core_mdu.rvx_core_mdu_instance/mult_23/U0/U_1728/CO (FADDX1_RVT)
                                                   0.10      2.52 r
  u_core/rvx_core_instance/gen_rvx_core_mdu.rvx_core_mdu_instance/mult_23/U0/U_1730/CO (FADDX1_RVT)
                                                   0.10      2.62 r
  u_core/rvx_core_instance/gen_rvx_core_mdu.rvx_core_mdu_instance/mult_23/U0/U_1733/CO (FADDX1_RVT)
                                                   0.10      2.71 r
  u_core/rvx_core_instance/gen_rvx_core_mdu.rvx_core_mdu_instance/mult_23/U0/U_1735/CO (FADDX1_RVT)
                                                   0.10      2.81 r
  u_core/rvx_core_instance/gen_rvx_core_mdu.rvx_core_mdu_instance/mult_23/U0/U_1738/CO (FADDX1_RVT)
                                                   0.10      2.90 r
  u_core/rvx_core_instance/gen_rvx_core_mdu.rvx_core_mdu_instance/mult_23/U0/U_1740/CO (FADDX1_RVT)
                                                   0.10      3.00 r
  u_core/rvx_core_instance/gen_rvx_core_mdu.rvx_core_mdu_instance/mult_23/U0/U_1743/CO (FADDX1_RVT)
                                                   0.10      3.10 r
  u_core/rvx_core_instance/gen_rvx_core_mdu.rvx_core_mdu_instance/mult_23/U0/U_1745/CO (FADDX1_RVT)
                                                   0.10      3.19 r
  u_core/rvx_core_instance/gen_rvx_core_mdu.rvx_core_mdu_instance/mult_23/U0/U_1748/CO (FADDX1_RVT)
                                                   0.10      3.29 r
  u_core/rvx_core_instance/gen_rvx_core_mdu.rvx_core_mdu_instance/mult_23/U0/U_1750/CO (FADDX1_RVT)
                                                   0.10      3.38 r
  u_core/rvx_core_instance/gen_rvx_core_mdu.rvx_core_mdu_instance/mult_23/U0/U_1753/CO (FADDX1_RVT)
                                                   0.10      3.48 r
  u_core/rvx_core_instance/gen_rvx_core_mdu.rvx_core_mdu_instance/mult_23/U0/U_1755/CO (FADDX1_RVT)
                                                   0.10      3.57 r
  u_core/rvx_core_instance/gen_rvx_core_mdu.rvx_core_mdu_instance/mult_23/U0/U_1758/CO (FADDX1_RVT)
                                                   0.10      3.67 r
  u_core/rvx_core_instance/gen_rvx_core_mdu.rvx_core_mdu_instance/mult_23/U0/U_1760/CO (FADDX1_RVT)
                                                   0.10      3.77 r
  u_core/rvx_core_instance/gen_rvx_core_mdu.rvx_core_mdu_instance/mult_23/U0/U_1763/CO (FADDX1_RVT)
                                                   0.10      3.86 r
  u_core/rvx_core_instance/gen_rvx_core_mdu.rvx_core_mdu_instance/mult_23/U0/U_1765/CO (FADDX1_RVT)
                                                   0.10      3.96 r
  u_core/rvx_core_instance/gen_rvx_core_mdu.rvx_core_mdu_instance/mult_23/U0/U_1768/CO (FADDX1_RVT)
                                                   0.10      4.05 r
  u_core/rvx_core_instance/gen_rvx_core_mdu.rvx_core_mdu_instance/mult_23/U0/U_1770/CO (FADDX1_RVT)
                                                   0.10      4.15 r
  u_core/rvx_core_instance/gen_rvx_core_mdu.rvx_core_mdu_instance/mult_23/U0/U_1773/CO (FADDX1_RVT)
                                                   0.10      4.25 r
  u_core/rvx_core_instance/gen_rvx_core_mdu.rvx_core_mdu_instance/mult_23/U0/U_1775/CO (FADDX1_RVT)
                                                   0.10      4.34 r
  u_core/rvx_core_instance/gen_rvx_core_mdu.rvx_core_mdu_instance/mult_23/U0/U_1778/CO (FADDX1_RVT)
                                                   0.10      4.44 r
  u_core/rvx_core_instance/gen_rvx_core_mdu.rvx_core_mdu_instance/mult_23/U0/U_1780/CO (FADDX1_RVT)
                                                   0.10      4.53 r
  u_core/rvx_core_instance/gen_rvx_core_mdu.rvx_core_mdu_instance/mult_23/U0/U_1783/CO (FADDX1_RVT)
                                                   0.10      4.63 r
  u_core/rvx_core_instance/gen_rvx_core_mdu.rvx_core_mdu_instance/mult_23/U0/U_1785/CO (FADDX1_RVT)
                                                   0.10      4.72 r
  u_core/rvx_core_instance/gen_rvx_core_mdu.rvx_core_mdu_instance/mult_23/U0/U_1788/CO (FADDX1_RVT)
                                                   0.10      4.82 r
  u_core/rvx_core_instance/gen_rvx_core_mdu.rvx_core_mdu_instance/mult_23/U0/U_1790/CO (FADDX1_RVT)
                                                   0.10      4.92 r
  u_core/rvx_core_instance/gen_rvx_core_mdu.rvx_core_mdu_instance/mult_23/U0/U_1793/CO (FADDX1_RVT)
                                                   0.10      5.01 r
  u_core/rvx_core_instance/gen_rvx_core_mdu.rvx_core_mdu_instance/mult_23/U0/U_1795/CO (FADDX1_RVT)
                                                   0.10      5.11 r
  u_core/rvx_core_instance/gen_rvx_core_mdu.rvx_core_mdu_instance/mult_23/U0/U_1798/CO (FADDX1_RVT)
                                                   0.10      5.20 r
  u_core/rvx_core_instance/gen_rvx_core_mdu.rvx_core_mdu_instance/mult_23/U0/U_1800/CO (FADDX1_RVT)
                                                   0.10      5.30 r
  u_core/rvx_core_instance/gen_rvx_core_mdu.rvx_core_mdu_instance/mult_23/U0/U_1803/CO (FADDX1_RVT)
                                                   0.10      5.39 r
  u_core/rvx_core_instance/gen_rvx_core_mdu.rvx_core_mdu_instance/mult_23/U0/U_1805/CO (FADDX1_RVT)
                                                   0.10      5.49 r
  u_core/rvx_core_instance/gen_rvx_core_mdu.rvx_core_mdu_instance/mult_23/U0/U_1808/CO (FADDX1_RVT)
                                                   0.10      5.59 r
  u_core/rvx_core_instance/gen_rvx_core_mdu.rvx_core_mdu_instance/mult_23/U0/U_1810/CO (FADDX1_RVT)
                                                   0.10      5.68 r
  u_core/rvx_core_instance/gen_rvx_core_mdu.rvx_core_mdu_instance/mult_23/U0/U_1813/CO (FADDX1_RVT)
                                                   0.10      5.78 r
  u_core/rvx_core_instance/gen_rvx_core_mdu.rvx_core_mdu_instance/mult_23/U0/U_1815/CO (FADDX1_RVT)
                                                   0.10      5.87 r
  u_core/rvx_core_instance/gen_rvx_core_mdu.rvx_core_mdu_instance/mult_23/U0/U_1818/CO (FADDX1_RVT)
                                                   0.10      5.97 r
  u_core/rvx_core_instance/gen_rvx_core_mdu.rvx_core_mdu_instance/mult_23/U0/U_1820/CO (FADDX1_RVT)
                                                   0.10      6.06 r
  u_core/rvx_core_instance/gen_rvx_core_mdu.rvx_core_mdu_instance/mult_23/U0/U_1823/CO (FADDX1_RVT)
                                                   0.10      6.16 r
  u_core/rvx_core_instance/gen_rvx_core_mdu.rvx_core_mdu_instance/mult_23/U0/U_1825/CO (FADDX1_RVT)
                                                   0.10      6.26 r
  u_core/rvx_core_instance/gen_rvx_core_mdu.rvx_core_mdu_instance/mult_23/U0/U_1828/CO (FADDX1_RVT)
                                                   0.10      6.35 r
  u_core/rvx_core_instance/gen_rvx_core_mdu.rvx_core_mdu_instance/mult_23/U0/U_1830/CO (FADDX1_RVT)
                                                   0.10      6.45 r
  u_core/rvx_core_instance/gen_rvx_core_mdu.rvx_core_mdu_instance/mult_23/U0/U_1833/CO (FADDX1_RVT)
                                                   0.10      6.54 r
  u_core/rvx_core_instance/gen_rvx_core_mdu.rvx_core_mdu_instance/mult_23/U0/U_1835/CO (FADDX1_RVT)
                                                   0.10      6.64 r
  u_core/rvx_core_instance/gen_rvx_core_mdu.rvx_core_mdu_instance/mult_23/U0/U_1838/CO (FADDX1_RVT)
                                                   0.10      6.73 r
  u_core/rvx_core_instance/gen_rvx_core_mdu.rvx_core_mdu_instance/mult_23/U0/U_1840/CO (FADDX1_RVT)
                                                   0.10      6.83 r
  u_core/rvx_core_instance/gen_rvx_core_mdu.rvx_core_mdu_instance/mult_23/U0/U_1843/CO (FADDX1_RVT)
                                                   0.10      6.93 r
  u_core/rvx_core_instance/gen_rvx_core_mdu.rvx_core_mdu_instance/mult_23/U0/U_1845/CO (FADDX1_RVT)
                                                   0.10      7.02 r
  u_core/rvx_core_instance/gen_rvx_core_mdu.rvx_core_mdu_instance/mult_23/U0/U_1848/CO (FADDX1_RVT)
                                                   0.10      7.12 r
  u_core/rvx_core_instance/gen_rvx_core_mdu.rvx_core_mdu_instance/mult_23/U0/U_1850/CO (FADDX1_RVT)
                                                   0.10      7.21 r
  u_core/rvx_core_instance/gen_rvx_core_mdu.rvx_core_mdu_instance/mult_23/U0/U_1853/CO (FADDX1_RVT)
                                                   0.10      7.31 r
  u_core/rvx_core_instance/gen_rvx_core_mdu.rvx_core_mdu_instance/mult_23/U0/U_1855/CO (FADDX1_RVT)
                                                   0.10      7.41 r
  u_core/rvx_core_instance/gen_rvx_core_mdu.rvx_core_mdu_instance/mult_23/U0/U_1858/CO (FADDX1_RVT)
                                                   0.10      7.50 r
  u_core/rvx_core_instance/gen_rvx_core_mdu.rvx_core_mdu_instance/mult_23/U0/U_1860/CO (FADDX1_RVT)
                                                   0.10      7.60 r
  u_core/rvx_core_instance/gen_rvx_core_mdu.rvx_core_mdu_instance/mult_23/U0/U_1863/CO (FADDX1_RVT)
                                                   0.10      7.69 r
  u_core/rvx_core_instance/gen_rvx_core_mdu.rvx_core_mdu_instance/mult_23/U0/U_1865/S (FADDX1_RVT)
                                                   0.14      7.83 f
  u_core/rvx_core_instance/gen_rvx_core_mdu.rvx_core_mdu_instance/C91/Z[31] (*SELECT_OP.4_32_4_1_32_33)
                                                   0.00      7.83 f ~
  u_core/rvx_core_instance/gen_rvx_core_mdu.rvx_core_mdu_instance/C92/Z[31] (*SELECT_OP.2_32_2_1_32_33)
                                                   0.00      7.83 f ~
  u_core/rvx_core_instance/C603/Z[31] (*SELECT_OP.8_32_8_1_32_33)
                                                   0.00      7.83 f ~
  u_core/rvx_core_instance/rvx_core_integer_file_instance/C2470/Z[31] (*SELECT_OP.2_32_2_1_32_33)
                                                   0.00      7.83 f ~
  u_core/rvx_core_instance/rvx_core_integer_file_instance/C2473/Z[31] (*SELECT_OP.2_32_2_1_32_33)
                                                   0.00      7.83 f ~
  u_core/rvx_core_instance/rvx_core_branch_instance/eq_26/U0/U_0/Y (XOR2X1_RVT)
                                                   0.08      7.91 f
  u_core/rvx_core_instance/rvx_core_branch_instance/eq_26/U0/U_35/Y (OAI22X1_RVT)
                                                   0.10      8.02 r
  u_core/rvx_core_instance/rvx_core_branch_instance/eq_26/U0/U_76/Y (NOR2X1_RVT)
                                                   0.07      8.09 f
  u_core/rvx_core_instance/rvx_core_branch_instance/eq_26/U0/U_89/Y (NAND2X0_RVT)
                                                   0.04      8.12 r
  u_core/rvx_core_instance/rvx_core_branch_instance/eq_26/U0/U_102/Y (NOR2X1_RVT)
                                                   0.07      8.19 f
  u_core/rvx_core_instance/rvx_core_branch_instance/eq_26/U0/U_115/Y (NAND2X0_RVT)
                                                   0.04      8.23 r
  u_core/rvx_core_instance/rvx_core_branch_instance/eq_26/U0/U_128/Y (NOR2X1_RVT)
                                                   0.07      8.30 f
  u_core/rvx_core_instance/rvx_core_branch_instance/eq_26/U0/U_141/Y (NAND2X0_RVT)
                                                   0.04      8.34 r
  u_core/rvx_core_instance/rvx_core_branch_instance/eq_26/U0/U_154/Y (NOR2X1_RVT)
                                                   0.07      8.41 f
  u_core/rvx_core_instance/rvx_core_branch_instance/eq_26/U0/U_167/Y (NAND2X0_RVT)
                                                   0.04      8.44 r
  u_core/rvx_core_instance/rvx_core_branch_instance/eq_26/U0/U_180/Y (NOR2X1_RVT)
                                                   0.07      8.51 f
  u_core/rvx_core_instance/rvx_core_branch_instance/eq_26/U0/U_193/Y (NAND2X0_RVT)
                                                   0.04      8.55 r
  u_core/rvx_core_instance/rvx_core_branch_instance/eq_26/U0/U_206/Y (NOR2X1_RVT)
                                                   0.07      8.62 f
  u_core/rvx_core_instance/rvx_core_branch_instance/eq_26/U0/U_219/Y (NAND2X0_RVT)
                                                   0.04      8.66 r
  u_core/rvx_core_instance/rvx_core_branch_instance/eq_26/U0/U_232/Y (NOR2X1_RVT)
                                                   0.07      8.73 f
  u_core/rvx_core_instance/rvx_core_branch_instance/eq_26/U0/U_245/Y (NAND2X0_RVT)
                                                   0.04      8.76 r
  u_core/rvx_core_instance/rvx_core_branch_instance/eq_26/U0/U_258/Y (NOR2X1_RVT)
                                                   0.07      8.84 f
  u_core/rvx_core_instance/rvx_core_branch_instance/eq_26/U0/U_2670/Y (AND2X1_RVT)
                                                   0.06      8.89 f
  u_core/rvx_core_instance/rvx_core_branch_instance/C74/Z[0] (*SELECT_OP.7_1_7_1_1_33)
                                                   0.00      8.89 f ~
  u_core/rvx_core_instance/rvx_core_branch_instance/C73/Z[0] (*SELECT_OP.3_1_3_1_1_33)
                                                   0.00      8.89 f ~
  u_core/rvx_core_instance/rvx_core_address_gen_instance/I_5/Z (WVGTECH_NOT)
                                                   0.00      8.89 r ~
  u_core/rvx_core_instance/rvx_core_address_gen_instance/C92/Z[10] (*SELECT_OP.2_32_2_1_32_33)
                                                   0.00      8.89 r ~
  u_core/rvx_core_instance/rvx_core_pc_gen_instance/C69/Z[10] (*SELECT_OP.5_32_5_1_32_33)
                                                   0.00      8.89 r ~
  u_core/rvx_core_instance/rvx_core_bus_controller_instance/C515/Z[10] (*SELECT_OP.3_32_3_1_32_33)
                                                   0.00      8.89 r ~
  u_core/rvx_tightly_coupled_memory_instance/gte_53/U0/U_110/Y (OAI22X1_RVT)
                                                   0.09      8.98 f
  u_core/rvx_tightly_coupled_memory_instance/gte_53/U0/U_112/Y (OAI21X1_RVT)
                                                   0.13      9.10 r
  u_core/rvx_tightly_coupled_memory_instance/gte_53/U0/U_128/Y (AOI21X1_RVT)
                                                   0.10      9.21 f
  u_core/rvx_tightly_coupled_memory_instance/gte_53/U0/U_142/Y (OAI21X1_RVT)
                                                   0.12      9.33 r
  u_core/rvx_tightly_coupled_memory_instance/gte_53/U0/U_158/Y (AOI21X1_RVT)
                                                   0.10      9.43 f
  u_core/rvx_tightly_coupled_memory_instance/gte_53/U0/U_172/Y (OAI21X1_RVT)
                                                   0.12      9.55 r
  u_core/rvx_tightly_coupled_memory_instance/gte_53/U0/U_188/Y (AOI21X1_RVT)
                                                   0.10      9.65 f
  u_core/rvx_tightly_coupled_memory_instance/gte_53/U0/U_202/Y (OAI21X1_RVT)
                                                   0.12      9.77 r
  u_core/rvx_tightly_coupled_memory_instance/gte_53/U0/U_218/Y (AOI21X1_RVT)
                                                   0.10      9.88 f
  u_core/rvx_tightly_coupled_memory_instance/gte_53/U0/U_232/Y (OAI21X1_RVT)
                                                   0.12      9.99 r
  u_core/rvx_tightly_coupled_memory_instance/gte_53/U0/U_248/Y (AOI21X1_RVT)
                                                   0.10     10.10 f
  u_core/rvx_tightly_coupled_memory_instance/gte_53/U0/U_262/Y (OAI21X1_RVT)
                                                   0.12     10.22 r
  u_core/rvx_tightly_coupled_memory_instance/gte_53/U0/U_273/Y (OA21X1_RVT)
                                                   0.06     10.29 r
  u_core/rvx_tightly_coupled_memory_instance/C36486/Z (WVGTECH_OR2)
                                                   0.00     10.29 r ~
  u_core/rvx_tightly_coupled_memory_instance/I_40/Z (WVGTECH_NOT)
                                                   0.00     10.29 f ~
  u_core/rvx_tightly_coupled_memory_instance/C36529/Z (WVGTECH_AND2)
                                                   0.00     10.29 f ~
  u_core/rvx_tightly_coupled_memory_instance/C37573/Z (WVGTECH_AND2)
                                                   0.00     10.29 f ~
  u_core/rvx_tightly_coupled_memory_instance/C36443/Z[9] (*SELECT_OP.3_32_3_1_32_33)
                                                   0.00     10.29 f ~
  u_core/rvx_tightly_coupled_memory_instance/port0_rdata_reg[9]/next_state (*SEQGEN.1839103_000_2)
                                                   0.00     10.29 f
  data arrival time                                         10.29

  clock RVX_CLK (rise edge)                       30.00     30.00
  clock network delay (ideal)                      1.00     31.00
  u_core/rvx_tightly_coupled_memory_instance/port0_rdata_reg[9]/clocked_on (*SEQGEN.1839103_000_2)
                                                   0.00     31.00 r
  clock uncertainty                               -1.00     30.00
  library setup time                              -0.00     30.00
  data required time                                        30.00
  ------------------------------------------------------------------------
  data required time                                        30.00
  data arrival time                                        -10.29
  ------------------------------------------------------------------------
  slack (MET)                                               19.71


1
